trial,condition,n_on_edges,onset_ms,last_ms,span_ms,has_blip
1,amp180_freq5,9,172.90000000002692,2375.7499999999254,2202.8499999998985,True
2,amp250_freq5,8,149.1000000000895,2352.000000000089,2202.8999999999996,True
3,amp180_freq5,2,171.100000000024,963.649999999916,792.549999999892,True
4,amp250_freq5,0,,,,False
5,amp250_freq5,0,,,,False
6,amp250_freq26,9,180.90000000006512,1909.49999999998,1728.5999999999149,True
7,amp250_freq26,8,62.5,2099.999999999909,2037.499999999909,True
8,amp180_freq26,5,59.5499999999447,1448.0499999999665,1388.5000000000218,True
9,amp250_freq5,2,246.90000000009604,446.59999999998945,199.6999999998934,True
10,amp250_freq26,13,131.59999999993488,2200.29999999997,2068.7000000000353,True
11,amp180_freq5,4,401.14999999991596,1795.9000000000742,1394.7500000001583,True
12,amp100_freq5,1,984.7999999999502,984.7999999999502,0.0,True
13,amp100_freq5,3,189.3000000000029,1789.9500000000899,1600.650000000087,True
14,amp100_freq26,5,230.0000000000182,1768.25000000008,1538.2500000000618,True
15,amp100_freq26,5,189.5999999999276,2189.6500000000287,2000.0500000001011,True
16,amp180_freq26,10,33.75000000005457,2417.599999999993,2383.8499999999385,True
17,amp180_freq5,5,501.95000000007894,1506.650000000036,1004.6999999999571,True
18,amp100_freq5,3,1094.9000000000524,2296.199999999999,1201.2999999999465,True
19,amp250_freq26,11,59.15000000004511,1943.8000000000102,1884.649999999965,True
20,amp180_freq26,10,18.749999999954525,2402.599999999893,2383.8499999999385,True
21,amp100_freq5,4,209.25000000011096,2443.2999999999083,2234.0499999997974,True
22,amp250_freq5,3,397.6500000001124,1467.9000000000997,1070.2499999999873,True
23,amp180_freq5,6,819.0500000000611,2444.7000000000116,1625.6499999999505,True
24,amp100_freq5,9,273.1499999999869,1873.8499999999476,1600.6999999999607,True
25,amp250_freq26,31,83.00000000008367,2354.4999999999163,2271.4999999998327,True
26,amp100_freq5,3,332.75000000003274,1933.4499999999935,1600.6999999999607,True
27,amp100_freq5,3,332.9000000001088,2332.9499999999825,2000.0499999998738,True
28,amp180_freq26,9,46.00000000004911,2426.7500000000837,2380.7500000000346,True
29,amp100_freq5,1,726.4000000000124,726.4000000000124,0.0,True
30,amp180_freq26,7,726.5500000000884,2264.799999999923,1538.2499999998345,True
31,amp100_freq5,0,,,,False
32,amp100_freq26,4,299.40000000010514,2299.449999999979,2000.0499999998738,True
33,amp180_freq26,15,143.4999999999036,2299.600000000055,2156.1000000001513,True
34,amp100_freq5,2,630.4500000001099,1435.4499999999462,804.9999999998363,True
35,amp250_freq5,6,218.69999999989886,2418.4499999998934,2199.7499999999945,True
36,amp180_freq26,22,12.950000000046202,2396.7999999999847,2383.8499999999385,True
37,amp180_freq26,19,128.54999999990468,2356.399999999894,2227.8499999999894,True
38,amp250_freq5,6,334.65000000001055,2334.7000000001117,2000.0500000001011,True
39,amp100_freq26,8,269.2500000000564,2269.29999999993,2000.0499999998738,True
40,amp180_freq26,20,113.39999999995598,2450.450000000046,2337.05000000009,True
41,amp180_freq26,16,188.4500000001026,2263.400000000047,2074.9499999999443,True
42,amp180_freq26,14,378.95000000003165,2222.9999999999563,1844.0499999999247,True
43,amp100_freq5,2,2401.0000000000673,2450.900000000047,49.89999999997963,True
44,amp180_freq26,21,327.2500000000491,2327.299999999923,2000.0499999998738,True
45,amp180_freq5,3,1182.3500000000422,1987.3500000001059,805.0000000000637,True
46,amp100_freq5,7,131.0000000000855,2436.8500000000495,2305.849999999964,True
47,amp100_freq5,5,436.9500000000244,2371.4500000000953,1934.500000000071,True
48,amp100_freq5,5,34.59999999995489,2437.149999999974,2402.5500000000193,True
49,amp100_freq5,9,137.69999999999527,2134.649999999965,1996.9499999999698,True
50,amp250_freq5,5,31.750000000101863,1563.799999999901,1532.0499999997992,True
51,amp180_freq26,19,122.39999999997053,2393.9000000000306,2271.50000000006,True
52,amp250_freq5,10,153.74999999994543,2353.49999999994,2199.7499999999945,True
53,amp180_freq5,5,97.74999999990541,2107.150000000047,2009.4000000001415,True
54,amp250_freq5,7,491.0500000000866,1686.0999999998967,1195.04999999981,True
55,amp250_freq26,50,73.10000000006767,2413.250000000062,2340.149999999994,True
56,amp180_freq26,23,107.54999999994652,2460.199999999986,2352.6500000000397,True
57,amp100_freq5,11,210.70000000008804,2279.350000000022,2068.649999999934,True
58,amp100_freq26,7,251.40000000010332,2248.299999999972,1996.8999999998687,True
59,amp100_freq5,7,335.80000000006294,1936.4499999999225,1600.6499999998596,True
60,amp180_freq5,7,557.4999999998909,1752.5000000000546,1195.0000000001637,True
61,amp180_freq26,25,42.799999999942884,2439.100000000053,2396.3000000001102,True
62,amp250_freq5,7,258.25000000008913,1855.8000000000447,1597.5499999999556,True
63,amp180_freq5,8,81.59999999998035,2281.349999999975,2199.7499999999945,True
64,amp100_freq26,9,222.15000000005602,2237.8000000001066,2015.6500000000506,True
65,amp250_freq5,4,381.4500000000862,2381.49999999996,2000.0499999998738,True
66,amp180_freq5,8,5.100000000084037,2058.1500000000688,2053.0499999999847,True
67,amp250_freq5,3,186.20000000009895,1983.449999999948,1797.249999999849,True
68,amp100_freq26,7,55.29999999998836,2361.1499999999523,2305.849999999964,True
69,amp100_freq26,9,18.000000000029104,2030.5499999999483,2012.5499999999192,True
70,amp250_freq5,9,167.95000000001892,2167.9999999998927,2000.0499999998738,True
71,amp100_freq26,10,271.0500000000593,2274.249999999938,2003.1999999998789,True
72,amp250_freq26,49,10.150000000066939,2425.1999999999043,2415.0499999998374,True
73,amp250_freq5,6,1217.7999999998974,2415.99999999994,1198.2000000000426,True
74,amp100_freq26,10,412.9499999999098,2425.5000000000564,2012.5500000001466,True
75,amp180_freq26,24,141.65000000002692,2369.5000000000164,2227.8499999999894,True
76,amp100_freq26,8,60.69999999999709,2216.7500000000473,2156.05000000005,True
77,amp100_freq26,14,20.250000000032742,2201.2999999999465,2181.049999999914,True
78,amp180_freq5,10,138.99999999989632,2341.850000000022,2202.850000000126,True
79,amp100_freq26,7,235.85000000002765,1945.7500000000891,1709.9000000000615,True
80,amp180_freq26,18,3.0500000000301952,2386.8999999999687,2383.8499999999385,True
81,amp250_freq5,5,430.69999999988795,1903.3999999999196,1472.7000000000317,True
82,amp180_freq26,19,3.349999999954889,2462.05000000009,2458.7000000001353,True
83,amp100_freq5,5,231.29999999991924,1036.299999999983,805.0000000000637,True
84,amp180_freq5,2,843.0000000000746,1644.900000000007,801.8999999999323,True
85,amp250_freq5,5,291.89999999994143,2291.9500000000426,2000.0500000001011,True
86,amp180_freq26,17,67.39999999990687,2451.2500000000728,2383.850000000166,True
87,amp100_freq26,6,27.000000000043656,2027.0500000001448,2000.0500000001011,True
88,amp100_freq5,7,345.40000000015425,2345.4499999998006,2000.0499999996464,True
89,amp180_freq26,17,61.65000000009968,2330.0500000000284,2268.3999999999287,True
90,amp180_freq5,6,342.5999999999476,2398.8500000000386,2056.250000000091,True
91,amp180_freq26,25,65.0500000001557,2355.3000000001703,2290.2500000000146,True
92,amp100_freq26,5,317.95000000010987,2161.999999999807,1844.0499999996973,True
93,amp180_freq26,15,162.10000000000946,2318.200000000161,2156.1000000001513,True
94,amp250_freq5,3,831.0499999997774,2035.4499999998552,1204.4000000000779,True
95,amp100_freq5,3,247.69999999989523,1845.2499999998508,1597.5499999999556,True
96,amp100_freq26,5,572.3499999999149,2416.400000000067,1844.050000000152,True
97,amp250_freq5,4,432.09999999999127,1761.3000000001193,1329.200000000128,True
98,amp250_freq5,4,432.24999999983993,2432.299999999941,2000.0500000001011,True
99,amp100_freq5,4,1171.8999999998232,1973.8000000002103,801.9000000003871,True
100,amp250_freq5,2,1159.599999999955,1961.4999999998872,801.8999999999323,True
101,amp180_freq26,13,211.2000000001899,2364.1499999998814,2152.9499999996915,True
102,amp100_freq5,1,295.59999999992215,295.59999999992215,0.0,True
103,amp100_freq26,39,211.49999999988722,2774.249999999938,2562.750000000051,True
104,amp100_freq26,10,41.09999999991487,2471.7500000001564,2430.6500000002416,True
105,amp100_freq26,12,13.19999999986976,2471.900000000005,2458.7000000001353,True
106,amp180_freq26,19,13.350000000173168,2409.650000000056,2396.299999999883,True
107,amp250_freq5,11,239.19999999998254,2438.9500000002045,2199.750000000222,True
108,amp180_freq5,4,468.1500000001506,2468.199999999797,2000.0499999996464,True
109,amp250_freq5,6,1039.299999999912,2044.0499999999702,1004.7500000000582,True
110,amp100_freq26,7,421.6999999998734,2421.7499999999745,2000.0500000001011,True
111,amp250_freq5,9,169.1000000000713,1964.2499999999927,1795.1499999999214,True
112,amp250_freq5,4,167.19999999986612,1764.7499999998217,1597.5499999999556,True
113,amp100_freq5,4,139.25000000017462,1980.199999999968,1840.9499999997934,True
114,amp250_freq5,10,39.60000000006403,1964.7500000000946,1925.1500000000306,True
115,amp250_freq5,1,769.8500000001332,769.8500000001332,0.0,True
116,amp100_freq26,3,913.5500000002139,1677.9999999998836,764.4499999996697,True
117,amp100_freq5,3,299.0500000000793,1899.6999999999389,1600.6499999998596,True
118,amp250_freq26,8,96.39999999990323,2445.900000000165,2349.500000000262,True
119,amp250_freq26,9,99.70000000021173,2140.3000000000247,2040.599999999813,True
120,amp100_freq5,0,,,,False
121,amp250_freq5,1,1064.1500000001543,1064.1500000001543,0.0,True
122,amp100_freq26,3,128.25000000020736,1969.1499999998996,1840.8999999996922,True
123,amp250_freq5,4,789.9000000002161,1794.6000000001732,1004.6999999999571,True
124,amp180_freq26,10,150.39999999999054,2378.2500000002074,2227.850000000217,True
125,amp250_freq5,3,718.4499999998479,1523.450000000139,805.000000000291,True
126,amp100_freq5,3,1295.849999999973,2097.7499999999054,801.8999999999323,True
127,amp180_freq26,17,57.299999999941065,2481.699999999819,2424.3999999998778,True
128,amp100_freq5,2,1611.3000000000284,1851.549999999861,240.24999999983265,True
129,amp180_freq26,13,132.5000000001637,2360.2999999998246,2227.799999999661,True
130,amp250_freq5,4,825.3500000000713,1427.5499999998829,602.1999999998116,True
131,amp250_freq26,23,198.3500000001186,2460.5000000001382,2262.1500000000196,True
132,amp250_freq26,35,79.9499999998261,2473.149999999805,2393.199999999979,True
133,amp250_freq5,7,142.49999999992724,2342.250000000149,2199.750000000222,True
134,amp180_freq26,14,145.7500000001346,2370.4999999999927,2224.749999999858,True
135,amp180_freq5,10,289.45000000021537,2289.4999999998618,2000.0499999996464,True
136,amp250_freq26,34,25.450000000091677,2296.9499999999243,2271.4999999998327,True
137,amp100_freq26,11,334.4999999999345,2331.4500000001317,1996.9500000001972,True
138,amp180_freq5,5,69.44999999996071,1869.799999999941,1800.3499999999804,True
139,amp180_freq5,5,69.59999999980937,1869.9499999997897,1800.3499999999804,True
140,amp100_freq26,3,2129.1000000001077,2434.900000000198,305.8000000000902,True
141,amp250_freq26,13,119.8500000000422,2045.0000000000728,1925.1500000000306,True
142,amp250_freq26,12,4.550000000108412,2385.2999999999156,2380.749999999807,True
143,amp180_freq26,21,7.849999999962165,2161.8499999999585,2153.9999999999964,True
144,amp250_freq26,23,77.69999999982247,2458.3999999999833,2380.700000000161,True
145,amp180_freq5,3,349.2999999998574,2349.3499999999585,2000.0500000001011,True
146,amp180_freq5,4,549.199999999928,2349.5499999999083,1800.3499999999804,True
147,amp250_freq5,5,128.09999999990396,2327.850000000126,2199.750000000222,True
148,amp100_freq5,4,742.949999999837,2340.4999999997926,1597.5499999999556,True
149,amp180_freq26,11,147.14999999978318,1913.1999999999607,1766.0500000001775,True
150,amp180_freq5,7,88.0499999998392,2487.500000000182,2399.4500000003427,True
151,amp180_freq26,11,284.7999999999047,1897.950000000037,1613.1500000001324,True
152,amp250_freq26,24,100.84999999980937,2484.6999999999753,2383.850000000166,True
153,amp180_freq26,20,163.45000000001164,2163.500000000113,2000.0500000001011,True
154,amp180_freq5,5,987.3499999998785,1992.0499999998356,1004.6999999999571,True
155,amp100_freq26,6,578.7500000001273,1804.9999999998363,1226.249999999709,True
156,amp250_freq5,6,89.05000000004293,2288.79999999981,2199.749999999767,True
157,amp100_freq5,5,463.65000000014334,2064.300000000003,1600.6499999998596,True
158,amp100_freq5,5,700.9499999999207,1505.9500000002117,805.000000000291,True
159,amp100_freq26,7,560.6999999999971,2270.599999999831,1709.899999999834,True
160,amp180_freq26,14,99.04999999980646,2486.0499999999774,2387.000000000171,True
161,amp180_freq26,15,177.25000000018554,2249.0499999998974,2071.799999999712,True
162,amp100_freq5,7,12.049999999817373,2015.1999999998225,2003.150000000005,True
163,amp250_freq26,43,43.400000000019645,2467.7999999998974,2424.3999999998778,True
164,amp250_freq5,3,595.850000000155,1725.3500000001623,1129.5000000000073,True
165,amp250_freq5,4,596.0000000000036,1925.249999999778,1329.2499999997744,True
166,amp100_freq26,9,761.5500000001703,2499.499999999898,1737.9499999997279,True
167,amp180_freq26,17,456.99999999987995,2497.6000000001477,2040.6000000002678,True
168,amp180_freq5,5,469.65000000000146,1867.4999999998363,1397.8499999998348,True
169,amp250_freq26,27,20.500000000083674,2438.6500000000524,2418.1499999999687,True
170,amp100_freq26,8,14.400000000023283,2170.5000000001746,2156.1000000001513,True
171,amp250_freq26,29,161.25000000010914,2401.550000000043,2240.299999999934,True
172,amp100_freq5,4,763.6000000002241,2367.4000000000888,1603.7999999998647,True
173,amp180_freq5,4,567.1999999999571,1378.4500000001572,811.2500000002001,True
174,amp180_freq5,8,573.6000000001695,1965.2000000000953,1391.5999999999258,True
175,amp100_freq5,3,361.60000000018044,1166.6000000000167,804.9999999998363,True
176,amp180_freq26,19,539.600000000064,2496.0000000000946,1956.4000000000306,True
177,amp100_freq5,6,287.0499999999083,2496.1499999999432,2209.100000000035,True
178,amp250_freq5,7,675.1500000000306,2347.6000000000568,1672.4500000000262,True
179,amp100_freq26,6,909.349999999904,2447.599999999966,1538.2500000000618,True
180,amp250_freq26,30,104.49999999991633,2251.2000000001535,2146.700000000237,True
181,amp250_freq26,48,110.90000000012878,2478.099999999813,2367.199999999684,True
182,amp100_freq5,2,1189.6499999998014,1595.2499999998508,405.6000000000495,True
183,amp250_freq5,1,977.6499999998123,977.6499999998123,0.0,True
184,amp100_freq26,10,356.85000000012224,1662.1500000001106,1305.2999999999884,True
185,amp250_freq26,8,510.9499999998661,2080.449999999928,1569.5000000000618,True
186,amp180_freq26,9,43.09999999986758,2426.9500000000335,2383.850000000166,True
187,amp100_freq26,4,349.04999999980646,1887.2999999998683,1538.2500000000618,True
188,amp180_freq26,10,121.45000000009532,1887.499999999818,1766.0499999997228,True
189,amp100_freq5,0,,,,False
190,amp180_freq26,7,262.2000000001208,2299.70000000003,2037.499999999909,True
191,amp250_freq26,18,22.100000000136788,2483.9499999998225,2461.8499999996857,True
192,amp250_freq5,1,989.549999999781,989.549999999781,0.0,True
193,amp100_freq26,4,593.4499999998479,2434.349999999995,1840.900000000147,True
194,amp100_freq26,5,1014.850000000024,2393.999999999778,1379.149999999754,True
195,amp250_freq26,40,14.450000000124419,2810.199999999895,2795.749999999771,True
196,amp250_freq26,3,813.4000000000015,2351.7000000001644,1538.300000000163,True
197,amp250_freq5,1,1281.5999999997985,1281.5999999997985,0.0,True
198,amp250_freq5,1,2286.50000000016,2286.50000000016,0.0,True
199,amp100_freq5,1,1494.0999999998894,1494.0999999998894,0.0,True
200,amp100_freq26,2,1069.9500000000626,2146.400000000085,1076.4500000000226,True
201,amp250_freq5,1,1407.0999999999003,1407.0999999999003,0.0,True
202,amp180_freq5,2,31.25,230.95000000012078,199.70000000012078,True
203,amp180_freq26,3,568.0999999999585,1875.4500000000007,1307.3500000000422,True
204,amp100_freq5,1,1207.8999999998814,1207.8999999998814,0.0,True
205,amp180_freq5,2,1619.9499999997897,1819.6499999999105,199.70000000012078,True
206,amp100_freq26,3,518.7000000000808,824.4500000000698,305.7499999999891,True
207,amp100_freq26,2,1245.8499999997912,1405.0000000002,159.1500000004089,True
208,amp180_freq5,4,937.1000000001004,1938.7000000001535,1001.6000000000531,True
209,amp180_freq26,6,325.7499999999709,1864.0000000000327,1538.2500000000618,True
210,amp180_freq5,7,525.5999999999403,2506.9499999999607,1981.3500000000204,True
211,amp100_freq5,0,,,,False
212,amp180_freq26,7,11.10000000016953,2164.049999999861,2152.9499999996915,True
213,amp100_freq5,2,1502.7500000001055,2307.749999999942,804.9999999998363,True
214,amp250_freq26,14,154.95000000009895,2420.2500000001237,2265.3000000000247,True
215,amp250_freq5,3,20.9500000000844,1418.8500000000204,1397.899999999936,True
216,amp180_freq26,10,177.14999999998327,1946.3000000000648,1769.1500000000815,True
217,amp250_freq26,12,21.299999999882857,2217.950000000201,2196.650000000318,True
218,amp100_freq5,3,751.6000000000531,1157.2500000002037,405.6500000001506,True
219,amp250_freq5,1,539.600000000064,539.600000000064,0.0,True
220,amp250_freq5,0,,,,False
221,amp250_freq26,13,46.94999999992433,2508.8000000000648,2461.8500000001404,True
222,amp100_freq5,1,680.5500000000393,680.5500000000393,0.0,True
223,amp180_freq5,2,97.24999999980355,1491.950000000088,1394.7000000002845,True
224,amp100_freq26,9,303.3500000001368,2481.249999999818,2177.8999999996813,True
225,amp180_freq5,2,1270.7500000001346,1417.399999999816,146.6499999996813,True
226,amp250_freq5,3,66.55000000000655,1395.7500000001346,1329.200000000128,True
227,amp180_freq26,9,647.0500000000357,2347.6000000000568,1700.550000000021,True
228,amp100_freq5,2,793.9000000001215,2394.549999999981,1600.6499999998596,True
229,amp250_freq26,16,285.4499999998552,2475.8499999998094,2190.399999999954,True
230,amp180_freq5,4,788.0000000000109,1536.8499999999585,748.8499999999476,True
231,amp180_freq5,4,1134.5000000001164,1736.699999999928,602.1999999998116,True
232,amp100_freq5,1,722.8000000000065,722.8000000000065,0.0,True
233,amp250_freq26,15,3.250000000207365,2309.099999999944,2305.8499999997366,True
234,amp100_freq5,2,1245.300000000043,2106.4500000002226,861.1500000001797,True
235,amp180_freq26,4,530.9000000002015,2069.19999999991,1538.2999999997082,True
236,amp180_freq5,2,190.99999999980355,1588.8500000000931,1397.8500000002896,True
237,amp180_freq26,6,556.250000000091,2250.500000000102,1694.250000000011,True
238,amp250_freq5,2,494.0000000001419,693.6999999998079,199.69999999966603,True
239,amp100_freq26,3,7.399999999961437,2007.5000000001637,2000.1000000002023,True
240,amp100_freq5,1,831.3499999999294,831.3499999999294,0.0,True
241,amp100_freq26,4,834.6000000001368,2372.899999999845,1538.2999999997082,True
242,amp250_freq26,10,332.4499999998807,2217.0500000001994,1884.6000000003187,True
243,amp250_freq26,8,289.9499999998625,2059.150000000045,1769.2000000001826,True
244,amp250_freq5,2,311.99999999989814,2312.0499999999993,2000.0500000001011,True
245,amp180_freq26,5,752.100000000155,2290.350000000217,1538.2500000000618,True
246,amp100_freq26,11,212.50000000009095,2390.400000000227,2177.900000000136,True
247,amp100_freq26,6,172.099999999773,1866.349999999784,1694.250000000011,True
248,amp100_freq26,3,362.5999999999294,1442.199999999957,1079.6000000000276,True
249,amp180_freq5,1,1493.3500000001914,1493.3500000001914,0.0,True
250,amp180_freq26,8,14.549999999871943,2476.4000000000124,2461.8500000001404,True
251,amp250_freq26,7,205.05000000002838,2436.000000000149,2230.950000000121,True
252,amp100_freq26,2,741.8999999999869,2280.1500000000487,1538.2500000000618,True
253,amp100_freq26,2,701.5000000001237,1625.1000000002023,923.6000000000786,True
254,amp100_freq5,0,,,,False
255,amp180_freq5,2,1447.5499999998647,2049.750000000131,602.2000000002663,True
256,amp100_freq26,3,545.9999999998217,2084.2499999998836,1538.2500000000618,True
257,amp100_freq5,2,1285.649999999805,2424.550000000181,1138.9000000003762,True
258,amp180_freq5,1,1235.9000000001288,1235.9000000001288,0.0,True
259,amp180_freq5,7,41.049999999813735,1838.2999999998901,1797.2500000000764,True
260,amp180_freq5,4,38.100000000213186,2228.5000000001673,2190.399999999954,True
261,amp100_freq26,5,225.5000000000109,2225.550000000112,2000.0500000001011,True
262,amp100_freq5,3,753.0000000001564,1710.9000000000378,957.8999999998814,True
263,amp250_freq5,9,13.649999999870488,2013.6999999999716,2000.0500000001011,True
264,amp100_freq5,4,16.95000000017899,2419.499999999971,2402.549999999792,True
265,amp250_freq5,7,14.000000000123691,2213.749999999891,2199.749999999767,True
266,amp180_freq26,13,341.80000000014843,2404.2500000000473,2062.449999999899,True
267,amp100_freq5,6,682.0499999998901,2523.0000000001382,1840.950000000248,True
268,amp250_freq5,4,470.04999999990105,1471.6499999999542,1001.6000000000531,True
269,amp250_freq26,29,8.449999999811553,2504.6000000002095,2496.150000000398,True
270,amp250_freq5,4,395.5000000000837,2395.550000000185,2000.0500000001011,True
271,amp100_freq5,3,1213.2000000001426,2071.2499999999636,858.049999999821,True
272,amp250_freq26,28,33.89999999990323,2495.7500000000437,2461.8500000001404,True
273,amp100_freq26,10,71.50000000001455,2227.600000000166,2156.1000000001513,True
274,amp250_freq26,34,65.4500000000553,2418.0999999998676,2352.6499999998123,True
275,amp180_freq26,14,147.80000000018845,2300.74999999988,2152.9499999996915,True
276,amp100_freq5,9,66.85000000015862,2469.3999999999505,2402.549999999792,True
277,amp250_freq5,6,98.19999999990614,2297.950000000128,2199.750000000222,True
278,amp250_freq5,9,95.24999999985084,2298.0999999999767,2202.850000000126,True
279,amp180_freq26,9,14.299999999821011,2398.149999999987,2383.850000000166,True
280,amp100_freq26,9,245.35000000014406,2089.3999999998414,1844.0499999996973,True
281,amp180_freq5,3,236.15000000017972,2236.2499999999272,2000.0999999997475,True
282,amp180_freq26,11,49.14999999982683,2432.9999999999927,2383.850000000166,True
283,amp250_freq26,21,11.849999999867578,2520.5000000000837,2508.650000000216,True
284,amp250_freq26,22,2.6499999999032298,2470.7499999999527,2468.1000000000495,True
285,amp250_freq26,18,505.20000000005894,2505.25000000016,2000.0500000001011,True
286,amp180_freq5,5,190.20000000000437,2193.4000000001106,2003.2000000001062,True
287,amp100_freq26,3,580.3999999998268,2118.69999999999,1538.300000000163,True
288,amp250_freq26,25,3.349999999954889,2462.1000000001914,2458.7500000002365,True
289,amp100_freq26,6,540.1999999999134,1769.549999999981,1229.3500000000677,True
290,amp100_freq5,7,106.65000000017244,2499.8500000001513,2393.199999999979,True
291,amp100_freq5,4,343.9499999999498,2403.2999999999447,2059.349999999995,True
292,amp100_freq26,8,450.20000000022264,2465.900000000147,2015.6999999999243,True
293,amp250_freq26,32,63.50000000020373,2450.449999999819,2386.949999999615,True
294,amp180_freq5,9,72.9999999998654,2073.0499999999665,2000.0500000001011,True
295,amp250_freq26,38,138.69999999997162,2403.949999999895,2265.2499999999236,True
296,amp250_freq26,38,95.20000000020445,2407.2500000002037,2312.0499999999993,True
297,amp180_freq5,4,48.549999999977445,2048.6000000000786,2000.0500000001011,True
298,amp100_freq5,9,36.25000000010914,2042.5500000001193,2006.3000000000102,True
299,amp180_freq5,7,248.59999999989668,2448.3500000001186,2199.750000000222,True
300,amp100_freq5,4,36.599999999907595,2439.1500000001543,2402.5500000002467,True
301,amp100_freq26,4,239.549999999781,2083.599999999933,1844.050000000152,True
302,amp180_freq5,6,370.75000000004366,2370.849999999791,2000.0999999997475,True
303,amp100_freq5,0,,,,False
304,amp250_freq26,23,68.45000000021173,2374.2999999999483,2305.8499999997366,True
305,amp250_freq5,6,272.5000000000364,2472.200000000157,2199.700000000121,True
306,amp250_freq5,3,545.1499999999214,1874.3500000000495,1329.200000000128,True
307,amp100_freq26,6,18.000000000029104,2323.8500000002205,2305.8500000001914,True
308,amp250_freq26,31,11.95000000006985,2448.8000000001193,2436.8500000000495,True
309,amp100_freq5,7,49.55000000018117,1753.2000000001062,1703.649999999925,True
310,amp180_freq5,10,202.60000000007494,2405.499999999847,2202.8999999997723,True
311,amp180_freq26,11,193.4000000001106,2502.350000000206,2308.9500000000953,True
312,amp180_freq26,8,309.04999999984284,2461.999999999989,2152.9500000001462,True
313,amp250_freq26,35,72.05000000021755,2377.899999999954,2305.8499999997366,True
314,amp180_freq5,1,1698.8999999998668,1698.8999999998668,0.0,True
315,amp250_freq5,5,82.80000000013388,2282.549999999901,2199.749999999767,True
316,amp100_freq26,4,332.6000000001841,2176.6499999998814,1844.0499999996973,True
317,amp250_freq5,3,8.249999999861757,2407.7000000002045,2399.4500000003427,True
318,amp180_freq26,12,61.49999999979627,2448.449999999866,2386.95000000007,True
319,amp180_freq26,18,136.55000000017026,2523.4999999997854,2386.949999999615,True
320,amp180_freq26,13,211.6000000000895,2364.549999999781,2152.9499999996915,True
321,amp100_freq26,9,93.199999999797,2405.2999999998974,2312.1000000001004,True
322,amp250_freq26,38,18.500000000130967,2511.5500000001703,2493.0500000000393,True
323,amp100_freq26,5,243.35000000019136,2396.2499999997817,2152.8999999995904,True
324,amp100_freq26,7,202.9499999998734,2511.8999999999687,2308.9500000000953,True
325,amp100_freq5,1,2346.7000000000553,2346.7000000000553,0.0,True
326,amp100_freq5,3,746.2000000000444,1551.1999999998807,804.9999999998363,True
327,amp100_freq26,3,705.8000000001812,1932.0499999998901,1226.249999999709,True
328,amp250_freq26,25,122.49999999994543,2504.2499999999563,2381.750000000011,True
329,amp100_freq5,7,84.19999999978245,2084.2499999998836,2000.0500000001011,True
330,amp250_freq26,36,6.350000000111322,2543.0999999998676,2536.7499999997563,True
331,amp100_freq26,8,109.50000000002547,2125.1499999998487,2015.6499999998232,True
332,amp180_freq5,4,855.3999999999178,1504.399999999805,648.9999999998872,True
333,amp250_freq26,33,106.69999999981883,2403.200000000197,2296.5000000003783,True
334,amp250_freq26,30,50.69999999977881,2450.1500000001215,2399.4500000003427,True
335,amp100_freq5,9,122.64999999979409,2515.849999999773,2393.199999999979,True
336,amp180_freq5,12,26.1000000000422,2372.4999999999454,2346.3999999999032,True
337,amp250_freq26,18,155.24999999979627,2080.399999999827,1925.1500000000306,True
338,amp180_freq5,9,100.30000000006112,2300.0499999998283,2199.749999999767,True
339,amp100_freq5,4,353.2000000000153,2350.1000000001113,1996.900000000096,True
340,amp180_freq26,17,106.85000000012224,2272.3000000000866,2165.4499999999643,True
341,amp100_freq5,10,478.34999999986394,2475.24999999996,1996.900000000096,True
342,amp100_freq26,10,207.04999999998108,2070.850000000064,1863.800000000083,True
343,amp250_freq5,5,601.4000000000124,1930.6000000001404,1329.200000000128,True
344,amp100_freq5,8,342.5999999999476,2501.800000000003,2159.2000000000553,True
345,amp180_freq26,17,502.9500000000553,2272.100000000137,1769.1500000000815,True
346,amp180_freq5,8,481.29999999991924,2534.400000000005,2053.100000000086,True
347,amp100_freq5,13,69.59999999980937,2472.150000000056,2402.5500000002467,True
348,amp180_freq26,15,528.400000000147,2372.4499999998443,1844.0499999996973,True
349,amp180_freq26,20,385.04999999986467,2488.1000000000313,2103.0500000001666,True
350,amp100_freq26,11,254.1999999998552,2425.850000000082,2171.650000000227,True
351,amp100_freq5,12,42.19999999986612,2535.2499999999054,2493.0500000000393,True
352,amp250_freq5,13,39.249999999810825,2554.149999999936,2514.900000000125,True
353,amp250_freq26,36,45.65000000002328,2476.29999999981,2430.649999999787,True
354,amp250_freq5,4,292.3000000000684,2292.399999999816,2000.0999999997475,True
355,amp100_freq26,8,37.699999999858846,2499.5499999999993,2461.8500000001404,True
356,amp100_freq5,6,97.15000000005602,2200.1500000001215,2103.0000000000655,True
357,amp250_freq5,7,496.70000000014625,2496.7499999997926,2000.0499999996464,True
358,amp250_freq5,4,1024.199999999837,2028.899999999794,1004.6999999999571,True
359,amp180_freq26,19,63.34999999990032,2522.0500000000357,2458.7000000001353,True
360,amp180_freq26,18,22.950000000037107,2481.6500000001724,2458.7000000001353,True
361,amp100_freq26,9,101.0999999998603,2403.8500000001477,2302.7500000002874,True
362,amp180_freq26,22,96.10000000020591,2492.4000000000888,2396.299999999883,True
363,amp100_freq5,9,495.6499999998414,2495.6999999999425,2000.0500000001011,True
364,amp100_freq26,8,352.3000000000138,2352.350000000115,2000.0500000001011,True
365,amp100_freq5,12,62.300000000050204,2467.999999999847,2405.699999999797,True
366,amp250_freq26,33,31.25,2486.8999999998778,2455.6499999998778,True
367,amp100_freq26,7,568.0999999999585,2412.1500000001106,1844.050000000152,True
368,amp100_freq5,1,1179.8499999999876,1179.8499999999876,0.0,True
369,amp100_freq26,7,708.9000000000851,2552.9499999997824,1844.0499999996973,True
370,amp100_freq5,1,1105.3499999998166,1105.3499999998166,0.0,True
371,amp250_freq26,38,50.85000000008222,2475.24999999996,2424.3999999998778,True
372,amp100_freq26,4,628.2999999998538,1551.8499999998312,923.5499999999774,True
373,amp100_freq26,7,778.2000000001972,2488.1000000000313,1709.899999999834,True
374,amp250_freq5,3,934.400000000096,2063.9500000002045,1129.5500000001084,True
375,amp250_freq26,39,8.89999999981228,2505.0999999998567,2496.2000000000444,True
376,amp180_freq5,9,274.3000000000393,2527.099999999791,2252.799999999752,True
377,amp100_freq26,8,892.2999999999774,2446.150000000216,1553.8500000002387,True
378,amp100_freq26,8,81.20000000008076,2393.25000000008,2312.0499999999993,True
379,amp180_freq26,14,696.0500000000138,2468.2999999999993,1772.2499999999854,True
380,amp250_freq5,4,621.349999999893,2019.2000000001826,1397.8500000002896,True
381,amp250_freq5,5,19.29999999993015,2019.3500000000313,2000.0500000001011,True
382,amp180_freq26,15,540.5500000001666,2309.6999999997934,1769.1499999996267,True
383,amp100_freq5,7,422.1499999998741,2899.6000000001914,2477.4500000003172,True
384,amp250_freq26,52,63.50000000020373,2522.1999999998843,2458.6999999996806,True
385,amp180_freq26,31,24.15000000019063,2567.1000000002095,2542.950000000019,True
386,amp250_freq26,40,108.54999999992287,2557.8999999997905,2449.3499999998676,True
387,amp100_freq5,10,86.85000000014043,2389.599999999973,2302.7499999998327,True
388,amp180_freq5,8,337.70000000004075,2537.449999999808,2199.749999999767,True
389,amp180_freq26,22,88.249999999789,2547.0000000000255,2458.7500000002365,True
390,amp250_freq5,6,241.30000000013752,2441.0499999999047,2199.749999999767,True
391,amp100_freq26,12,122.89999999984502,2282.0999999999003,2159.2000000000553,True
392,amp250_freq26,42,7.650000000012369,2544.3500000001222,2536.70000000011,True
393,amp180_freq5,10,45.25000000012369,2248.099999999795,2202.849999999671,True
394,amp180_freq26,16,148.3499999999367,2535.3500000001077,2387.000000000171,True
395,amp180_freq5,9,21.65000000013606,2021.6999999997824,2000.0499999996464,True
396,amp180_freq26,9,221.5000000001055,2374.449999999797,2152.9499999996915,True
397,amp250_freq5,10,6.350000000111322,2511.8999999999687,2505.5499999998574,True
398,amp100_freq5,4,6.550000000061118,2109.5500000001266,2103.0000000000655,True
399,amp100_freq26,6,210.54999999978463,1748.7999999998465,1538.2500000000618,True
400,amp250_freq26,39,26.649999999790452,2525.9000000000924,2499.250000000302,True
401,amp180_freq26,17,14.299999999821011,2410.649999999805,2396.349999999984,True
402,amp250_freq26,35,48.800000000028376,2560.5500000001484,2511.75000000012,True
403,amp100_freq5,5,201.84999999992215,2501.4500000002045,2299.6000000002823,True
404,amp250_freq5,5,230.10000000022046,2429.8499999999876,2199.749999999767,True
405,amp100_freq5,7,39.949999999862484,2442.500000000109,2402.5500000002467,True
406,amp250_freq5,11,430.10000000003856,2430.1500000001397,2000.0500000001011,True
407,amp100_freq26,11,230.59999999986758,2577.0000000002256,2346.400000000358,True
408,amp100_freq5,8,37.299999999959255,2530.3499999999985,2493.0500000000393,True
409,amp100_freq5,8,127.9500000000553,2533.6499999998523,2405.699999999797,True
410,amp100_freq26,10,215.49999999979264,2527.549999999792,2312.0499999999993,True
411,amp100_freq26,14,175.09999999992942,2334.2499999998836,2159.149999999954,True
412,amp180_freq26,19,98.30000000010841,2556.999999999789,2458.6999999996806,True
413,amp180_freq5,7,139.0000000001237,2488.550000000032,2349.5499999999083,True
414,amp250_freq26,46,58.05000000009386,2529.2500000000473,2471.1999999999534,True
415,amp250_freq5,9,55.10000000003856,2123.7999999998465,2068.699999999808,True
416,amp250_freq26,35,121.79999999989377,2502.5500000001557,2380.750000000262,True
417,amp180_freq26,15,84.55000000003565,2465.2500000001965,2380.700000000161,True
418,amp250_freq26,25,38.950000000113505,2460.2500000000873,2421.299999999974,True
419,amp250_freq26,30,126.49999999985084,2535.3000000000065,2408.8000000001557,True
420,amp250_freq5,4,145.34999999978027,2145.3999999998814,2000.0500000001011,True
421,amp180_freq26,21,345.20000000020445,2573.0499999999665,2227.849999999762,True
422,amp250_freq26,35,199.7999999998683,2568.000000000211,2368.2000000003427,True
423,amp180_freq5,8,352.8500000002168,2574.45000000007,2221.599999999853,True
424,amp250_freq26,34,212.59999999983847,2518.45000000003,2305.8500000001914,True
425,amp250_freq26,39,31.800000000203,2415.649999999914,2383.849999999711,True
426,amp180_freq5,7,66.29999999995562,2468.8500000002023,2402.5500000002467,True
427,amp250_freq5,7,715.4499999996915,2515.8000000001266,1800.350000000435,True
428,amp100_freq26,7,44.75000000002183,2356.8500000001222,2312.1000000001004,True
429,amp180_freq5,8,197.849999999562,2400.7000000001426,2202.8500000005806,True
430,amp100_freq26,8,110.6499999996231,1954.649999999674,1844.000000000051,True
431,amp250_freq5,4,99.35000000041327,1497.1999999997934,1397.84999999938,True
432,amp100_freq26,8,183.75000000014552,2495.850000000246,2312.1000000001004,True
433,amp100_freq26,10,183.89999999999418,2489.749999999731,2305.8499999997366,True
434,amp180_freq26,25,28.04999999989377,2486.7999999996755,2458.7499999997817,True
435,amp100_freq26,9,149.9499999999898,2465.149999999994,2315.2000000000044,True
436,amp250_freq5,6,53.35000000013679,2053.399999999783,2000.0499999996464,True
437,amp100_freq26,14,240.74999999993452,2555.949999999939,2315.2000000000044,True
438,amp180_freq26,26,123.40000000040163,2585.2500000000873,2461.8499999996857,True
439,amp180_freq5,14,379.399999999805,2579.149999999572,2199.749999999767,True
440,amp180_freq5,12,189.25000000035652,2379.6000000002095,2190.349999999853,True
441,amp250_freq26,54,31.29999999964639,2577.400000000125,2546.1000000004788,True
442,amp180_freq26,16,31.450000000404543,2577.549999999974,2546.0999999995693,True
443,amp100_freq5,8,487.1999999995751,2559.0000000001965,2071.8000000006214,True
444,amp250_freq5,11,275.20000000004075,2478.049999999712,2202.849999999671,True
445,amp180_freq26,23,175.50000000028376,2568.699999999808,2393.199999999524,True
446,amp250_freq5,10,7.150000000365253,2403.5000000003492,2396.349999999984,True
447,amp180_freq26,23,19.800000000032014,2472.3000000003594,2452.5000000003274,True
448,amp180_freq5,6,411.0499999997046,2411.1000000002605,2000.0500000005559,True
449,amp250_freq26,40,39.89999999976135,2499.649999999747,2459.7499999999854,True
450,amp100_freq26,10,356.2499999998181,2499.7999999995955,2143.5499999997774,True
451,amp100_freq5,5,521.7499999998836,2524.94999999999,2003.2000000001062,True
452,amp180_freq5,5,340.94999999979336,2531.3500000002023,2190.400000000409,True
453,amp100_freq26,12,38.45000000001164,2344.2999999997483,2305.8499999997366,True
454,amp250_freq26,27,113.50000000038563,2584.700000000339,2471.1999999999534,True
455,amp250_freq5,5,157.350000000406,1686.2499999997453,1528.8999999993393,True
456,amp250_freq5,8,357.20000000037544,1889.2500000001746,1532.0499999997992,True
457,amp250_freq26,52,32.84999999959837,2569.5999999998094,2536.750000000211,True
458,amp180_freq5,4,900.4500000000917,1902.04999999969,1001.5999999995984,True
459,amp180_freq26,13,98.69999999955326,2289.099999999962,2190.400000000409,True
460,amp250_freq26,59,17.749999999978172,2529.4999999996435,2511.7499999996653,True
461,amp100_freq26,7,286.25000000010914,2295.6500000000233,2009.3999999999141,True
462,amp180_freq26,19,130.40000000000873,2514.1999999996187,2383.79999999961,True
463,amp100_freq5,4,143.0000000000291,2380.199999999604,2237.199999999575,True
464,amp250_freq26,26,50.59999999957654,2294.050000000425,2243.4500000008484,True
465,amp250_freq26,34,241.10000000018772,2596.849999999904,2355.7499999997162,True
466,amp180_freq26,22,16.599999999925785,2475.300000000061,2458.7000000001353,True
467,amp180_freq26,24,163.40000000036525,2594.0499999996973,2430.649999999332,True
468,amp100_freq5,10,1.299999999901047,2588.999999999942,2587.7000000000407,True
469,amp250_freq26,13,5.600000000413274,2270.900000000438,2265.3000000000247,True
470,amp180_freq5,4,136.8000000002212,1937.1499999997468,1800.3499999995256,True
471,amp180_freq5,3,136.95000000006985,2136.9999999997162,2000.0499999996464,True
472,amp180_freq26,9,121.50000000019645,2580.249999999978,2458.7499999997817,True
473,amp250_freq26,17,78.00000000042928,2156.0499999995955,2078.049999999166,True
474,amp100_freq5,1,2265.400000000227,2265.400000000227,0.0,True
475,amp180_freq5,5,914.4999999998618,1919.2000000002736,1004.7000000004118,True
476,amp250_freq26,19,78.44999999997526,2384.2500000000655,2305.80000000009,True
477,amp250_freq5,6,281.39999999984866,2481.149999999616,2199.749999999767,True
478,amp180_freq5,8,503.05000000025757,2503.099999999904,2000.0499999996464,True
479,amp180_freq5,9,103.79999999986467,2503.2499999997526,2399.449999999888,True
480,amp250_freq5,6,481.49999999986903,2481.550000000425,2000.0500000005559,True
481,amp100_freq5,8,893.500000000131,2497.2999999999956,1603.7999999998647,True
482,amp180_freq26,23,26.24999999989086,2569.19999999991,2542.950000000019,True
483,amp180_freq5,6,438.2500000001528,1633.3000000004176,1195.0500000002648,True
484,amp250_freq5,5,4.700000000411819,2004.7500000000582,2000.0499999996464,True
485,amp180_freq5,6,638.2499999999709,1833.3000000002357,1195.0500000002648,True
486,amp100_freq5,7,416.8499999996129,2420.049999999719,2003.2000000001062,True
487,amp180_freq26,14,591.7499999995925,2435.8000000001994,1844.0500000006068,True
488,amp100_freq26,7,357.85000000032596,2055.250000000342,1697.400000000016,True
489,amp100_freq5,4,1531.2000000003536,2595.1999999997497,1063.999999999396,True
490,amp180_freq5,7,342.5500000003012,2395.650000000387,2053.100000000086,True
491,amp180_freq26,13,461.25000000029104,2536.1999999995533,2074.949999999262,True
492,amp180_freq5,5,74.49999999971624,2074.550000000272,2000.0500000005559,True
493,amp250_freq5,7,52.800000000388536,2255.6500000000597,2202.849999999671,True
494,amp100_freq26,7,102.85000000021682,1946.8999999999141,1844.0499999996973,True
495,amp100_freq5,2,390.0499999999738,1990.7000000002881,1600.6500000003143,True
496,amp180_freq26,7,87.55000000019209,2240.450000000237,2152.900000000045,True
497,amp180_freq5,6,533.8499999998021,2537.0499999999083,2003.2000000001062,True
498,amp250_freq5,7,908.4000000002561,2306.249999999636,1397.84999999938,True
499,amp250_freq5,5,908.5500000001048,1913.249999999607,1004.6999999995023,True
500,amp250_freq26,56,72.50000000021828,2574.899999999616,2502.3999999993976,True
501,amp100_freq26,13,0.8500000003550667,2312.8999999998996,2312.0499999995445,True
502,amp250_freq26,49,32.199999999647844,2568.9000000002125,2536.7000000005646,True
503,amp180_freq5,6,434.849999999642,2434.849999999642,2000.0,True
504,amp100_freq26,9,444.30000000011205,2444.3499999997584,2000.0499999996464,True
505,amp100_freq26,10,104.34999999961292,2403.949999999895,2299.6000000002823,True
506,amp180_freq5,9,355.1500000003216,2355.199999999968,2000.0499999996464,True
507,amp100_freq26,8,199.2499999996653,2355.3000000001703,2156.050000000505,True
508,amp180_freq26,14,127.65000000035798,2580.1000000001295,2452.4499999997715,True
509,amp100_freq5,8,62.24999999994907,2527.200000000448,2464.950000000499,True
510,amp250_freq26,50,84.2000000002372,2539.799999999559,2455.599999999322,True
511,amp100_freq26,13,146.74999999988358,2449.45000000007,2302.7000000001863,True
512,amp100_freq5,5,146.85000000008586,2543.1500000004235,2396.3000000003376,True
513,amp250_freq5,4,569.2499999995562,1573.949999999968,1004.7000000004118,True
514,amp180_freq26,22,14.000000000123691,2553.7999999996828,2539.799999999559,True
515,amp100_freq5,4,516.4500000000771,2107.7500000001237,1591.3000000000466,True
516,amp250_freq26,32,51.69999999998254,2588.3999999996377,2536.699999999655,True
517,amp100_freq5,5,104.84999999971478,2501.1500000000524,2396.3000000003376,True
518,amp100_freq26,7,58.149999999841384,2201.7500000001746,2143.6000000003332,True
519,amp250_freq26,38,86.34999999958382,2548.200000000179,2461.850000000595,True
520,amp180_freq26,16,49.04999999962456,2507.74999999976,2458.7000000001353,True
521,amp180_freq5,10,77.25000000027649,2479.8000000000684,2402.549999999792,True
522,amp100_freq26,13,105.45000000001892,2607.850000000326,2502.400000000307,True
523,amp100_freq26,12,295.9000000000742,2604.849999999715,2308.9499999996406,True
524,amp180_freq5,10,181.6500000004453,2584.1499999996813,2402.499999999236,True
525,amp180_freq5,12,579.0500000002794,2579.099999999926,2000.0499999996464,True
526,amp180_freq26,27,167.3000000000684,2560.4999999995925,2393.199999999524,True
527,amp100_freq5,14,92.55000000030122,2257.9500000001644,2165.399999999863,True
528,amp250_freq5,12,83.30000000023574,2485.8500000000276,2402.549999999792,True
529,amp250_freq5,8,83.4500000000844,2086.5999999996347,2003.1499999995503,True
530,amp250_freq26,33,42.999999999665306,2358.1500000000233,2315.150000000358,True
531,amp100_freq26,12,152.29999999974098,2152.350000000297,2000.0500000005559,True
532,amp180_freq5,9,24.500000000443833,2414.5500000004176,2390.049999999974,True
533,amp100_freq26,11,105.74999999971624,2408.4499999999025,2302.7000000001863,True
534,amp100_freq5,12,143.29999999972642,2539.600000000064,2396.3000000003376,True
535,amp100_freq26,15,59.1999999996915,2374.3500000000495,2315.150000000358,True
536,amp100_freq5,12,65.55000000025757,2076.000000000022,2010.4499999997643,True
537,amp250_freq26,64,10.54999999996653,2546.1999999997715,2535.649999999805,True
538,amp250_freq5,12,43.950000000222644,2449.5999999999185,2405.649999999696,True
539,amp100_freq5,9,459.05000000038854,2221.9500000001062,1762.8999999997177,True
540,amp100_freq26,15,275.0999999998385,2590.2500000001965,2315.150000000358,True
541,amp180_freq5,7,401.0500000003958,2401.100000000042,2000.0499999996464,True
542,amp250_freq5,6,970.0999999995474,1768.8500000003842,798.7500000008367,True
543,amp100_freq26,11,102.79999999966094,2577.100000000428,2474.300000000767,True
544,amp180_freq5,8,121.60000000039872,2308.850000000348,2187.249999999949,True
545,amp100_freq5,2,2109.3000000000757,2508.7000000003172,399.40000000024156,True
546,amp180_freq26,17,59.44999999974243,2518.1499999998778,2458.7000000001353,True
547,amp100_freq5,6,259.2500000000655,2502.7000000000044,2243.449999999939,True
548,amp180_freq26,16,203.19999999992433,2431.050000000141,2227.850000000217,True
549,amp180_freq5,6,440.4500000000553,2440.4999999997017,2000.0499999996464,True
550,amp250_freq5,6,219.04999999969732,2421.900000000278,2202.8500000005806,True
551,amp100_freq5,3,833.849999999984,2431.4000000003944,1597.5500000004104,True
552,amp180_freq5,7,640.5000000004293,2238.04999999993,1597.5499999995009,True
553,amp180_freq5,6,840.3500000003987,2235.0500000002285,1394.6999999998297,True
554,amp250_freq5,4,419.2000000002736,2016.7499999997744,1597.5499999995009,True
555,amp250_freq26,25,142.70000000033178,2420.3999999999724,2277.6999999996406,True
556,amp100_freq5,2,944.7000000000116,1347.2000000001572,402.5000000001455,True
557,amp250_freq5,10,137.70000000022264,2540.2500000000146,2402.549999999792,True
558,amp180_freq26,13,100.40000000026339,2484.1999999998734,2383.79999999961,True
559,amp250_freq5,5,63.04999999974825,1863.4000000001834,1800.350000000435,True
560,amp100_freq26,14,584.2499999998836,2618.5999999997875,2034.349999999904,True
561,amp180_freq26,11,94.5000000001528,2734.150000000227,2639.650000000074,True
562,amp180_freq5,5,7.24999999965803,2197.6000000004206,2190.3500000007625,True
563,amp100_freq26,6,874.7499999999491,2569.050000000061,1694.300000000112,True
564,amp180_freq26,14,300.7500000003347,2528.599999999642,2227.8499999993073,True
565,amp100_freq26,8,179.19999999958236,2335.2500000000873,2156.050000000505,True
566,amp180_freq5,4,516.3000000002285,2516.349999999875,2000.0499999996464,True
567,amp100_freq5,4,104.55000000001746,1764.5000000002256,1659.950000000208,True
568,amp250_freq5,4,563.3500000003551,2563.4000000000015,2000.0499999996464,True
569,amp180_freq26,13,204.64999999967404,2588.4500000001935,2383.8000000005195,True
570,amp250_freq26,20,354.55000000001746,2588.600000000042,2234.0500000000247,True
571,amp180_freq5,7,1028.599999999642,2616.7999999997846,1588.2000000001426,True
572,amp180_freq5,11,30.249999999796273,2423.45000000023,2393.2000000004336,True
573,amp250_freq5,6,404.8000000002503,2604.5500000000175,2199.749999999767,True
574,amp100_freq26,7,114.74999999973079,2576.600000000326,2461.850000000595,True
575,amp100_freq26,10,77.40000000012515,2380.1000000003114,2302.7000000001863,True
576,amp180_freq5,9,345.9000000002561,2345.900000000256,2000.0,True
577,amp100_freq26,7,801.5500000001339,2495.79999999969,1694.2499999995562,True
578,amp180_freq5,8,536.4499999996042,2589.5000000000437,2053.0500000004395,True
579,amp180_freq26,21,227.64999999981228,2611.450000000332,2383.8000000005195,True
580,amp180_freq26,20,146.6499999996813,2530.450000000201,2383.8000000005195,True
581,amp180_freq5,7,711.500000000342,2511.8499999998676,1800.3499999995256,True
582,amp250_freq26,34,93.79999999964639,2624.300000000403,2530.5000000007567,True
583,amp100_freq26,9,128.24999999975262,2128.3000000003085,2000.0500000005559,True
584,amp250_freq26,38,126.29999999990105,2622.4499999998443,2496.1499999999432,True
585,amp250_freq5,6,1586.6500000001906,2185.699999999997,599.0499999998065,True
586,amp100_freq5,8,154.59999999984575,1998.5999999998967,1844.000000000051,True
587,amp100_freq26,9,316.9500000003609,2320.0999999999112,2003.1499999995503,True
588,amp250_freq26,38,43.55000000032305,2542.8000000001703,2499.249999999847,True
589,amp250_freq26,42,4.100000000107684,2469.0499999996973,2464.9499999995896,True
590,amp100_freq5,7,322.5000000002183,2219.549999999799,1897.049999999581,True
591,amp250_freq5,10,351.70000000016444,2551.4499999999316,2199.749999999767,True
592,amp100_freq5,8,560.8499999998457,2326.9000000000233,1766.0500000001775,True
593,amp100_freq5,9,127.24999999954889,2520.4499999999825,2393.2000000004336,True
594,amp250_freq5,7,348.8999999999578,2551.749999999629,2202.849999999671,True
595,amp250_freq5,5,548.7000000002809,2355.3000000001703,1806.5999999998894,True
596,amp100_freq26,13,77.69999999982247,2380.3500000003623,2302.65000000054,True
597,amp250_freq5,5,271.2499999997817,2277.5000000001455,2006.2500000003638,True
598,amp250_freq5,8,271.349999999984,2474.199999999655,2202.849999999671,True
599,amp250_freq5,5,471.15000000030705,1868.9999999996871,1397.84999999938,True
600,amp180_freq5,8,502.44999999995343,2502.4999999996,2000.0499999996464,True
601,amp250_freq26,51,22.049999999580905,2630.500000000211,2608.45000000063,True
602,amp180_freq26,20,172.95000000012806,2559.900000000198,2386.95000000007,True
603,amp100_freq26,13,282.2999999998501,2644.2500000002838,2361.9500000004336,True
604,amp100_freq26,13,126.40000000010332,2635.0000000002183,2508.600000000115,True
605,amp250_freq5,5,1163.4500000000116,2570.6499999996595,1407.1999999996478,True
606,amp250_freq5,4,1372.599999999693,2168.2499999997162,795.6500000000233,True
607,amp180_freq5,10,187.05000000045402,2187.050000000454,2000.0,True
608,amp250_freq5,7,163.1999999999607,2565.7499999997526,2402.549999999792,True
609,amp180_freq5,7,796.7500000004293,1994.8500000000422,1198.099999999613,True
610,amp100_freq26,17,228.94999999971333,2541.0000000001673,2312.050000000454,True
611,amp180_freq5,10,718.9500000004045,2519.29999999993,1800.3499999995256,True
612,amp250_freq26,59,4.500000000007276,2606.74999999992,2602.2499999999127,True
613,amp100_freq5,11,85.75000000018917,2248.0500000001484,2162.2999999999593,True
614,amp100_freq26,11,138.89999999992142,2138.949999999568,2000.0499999996464,True
615,amp180_freq26,20,24.59999999973661,2639.299999999821,2614.7000000000844,True
616,amp100_freq26,7,442.79999999980646,2286.8500000004133,1844.0500000006068,True
617,amp250_freq26,17,171.44999999982247,2627.050000000054,2455.6000000002314,True
618,amp250_freq5,6,375.3999999998996,1776.3999999997395,1400.99999999984,True
619,amp250_freq26,17,52.05000000023574,2588.749999999891,2536.699999999655,True
620,amp100_freq26,8,89.60000000024593,2248.800000000301,2159.2000000000553,True
621,amp250_freq26,18,46.049999999922875,2551.550000000134,2505.500000000211,True
622,amp100_freq5,4,554.7500000002401,2557.8999999997905,2003.1499999995503,True
623,amp180_freq26,11,8.799999999610009,2436.300000000301,2427.500000000691,True
624,amp250_freq5,0,,,,False
625,amp250_freq26,18,74.49999999971624,2380.3500000003623,2305.850000000646,True
626,amp180_freq5,5,283.65000000030705,2486.499999999978,2202.849999999671,True
627,amp100_freq5,4,74.70000000012078,1675.350000000435,1600.6500000003143,True
628,amp250_freq26,23,59.1999999996915,2439.900000000307,2380.7000000006155,True
629,amp100_freq26,9,595.9999999995489,2595.999999999549,2000.0,True
630,amp180_freq26,8,327.75000000037835,2324.649999999565,1996.8999999991865,True
631,amp100_freq5,3,377.74999999965075,780.2499999997963,402.5000000001455,True
632,amp100_freq5,2,577.5499999999738,580.7000000004336,3.1500000004598405,True
633,amp100_freq5,1,577.6500000001761,577.6500000001761,0.0,True
634,amp100_freq26,8,81.65000000008149,2393.699999999626,2312.0499999995445,True
635,amp180_freq5,4,917.9500000000189,2116.1000000001877,1198.1500000001688,True
636,amp100_freq26,6,147.35000000018772,2300.250000000233,2152.900000000045,True
637,amp180_freq5,6,41.35000000042055,2241.1000000001877,2199.749999999767,True
638,amp180_freq26,12,106.9999999999709,2565.7000000001062,2458.7000000001353,True
639,amp250_freq26,21,179.90000000008877,2460.750000000189,2280.8500000001004,True
640,amp250_freq26,35,36.44999999960419,2535.7500000000073,2499.300000000403,True
641,amp250_freq5,1,2583.6499999995794,2583.6499999995794,0.0,True
642,amp100_freq5,15,156.25,2465.1999999996406,2308.9499999996406,True
643,amp180_freq26,9,65.89999999960128,2137.7000000002226,2071.8000000006214,True
644,amp250_freq26,14,97.20000000015716,2640.150000000176,2542.950000000019,True
645,amp100_freq5,0,,,,False
646,amp100_freq5,9,172.24999999962165,2577.9499999998734,2405.7000000002517,True
647,amp250_freq5,0,,,,False
648,amp100_freq26,0,,,,False
649,amp100_freq5,2,1298.9500000003318,1698.3000000000175,399.3499999996857,True
650,amp100_freq26,8,150.80000000034488,2646.950000000288,2496.1499999999432,True
651,amp250_freq26,31,32.350000000406,2338.1499999995867,2305.7999999991807,True
652,amp180_freq5,2,235.2499999997235,2235.2499999997235,2000.0,True
653,amp250_freq5,1,806.3000000001921,806.3000000001921,0.0,True
654,amp180_freq26,9,95.00000000025466,2634.8500000003696,2539.850000000115,True
655,amp100_freq5,8,307.3000000003958,2547.5500000002285,2240.2499999998327,True
656,amp100_freq26,16,1.5999999995983671,2653.7500000004,2652.150000000802,True
657,amp180_freq5,5,273.1499999999869,2276.3000000004467,2003.1500000004598,True
658,amp250_freq5,3,647.649999999885,1452.650000000176,805.000000000291,True
659,amp180_freq26,8,67.39999999990687,1680.500000000393,1613.100000000486,True
660,amp100_freq26,7,719.6000000003551,2563.600000000406,1844.000000000051,True
661,amp180_freq5,6,588.6499999996886,2588.6499999996886,2000.0,True
662,amp250_freq26,15,23.949999999786087,2451.449999999568,2427.4999999997817,True
663,amp180_freq26,10,98.94999999960419,2482.7500000001237,2383.8000000005195,True
664,amp180_freq5,2,170.79999999987194,370.4999999999927,199.70000000012078,True
665,amp250_freq26,14,46.09999999956926,2626.4499999997497,2580.3500000001804,True
666,amp100_freq26,4,704.4999999998254,2545.3999999999724,1840.900000000147,True
667,amp100_freq5,1,2479.9999999995634,2479.9999999995634,0.0,True
668,amp180_freq26,7,314.6999999999025,1927.8000000003885,1613.100000000486,True
669,amp180_freq26,8,739.0999999997803,2349.1000000003623,1610.000000000582,True
670,amp100_freq26,7,40.25000000001455,2196.29999999961,2156.0499999995955,True
671,amp100_freq5,2,839.1000000001441,842.2499999996944,3.149999999550346,True
672,amp100_freq5,0,,,,False
673,amp250_freq5,4,1429.0000000000873,2234.0000000003783,805.000000000291,True
674,amp180_freq26,15,144.59999999962747,2603.299999999763,2458.7000000001353,True
675,amp180_freq5,8,179.0000000000873,2179.0499999997337,2000.0499999996464,True
676,amp100_freq26,8,222.7499999999054,2525.4500000000917,2302.7000000001863,True
677,amp250_freq26,15,23.149999999986903,2372.650000000249,2349.500000000262,True
678,amp100_freq5,3,144.94999999988067,1904.700000000048,1759.7500000001673,True
679,amp250_freq26,23,138.75000000007276,2560.0000000004,2421.2500000003274,True
680,amp250_freq5,3,519.5000000003347,1521.099999999933,1001.5999999995984,True
681,amp180_freq26,10,625.6999999995969,2656.8999999999505,2031.2000000003536,True
682,amp180_freq26,14,124.45000000025175,2626.8499999996493,2502.3999999993976,True
683,amp250_freq5,8,709.0500000003885,2640.4499999998734,1931.3999999994849,True
684,amp250_freq5,4,42.449999999917054,2036.2500000001091,1993.800000000192,True
685,amp180_freq5,5,660.3500000001077,1465.3500000003987,805.000000000291,True
686,amp100_freq26,6,457.59999999972933,2457.5999999997293,2000.0,True
687,amp100_freq5,2,576.2500000000728,579.3499999999767,3.0999999999039574,True
688,amp100_freq26,5,417.1999999998661,2261.199999999917,1844.000000000051,True
689,amp100_freq26,6,682.4999999998909,2379.8500000002605,1697.3500000003696,True
690,amp180_freq5,9,164.64999999971042,2164.6499999997104,2000.0,True
691,amp250_freq26,32,64.84999999975116,2601.550000000316,2536.7000000005646,True
692,amp100_freq26,5,217.84999999999854,2526.7499999999927,2308.899999999994,True
693,amp100_freq26,7,217.95000000020082,2217.950000000201,2000.0,True
694,amp180_freq26,13,21.450000000186265,2636.1500000002707,2614.7000000000844,True
695,amp180_freq5,4,920.1499999999214,2314.849999999751,1394.6999999998297,True
696,amp180_freq26,18,87.1500000002925,2470.9499999999025,2383.79999999961,True
697,amp100_freq26,6,199.55000000027212,2508.4999999999127,2308.9499999996406,True
698,amp100_freq5,3,21.800000000439468,1784.7000000001572,1762.8999999997177,True
699,amp250_freq5,4,15.650000000277942,2427.5500000003376,2411.9000000000597,True
700,amp100_freq26,17,305.9000000002925,2608.5999999995693,2302.6999999992768,True
701,amp250_freq5,7,134.39999999991414,2536.9000000000597,2402.5000000001455,True
702,amp250_freq26,29,56.450000000040745,2596.3000000001557,2539.850000000115,True
703,amp180_freq5,2,493.3499999997366,693.0499999998574,199.70000000012078,True
704,amp180_freq5,6,493.4499999999389,2493.4999999995853,2000.0499999996464,True
705,amp100_freq5,2,1279.8000000002503,2481.0999999999694,1201.2999999997191,True
706,amp180_freq26,8,699.5500000002721,2353.2500000001164,1653.6999999998443,True
707,amp250_freq26,23,3.8500000000567525,2500.0,2496.1499999999432,True
708,amp100_freq5,4,197.400000000016,2599.9000000001615,2402.5000000001455,True
709,amp180_freq5,4,809.0499999998428,2603.1000000002678,1794.050000000425,True
710,amp250_freq5,5,185.09999999969295,1985.3999999995722,1800.2999999998792,True
711,amp250_freq5,3,384.8500000003696,1383.3000000004176,998.450000000048,True
712,amp180_freq26,12,69.80000000021391,2528.5000000003492,2458.7000000001353,True
713,amp250_freq5,8,116.69999999958236,2512.9500000002736,2396.250000000691,True
714,amp100_freq5,7,282.15000000000146,2525.550000000294,2243.4000000002925,True
715,amp250_freq26,38,16.999999999825377,2473.649999999907,2456.6500000000815,True
716,amp180_freq26,21,220.9499999999025,2673.399999999674,2452.4499999997715,True
717,amp250_freq26,27,127.44999999995343,2514.350000000377,2386.9000000004235,True
718,amp250_freq5,8,614.2499999996289,2018.3500000002823,1404.1000000006534,True
719,amp180_freq26,19,13.200000000324508,2674.699999999575,2661.4999999992506,True
720,amp100_freq26,6,319.0500000000611,2163.0999999997584,1844.0499999996973,True
721,amp180_freq26,16,60.15000000024884,2443.949999999859,2383.79999999961,True
722,amp180_freq5,6,419.0500000004249,1414.3999999996595,995.3499999992346,True
723,amp180_freq26,12,122.75000000045111,2428.549999999632,2305.7999999991807,True
724,amp180_freq5,4,799.8999999999796,1002.7000000000044,202.80000000002474,True
725,amp180_freq26,20,648.1499999999869,2492.150000000038,1844.000000000051,True
726,amp180_freq26,16,183.29999999969004,2641.9999999998254,2458.7000000001353,True
727,amp250_freq5,4,92.89999999964493,1693.5499999999593,1600.6500000003143,True
728,amp250_freq26,58,18.100000000231375,2520.499999999629,2502.3999999993976,True
729,amp250_freq26,65,58.75000000014552,2673.45000000023,2614.7000000000844,True
730,amp250_freq26,55,66.10000000000582,2668.3499999999185,2602.2499999999127,True
731,amp180_freq5,16,23.549999999886495,2625.799999999799,2602.2499999999127,True
732,amp250_freq5,12,1.8000000000029104,2469.850000000406,2468.050000000403,True
733,amp100_freq5,14,214.04999999958818,2619.7000000001935,2405.6500000006054,True
734,amp100_freq26,10,117.40000000008877,2579.2499999997744,2461.8499999996857,True
735,amp100_freq26,13,76.94999999966967,2076.9499999996697,2000.0,True
736,amp250_freq26,24,111.35000000012951,2392.20000000023,2280.8500000001004,True
737,amp100_freq26,8,70.85000000006403,2532.6999999997497,2461.8499999996857,True
738,amp100_freq5,2,966.4499999998952,1303.3999999997832,336.94999999988795,True
739,amp180_freq5,8,317.5499999997555,2520.3499999997803,2202.8000000000247,True
740,amp180_freq5,4,720.0999999995474,2517.3500000000786,1797.2500000005311,True
741,amp100_freq5,7,105.55000000022119,2670.29999999977,2564.749999999549,True
742,amp180_freq5,3,717.1500000004016,2517.4999999999272,1800.3499999995256,True
743,amp250_freq26,24,96.3499999998021,2592.450000000099,2496.100000000297,True
744,amp250_freq5,5,1013.7500000000728,2018.449999999575,1004.6999999995023,True
745,amp100_freq5,4,21.600000000034925,2427.249999999731,2405.649999999696,True
746,amp250_freq5,8,216.1999999998443,2618.69999999999,2402.5000000001455,True
747,amp250_freq26,53,57.14999999963766,2681.19999999999,2624.050000000352,True
748,amp250_freq26,37,94.65000000000146,2631.3499999996566,2536.699999999655,True
749,amp250_freq5,5,391.1500000003798,2391.200000000026,2000.0499999996464,True
750,amp180_freq5,6,16.849999999976717,2219.6500000000015,2202.8000000000247,True
751,amp250_freq5,6,391.34999999987485,2201.049999999668,1809.6999999997934,True
752,amp250_freq26,31,7.649999999557622,2622.349999999642,2614.7000000000844,True
753,amp250_freq26,48,1.449999999749707,2628.649999999652,2627.1999999999025,True
754,amp100_freq5,6,117.00000000018917,2522.649999999885,2405.649999999696,True
755,amp250_freq26,36,26.600000000144064,2688.100000000304,2661.50000000016,True
756,amp100_freq26,9,491.5499999997337,2681.9500000001426,2190.400000000409,True
757,amp100_freq26,8,23.650000000088767,2638.2999999996173,2614.6499999995285,True
758,amp250_freq26,35,136.0500000000684,2519.8499999996784,2383.79999999961,True
759,amp100_freq26,7,444.99999999970896,2288.99999999976,1844.000000000051,True
760,amp100_freq26,6,289.09999999996217,2594.9000000000524,2305.80000000009,True
761,amp180_freq26,20,133.14999999965949,2529.449999999997,2396.3000000003376,True
762,amp250_freq5,6,373.4999999996944,2373.4999999996944,2000.0,True
763,amp100_freq5,3,741.7500000001382,1546.7500000004293,805.000000000291,True
764,amp250_freq26,35,42.90000000037253,2660.700000000361,2617.7999999999884,True
765,amp250_freq5,4,972.7999999995518,1706.000000000131,733.2000000005792,True
766,amp100_freq5,6,514.1999999996187,2685.8499999998457,2171.650000000227,True
767,amp180_freq26,25,220.9999999995489,2529.9000000004526,2308.9000000009037,True
768,amp180_freq5,5,49.45000000043365,2651.6499999997905,2602.199999999357,True
769,amp180_freq5,11,49.500000000080036,2692.2999999997046,2642.7999999996246,True
770,amp180_freq26,21,15.25000000037835,2629.9499999995533,2614.699999999175,True
771,amp180_freq5,8,776.6499999997905,2580.1000000001295,1803.450000000339,True
772,amp180_freq26,29,193.25000000026193,2692.500000000109,2499.249999999847,True
773,amp180_freq5,8,692.5499999997555,1943.7500000003638,1251.2000000006083,True
774,amp180_freq5,12,490.8500000001368,2693.699999999808,2202.849999999671,True
775,amp180_freq5,10,97.7999999995518,2693.750000000364,2595.950000000812,True
776,amp100_freq26,19,179.0000000000873,2341.2500000004,2162.250000000313,True
777,amp100_freq5,5,609.6500000003289,2210.2500000000873,1600.5999999997584,True
778,amp250_freq5,9,4.399999999805004,2600.3499999997075,2595.9499999999025,True
779,amp100_freq5,6,609.7499999996217,2210.399999999936,1600.6500000003143,True
780,amp180_freq26,32,133.4999999999127,2601.550000000316,2468.050000000403,True
781,amp250_freq26,42,46.199999999771535,2504.899999999907,2458.7000000001353,True
782,amp250_freq26,62,11.95000000006985,2660.950000000412,2649.000000000342,True
783,amp100_freq5,3,114.99999999978172,2514.4000000000233,2399.4000000002416,True
784,amp180_freq26,11,71.35000000016589,2686.0500000002503,2614.7000000000844,True
785,amp250_freq5,7,1027.2500000000946,2684.049999999843,1656.7999999997483,True
786,amp180_freq26,19,69.40000000031432,2621.6999999996915,2552.299999999377,True
787,amp250_freq26,17,67.39999999990687,2448.099999999613,2380.699999999706,True
788,amp250_freq5,5,604.1500000001179,1608.8499999996202,1004.6999999995023,True
789,amp100_freq26,8,98.75000000010914,2554.2999999997846,2455.5499999996755,True
790,amp180_freq5,7,956.8499999995765,2161.250000000109,1204.4000000005326,True
791,amp100_freq26,10,401.5499999995882,2401.549999999588,2000.0,True
792,amp250_freq5,10,123.899999999594,2526.4500000002954,2402.5500000007014,True
793,amp180_freq5,15,155.149999999594,2535.8500000002095,2380.7000000006155,True
794,amp250_freq5,9,124.05000000035216,2523.449999999684,2399.399999999332,True
795,amp250_freq5,9,323.8000000001193,2526.600000000144,2202.8000000000247,True
796,amp250_freq26,47,49.29999999967549,2667.099999999664,2617.7999999999884,True
797,amp250_freq26,55,77.44999999977153,2576.6999999996187,2499.249999999847,True
798,amp180_freq26,25,161.750000000211,2545.549999999821,2383.79999999961,True
799,amp250_freq5,10,27.64999999999418,2427.0500000002357,2399.4000000002416,True
800,amp180_freq26,25,102.60000000016589,2686.0999999998967,2583.499999999731,True
801,amp100_freq5,12,171.2999999999738,2576.9499999996697,2405.649999999696,True
802,amp100_freq26,13,52.800000000388536,2664.350000000013,2611.5499999996246,True
803,amp100_freq5,7,99.6500000001106,2664.4500000002154,2564.800000000105,True
804,amp100_freq26,11,152.79999999984284,2614.599999999882,2461.8000000000393,True
805,amp250_freq5,7,13.45000000037544,2621.900000000096,2608.4499999997206,True
806,amp250_freq26,33,97.7999999995518,2684.400000000096,2586.6000000005442,True
807,amp180_freq5,6,562.7500000000509,1757.74999999976,1194.999999999709,True
808,amp180_freq26,26,288.2499999996071,2487.949999999728,2199.700000000121,True
809,amp250_freq5,7,119.80000000039581,2119.800000000396,2000.0,True
810,amp100_freq5,3,534.8500000000058,2291.500000000269,1756.6500000002634,True
811,amp180_freq5,11,141.74999999977445,2594.199999999546,2452.4499999997715,True
812,amp250_freq26,20,79.3999999996231,2617.150000000038,2537.7500000004147,True
813,amp250_freq26,33,77.40000000012515,2308.29999999969,2230.899999999565,True
814,amp250_freq5,5,236.60000000018044,2239.749999999731,2003.1499999995503,True
815,amp250_freq5,3,34.89999999965221,839.8999999999432,805.000000000291,True
816,amp100_freq26,6,802.4999999997817,1744.8000000003958,942.3000000006141,True
817,amp100_freq26,4,1064.6500000002561,2602.899999999863,1538.249999999607,True
818,amp180_freq5,10,577.9499999998734,2581.1000000003332,2003.1500000004598,True
819,amp180_freq26,18,141.2000000000262,2606.149999999616,2464.9499999995896,True
820,amp100_freq5,13,216.1500000001979,2621.7999999998938,2405.649999999696,True
821,amp100_freq5,3,553.2000000002881,1358.1999999996697,804.9999999993815,True
822,amp100_freq26,7,50.900000000183354,2703.0500000000757,2652.1499999998923,True
823,amp250_freq5,1,666.6500000001179,666.6500000001179,0.0,True
824,amp180_freq26,11,151.89999999984138,2620.950000000448,2469.050000000607,True
825,amp250_freq26,46,74.9999999998181,2692.7999999998065,2617.7999999999884,True
826,amp180_freq26,21,153.04999999989377,2546.1999999997715,2393.1499999998778,True
827,amp250_freq26,27,150.99999999983993,2684.599999999591,2533.599999999751,True
828,amp180_freq26,14,69.95000000006257,2466.1999999998443,2396.2499999997817,True
829,amp100_freq26,5,566.1000000000058,2104.349999999613,1538.249999999607,True
830,amp100_freq26,5,566.1499999996522,1795.5000000001746,1229.3500000005224,True
831,amp250_freq26,29,23.299999999835563,2675.449999999728,2652.1499999998923,True
832,amp180_freq26,11,600.5999999997584,2444.5999999998094,1844.000000000051,True
833,amp180_freq5,7,141.950000000179,2332.300000000032,2190.349999999853,True
834,amp100_freq26,6,357.2999999996682,2201.299999999719,1844.000000000051,True
835,amp180_freq5,6,470.75000000040745,2661.0499999997046,2190.299999999297,True
836,amp180_freq26,18,125.50000000010186,2624.7000000003027,2499.200000000201,True
837,amp100_freq5,3,1145.8000000002357,2643.500000000131,1497.6999999998952,True
838,amp180_freq5,11,3.899999999703141,2247.2999999999956,2243.4000000002925,True
839,amp180_freq26,15,368.99999999968713,2443.9000000002125,2074.9000000005253,True
840,amp250_freq26,23,17.49999999992724,2675.9000000001834,2658.400000000256,True
841,amp250_freq26,22,132.99999999981083,2713.3999999996377,2580.399999999827,True
842,amp100_freq26,8,825.7499999999709,2713.4500000001935,1887.7000000002226,True
843,amp100_freq5,3,881.9499999999607,2083.2000000000335,1201.2500000000728,True
844,amp250_freq26,25,11.499999999614374,2707.300000000032,2695.8000000004176,True
845,amp250_freq26,27,87.44999999998981,2555.500000000393,2468.050000000403,True
846,amp100_freq5,2,2056.3499999998385,2059.4499999997424,3.0999999999039574,True
847,amp250_freq26,26,51.150000000234286,2394.4000000001324,2343.249999999898,True
848,amp180_freq26,15,10.650000000168802,2637.800000000425,2627.150000000256,True
849,amp250_freq5,4,91.80000000014843,2291.5499999999156,2199.749999999767,True
850,amp180_freq5,10,52.34999999993306,2295.7500000002256,2243.4000000002925,True
851,amp180_freq26,17,252.09999999970023,2635.9000000002197,2383.8000000005195,True
852,amp180_freq5,8,236.54999999962456,2426.900000000387,2190.3500000007625,True
853,amp100_freq5,4,386.3499999997657,2386.3499999997657,2000.0,True
854,amp100_freq5,4,389.50000000022555,2386.4000000003216,1996.900000000096,True
855,amp180_freq5,12,236.70000000038272,2639.1999999996187,2402.499999999236,True
856,amp250_freq5,10,83.84999999998399,2611.149999999725,2527.299999999741,True
857,amp100_freq5,17,227.45000000031723,2633.0500000003667,2405.6000000000495,True
858,amp250_freq26,40,75.64999999976862,2534.3000000002576,2458.650000000489,True
859,amp250_freq5,5,144.34999999957654,2337.800000000243,2193.4500000006665,True
860,amp100_freq26,11,521.8999999997322,2521.950000000288,2000.0500000005559,True
861,amp250_freq5,5,1268.750000000182,2663.4500000000116,1394.6999999998297,True
862,amp250_freq5,2,258.8999999998123,861.1000000000786,602.2000000002663,True
863,amp180_freq5,7,87.34999999978754,2287.0499999999083,2199.700000000121,True
864,amp100_freq5,9,471.15000000030705,2639.6999999997206,2168.5499999994136,True
865,amp100_freq5,10,237.19999999957508,2234.099999999671,1996.900000000096,True
866,amp100_freq5,10,68.80000000001019,2717.800000000352,2649.000000000342,True
867,amp100_freq5,4,870.7000000003973,2639.8499999995693,1769.149999999172,True
868,amp250_freq5,3,63.699999999698775,1667.449999999917,1603.7500000002183,True
869,amp180_freq26,30,213.49999999983993,2662.800000000061,2449.300000000221,True
870,amp250_freq5,6,179.25000000013824,2372.699999999895,2193.449999999757,True
871,amp180_freq5,7,800.199999999677,2600.499999999556,1800.2999999998792,True
872,amp250_freq26,32,4.600000000209548,2631.749999999556,2627.1499999993466,True
873,amp180_freq26,28,166.9000000001688,2550.699999999779,2383.79999999961,True
874,amp180_freq26,30,1.5999999995983671,2625.6499999999505,2624.050000000352,True
875,amp250_freq26,56,39.099999999962165,2653.7500000004,2614.650000000438,True
876,amp180_freq26,30,192.00000000000728,2650.7000000001426,2458.7000000001353,True
877,amp180_freq26,16,39.20000000016444,2572.750000000269,2533.550000000105,True
878,amp100_freq5,6,1324.7499999997672,2691.3500000000568,1366.6000000002896,True
879,amp180_freq26,28,62.1499999997468,2636.3000000001193,2574.1500000003725,True
880,amp180_freq5,10,74.70000000012078,2464.7500000000946,2390.049999999974,True
881,amp100_freq5,7,414.85000000011496,2658.2500000004075,2243.4000000002925,True
882,amp250_freq26,33,56.09999999978754,2599.00000000016,2542.9000000003725,True
883,amp100_freq5,3,1107.6499999999214,2642.749999999978,1535.1000000000568,True
884,amp180_freq26,17,6.300000000010186,2546.049999999923,2539.7499999999127,True
885,amp100_freq26,7,159.2000000000553,2312.1000000001004,2152.900000000045,True
886,amp250_freq5,7,1619.499999999789,2546.150000000125,926.6500000003361,True
887,amp180_freq5,5,118.7499999996362,1959.6499999997832,1840.900000000147,True
888,amp100_freq26,5,889.4499999996697,2118.800000000192,1229.3500000005224,True
889,amp180_freq26,13,618.0500000000393,2724.1500000000087,2106.0999999999694,True
890,amp180_freq5,5,549.50000000008,2549.50000000008,2000.0,True
891,amp250_freq5,6,596.3499999998021,2724.2999999998574,2127.9500000000553,True
892,amp250_freq26,20,190.74999999975262,2612.00000000008,2421.2500000003274,True
893,amp100_freq26,7,268.7999999998283,2112.799999999879,1844.000000000051,True
894,amp100_freq26,6,690.0999999998021,2534.099999999853,1844.000000000051,True
895,amp180_freq26,9,534.099999999853,2378.1499999995503,1844.0499999996973,True
896,amp100_freq5,3,85.90000000003783,2092.1500000004016,2006.2500000003638,True
897,amp180_freq26,9,532.1500000000015,2607.0499999996173,2074.899999999616,True
898,amp250_freq26,28,67.2999999997046,2641.4000000004307,2574.100000000726,True
899,amp250_freq26,25,65.24999999965075,2676.849999999831,2611.6000000001804,True
900,amp180_freq5,6,667.4999999995634,2667.5500000001193,2000.0500000005559,True
901,amp100_freq5,4,255.69999999970605,2658.1999999998516,2402.5000000001455,True
902,amp180_freq5,7,667.5999999997657,2661.399999999958,1993.800000000192,True
903,amp250_freq26,21,140.34999999967113,2602.1499999997104,2461.8000000000393,True
904,amp180_freq5,3,56.150000000343425,1057.7000000002954,1001.549999999952,True
905,amp100_freq5,3,246.54999999984284,1850.3000000000611,1603.7500000002183,True
906,amp250_freq26,18,13.6000000002241,2475.4000000002634,2461.8000000000393,True
907,amp180_freq5,4,584.6499999997832,2584.649999999783,2000.0,True
908,amp100_freq26,6,166.599999999562,2472.399999999652,2305.80000000009,True
909,amp250_freq5,4,151.0500000003958,2547.3000000001775,2396.2499999997817,True
910,amp250_freq26,19,35.649999999805004,2650.3499999998894,2614.7000000000844,True
911,amp180_freq5,2,503.7000000002081,703.4000000003289,199.70000000012078,True
912,amp100_freq26,4,536.0000000000582,2536.000000000058,2000.0,True
913,amp250_freq5,2,464.2999999996391,1868.3499999997366,1404.0500000000975,True
914,amp100_freq26,5,186.64999999964493,2186.649999999645,2000.0,True
915,amp250_freq26,15,66.05000000035943,2527.8500000003987,2461.8000000000393,True
916,amp250_freq26,18,67.14999999985594,2641.2499999996726,2574.0999999998166,True
917,amp180_freq5,7,60.95000000004802,2666.2500000002183,2605.3000000001703,True
918,amp100_freq26,13,285.649999999805,2597.700000000259,2312.050000000454,True
919,amp250_freq26,45,14.250000000174623,2706.949999999779,2692.699999999604,True
920,amp180_freq5,12,173.39999999967404,1983.100000000377,1809.7000000007029,True
921,amp180_freq26,37,14.350000000376895,2713.300000000345,2698.949999999968,True
922,amp250_freq5,12,351.34999999991123,2551.0999999996784,2199.749999999767,True
923,amp180_freq26,40,157.94999999980064,2735.200000000077,2577.2500000002765,True
924,amp180_freq26,31,40.500000000065484,2664.5500000004176,2624.050000000352,True
925,amp100_freq26,17,34.30000000025757,2502.349999999751,2468.0499999994936,True
926,amp180_freq5,16,74.89999999961583,2677.150000000438,2602.250000000822,True
927,amp100_freq5,13,25.050000000192085,2661.5499999998065,2636.4999999996144,True
928,amp180_freq26,18,28.19999999974243,2717.800000000352,2689.6000000006097,True
929,amp180_freq26,28,21.999999999934516,2633.600000000115,2611.6000000001804,True
930,amp250_freq26,10,22.049999999580905,2474.500000000262,2452.450000000681,True
931,amp250_freq5,2,349.75000000031287,1151.600000000144,801.8499999998312,True
932,amp250_freq26,27,12.800000000424916,2592.1500000004016,2579.3499999999767,True
933,amp180_freq5,4,1362.850000000435,2738.800000000083,1375.9499999996478,True
934,amp250_freq5,3,941.6499999997541,2614.050000000134,1672.4000000003798,True
935,amp250_freq26,21,80.54999999967549,2617.25000000024,2536.7000000005646,True
936,amp250_freq5,2,667.1999999998661,866.8999999999869,199.70000000012078,True
937,amp180_freq26,14,192.94999999965512,2576.7500000001746,2383.8000000005195,True
938,amp100_freq5,4,267.89999999982683,2271.0500000002867,2003.1500000004598,True
939,amp180_freq26,16,37.04999999990832,2651.7499999999927,2614.7000000000844,True
940,amp180_freq26,18,37.09999999955471,2726.7000000001644,2689.6000000006097,True
941,amp180_freq26,12,34.05000000020664,2417.8499999998166,2383.79999999961,True
942,amp250_freq26,26,183.8500000003478,2505.25000000016,2321.3999999998123,True
943,amp180_freq26,18,109.00000000037835,2723.6999999995533,2614.699999999175,True
944,amp250_freq26,27,143.3999999999287,2717.4999999997453,2574.0999999998166,True
945,amp180_freq5,7,12.39999999961583,2396.2000000001353,2383.8000000005195,True
946,amp250_freq26,25,102.9500000004191,2639.600000000428,2536.6500000000087,True
947,amp100_freq5,2,2592.8499999999985,2595.999999999549,3.149999999550346,True
948,amp100_freq26,10,140.4499999998734,2602.2499999999127,2461.8000000000393,True
949,amp250_freq26,32,25.050000000192085,2558.6499999999432,2533.599999999751,True
950,amp100_freq26,6,137.4500000001717,2446.350000000166,2308.899999999994,True
951,amp250_freq26,23,97.95000000030996,2709.549999999581,2611.599999999271,True
952,amp100_freq26,7,135.44999999976426,2441.2499999998545,2305.80000000009,True
953,amp250_freq5,4,723.149999999805,2517.20000000023,1794.050000000425,True
954,amp100_freq26,6,545.2999999997701,2545.350000000326,2000.0500000005559,True
955,amp250_freq26,22,2.449999999953434,2729.449999999815,2726.9999999998618,True
956,amp250_freq5,3,511.0999999997148,1238.0999999995765,726.9999999998618,True
957,amp100_freq26,7,102.39999999976135,2261.5500000001703,2159.150000000409,True
958,amp250_freq5,7,156.54999999969732,2356.249999999818,2199.700000000121,True
959,amp180_freq5,6,178.45000000033906,2378.1499999995503,2199.6999999992113,True
960,amp250_freq26,18,50.54999999993015,2627.8000000002066,2577.2500000002765,True
961,amp250_freq5,10,85.94999999968422,2681.9500000001426,2596.0000000004584,True
962,amp250_freq5,4,482.2999999996682,2079.800000000432,1597.500000000764,True
963,amp250_freq5,3,476.0999999998603,2079.8500000000786,1603.7500000002183,True
964,amp250_freq26,39,39.30000000036671,2692.500000000109,2653.1999999997424,True
965,amp100_freq5,7,286.90000000005966,2689.400000000205,2402.5000000001455,True
966,amp250_freq5,5,208.95000000018626,2408.650000000307,2199.700000000121,True
967,amp180_freq5,12,34.249999999701686,2630.199999999604,2595.9499999999025,True
968,amp180_freq26,22,106.05000000032305,2730.0999999997657,2624.0499999994427,True
969,amp100_freq5,7,140.4499999998734,2705.200000000332,2564.7500000004584,True
970,amp180_freq5,5,954.8500000000786,2752.050000000054,1797.1999999999753,True
971,amp100_freq26,10,140.55000000007567,2446.350000000166,2305.80000000009,True
972,amp250_freq26,24,179.10000000028958,2672.099999999773,2492.9999999994834,True
973,amp100_freq5,4,528.599999999642,2693.949999999859,2165.350000000217,True
974,amp180_freq5,10,138.6000000002241,2391.349999999875,2252.7499999996508,True
975,amp180_freq26,17,202.10000000042783,2598.399999999856,2396.299999999428,True
976,amp250_freq26,34,18.100000000231375,2698.3000000000175,2680.199999999786,True
977,amp180_freq5,12,52.45000000013533,2649.449999999888,2596.9999999997526,True
978,amp180_freq26,11,353.10000000026776,2415.5000000000655,2062.3999999997977,True
979,amp100_freq5,4,169.05000000042492,2172.1999999999753,2003.1499999995503,True
980,amp100_freq5,4,970.9999999995489,2571.600000000217,1600.600000000668,True
981,amp100_freq5,7,169.1499999997177,2730.800000000272,2561.6500000005544,True
982,amp250_freq5,11,334.5499999995809,2755.7999999999083,2421.2500000003274,True
983,amp250_freq26,32,284.70000000015716,2746.5000000001965,2461.8000000000393,True
984,amp250_freq26,30,131.84999999975844,2671.650000000227,2539.8000000004686,True
985,amp100_freq5,5,1080.3999999998268,2681.050000000141,1600.6500000003143,True
986,amp250_freq5,17,341.00000000034925,2341.0000000003492,2000.0,True
987,amp100_freq5,0,,,,False
988,amp250_freq26,14,157.0000000001528,2734.2500000004293,2577.2500000002765,True
989,amp100_freq5,2,1008.8500000001659,2210.1000000002387,1201.2500000000728,True
990,amp250_freq5,4,796.6999999998734,2269.449999999779,1472.7499999999054,True
991,amp100_freq26,9,260.10000000042055,2569.0000000004147,2308.899999999994,True
992,amp250_freq5,5,726.0999999998603,2398.50000000024,1672.4000000003798,True
993,amp180_freq26,19,67.79999999980646,2766.700000000128,2698.9000000003216,True
994,amp180_freq5,14,138.54999999966822,2759.5000000001164,2620.950000000448,True
995,amp100_freq5,10,129.24999999995634,2759.549999999763,2630.2999999998065,True
996,amp180_freq5,5,139.6999999997206,1537.5500000000102,1397.8500000002896,True
997,amp250_freq5,5,586.949999999888,1916.150000000016,1329.200000000128,True
998,amp100_freq5,10,122.09999999959109,2683.7500000001455,2561.6500000005544,True
999,amp180_freq26,39,54.54999999983556,2669.24999999992,2614.7000000000844,True
1000,amp100_freq26,19,54.60000000039145,2675.54999999993,2620.9499999995387,True
1001,amp100_freq5,12,1.5999999995983671,2700.5499999995664,2698.949999999968,True
1002,amp100_freq5,13,238.80000000008295,2703.700000000026,2464.8999999999432,True
1003,amp100_freq26,15,132.7499999997599,2731.8500000001222,2599.1000000003623,True
1004,amp180_freq26,24,1.750000000356522,2763.1000000001222,2761.3499999997657,True
1005,amp180_freq26,23,76.69999999961874,2535.3500000001077,2458.650000000489,True
1006,amp250_freq5,15,139.14999999997235,2763.2000000003245,2624.050000000352,True
1007,amp180_freq26,36,104.84999999971478,2688.350000000355,2583.5000000006403,True
1008,amp100_freq5,6,841.2500000004002,2741.450000000441,1900.2000000000407,True
1009,amp180_freq5,7,488.75000000043656,2694.7000000000116,2205.949999999575,True
1010,amp180_freq5,8,488.80000000008295,2691.6000000001077,2202.8000000000247,True
1011,amp250_freq5,15,270.44999999998254,2669.799999999668,2399.3499999996857,True
1012,amp250_freq5,15,73.9000000003216,2672.9999999997744,2599.099999999453,True
1013,amp250_freq5,12,270.4999999996289,2666.7999999999665,2396.3000000003376,True
1014,amp180_freq26,45,86.50000000034197,2713.6499999996886,2627.1499999993466,True
1015,amp180_freq5,14,411.0499999997046,2613.8499999997293,2202.8000000000247,True
1016,amp100_freq26,14,111.54999999962456,2769.9000000002343,2658.3500000006097,True
1017,amp180_freq26,41,74.15000000037253,2613.9499999999316,2539.799999999559,True
1018,amp180_freq5,17,121.00000000009459,2726.3499999999112,2605.3499999998166,True
1019,amp100_freq26,17,56.599999999889405,2671.2500000003274,2614.650000000438,True
1020,amp180_freq5,21,47.30000000017753,2652.600000000348,2605.3000000001703,True
1021,amp250_freq26,58,3.6499999996522092,2733.799999999974,2730.1500000003216,True
1022,amp250_freq5,8,23.449999999684223,2750.500000000102,2727.0500000004176,True
1023,amp100_freq5,17,163.89999999955762,2731.7999999995664,2567.9000000000087,True
1024,amp180_freq26,34,27.75000000019645,2732.8999999999724,2705.149999999776,True
1025,amp250_freq5,13,87.05000000009022,2748.5500000002503,2661.50000000016,True
1026,amp100_freq26,10,18.449999999575084,2480.3000000001703,2461.850000000595,True
1027,amp250_freq26,55,15.40000000022701,2754.899999999907,2739.49999999968,True
1028,amp100_freq26,10,15.449999999873398,2633.2499999998618,2617.7999999999884,True
1029,amp180_freq26,17,205.8500000002823,2770.599999999831,2564.749999999549,True
1030,amp250_freq5,2,171.59999999967113,1369.7000000001935,1198.1000000005224,True
1031,amp180_freq26,16,393.14999999987776,2770.7000000000335,2377.5500000001557,True
1032,amp180_freq26,15,159.2000000000553,2770.8000000002357,2611.6000000001804,True
1033,amp250_freq5,7,149.90000000034343,2752.0999999997002,2602.199999999357,True
1034,amp250_freq26,78,9.549999999762804,2764.650000000074,2755.1000000003114,True
1035,amp250_freq5,2,1148.4499999996842,1348.149999999805,199.70000000012078,True
1036,amp250_freq26,31,15.900000000328873,2717.950000000201,2702.049999999872,True
1037,amp250_freq5,7,393.50000000013097,2393.500000000131,2000.0,True
1038,amp250_freq5,5,193.84999999965657,2393.5499999997774,2199.700000000121,True
1039,amp100_freq26,7,449.74999999976717,2749.300000000403,2299.550000000636,True
1040,amp180_freq5,5,940.7499999997526,2734.8000000001775,1794.050000000425,True
1041,amp180_freq5,6,890.849999999773,1742.6500000001397,851.8000000003667,True
1042,amp100_freq5,17,129.60000000020955,2688.1499999999505,2558.549999999741,True
1043,amp180_freq5,7,535.2999999995518,1742.7999999999884,1207.5000000004366,True
1044,amp250_freq26,46,62.10000000010041,2758.950000000368,2696.8500000002678,True
1045,amp180_freq5,8,871.2999999997919,2668.550000000323,1797.2500000005311,True
1046,amp100_freq26,8,284.80000000035943,2777.799999999843,2492.9999999994834,True
1047,amp180_freq5,5,384.69999999961146,2584.3999999997322,2199.700000000121,True
1048,amp100_freq26,8,777.9000000000451,2472.1499999996013,1694.2499999995562,True
1049,amp180_freq26,20,316.1499999996522,2775.8999999996377,2459.7499999999854,True
1050,amp180_freq5,6,161.25000000010914,2164.3999999996595,2003.1499999995503,True
1051,amp180_freq5,8,161.29999999975553,2754.149999999754,2592.8499999999985,True
1052,amp100_freq26,6,161.3500000003114,2317.399999999907,2156.0499999995955,True
1053,amp100_freq5,5,938.3500000003551,2538.99999999976,1600.6499999994048,True
1054,amp180_freq5,12,155.24999999979627,2748.099999999795,2592.8499999999985,True
1055,amp180_freq5,10,548.4500000002299,2757.499999999709,2209.049999999479,True
1056,amp180_freq26,28,186.55000000035216,2729.449999999815,2542.899999999463,True
1057,amp250_freq5,4,255.25000000016007,2458.050000000185,2202.8000000000247,True
1058,amp180_freq5,9,277.1499999998923,2476.850000000013,2199.700000000121,True
1059,amp100_freq26,11,904.3499999997948,2792.0500000000175,1887.7000000002226,True
1060,amp180_freq5,8,12.05000000027212,2202.400000000125,2190.349999999853,True
1061,amp100_freq5,7,355.30000000017026,2754.700000000412,2399.4000000002416,True
1062,amp250_freq5,2,2583.150000000387,2779.7499999996944,196.59999999930733,True
1063,amp250_freq26,42,171.3499999996202,2742.3500000004424,2571.000000000822,True
1064,amp180_freq26,23,100.65000000031432,2715.3500000003987,2614.7000000000844,True
1065,amp180_freq5,11,381.5500000000611,2784.0500000002066,2402.5000000001455,True
1066,amp100_freq5,5,331.6999999997279,2731.0999999999694,2399.4000000002416,True
1067,amp250_freq5,5,158.0500000000029,2760.250000000269,2602.2000000002663,True
1068,amp180_freq26,24,46.80000000007567,2586.5999999996347,2539.799999999559,True
1069,amp250_freq5,4,84.30000000043947,889.299999999821,804.9999999993815,True
1070,amp250_freq5,12,493.0999999996857,2689.6999999999025,2196.600000000217,True
1071,amp100_freq26,10,490.0500000003376,2490.0500000003376,2000.0,True
1072,amp180_freq5,10,237.35000000033324,2446.450000000368,2209.100000000035,True
1073,amp100_freq5,6,627.4499999999534,2630.6000000004133,2003.1500000004598,True
1074,amp180_freq26,26,53.39999999978318,2749.200000000201,2695.8000000004176,True
1075,amp180_freq5,13,162.65000000021246,2783.599999999751,2620.9499999995387,True
1076,amp250_freq26,31,9.799999999813735,2743.0999999996857,2733.299999999872,True
1077,amp180_freq26,25,437.35000000015134,2783.6999999999534,2346.349999999802,True
1078,amp250_freq5,10,721.3499999998021,2721.349999999802,2000.0,True
1079,amp250_freq26,52,82.80000000013388,2784.850000000006,2702.049999999872,True
1080,amp100_freq26,11,242.00000000018917,2700.6499999997686,2458.6499999995794,True
1081,amp180_freq5,13,129.70000000041182,2519.7500000003856,2390.049999999974,True
1082,amp250_freq5,14,298.2499999998254,2501.100000000406,2202.8500000005806,True
1083,amp100_freq5,17,310.80000000019936,2772.6000000002387,2461.8000000000393,True
1084,amp100_freq26,16,33.15000000020518,2650.99999999984,2617.8499999996347,True
1085,amp180_freq26,34,5.1499999999577994,2619.850000000042,2614.7000000000844,True
1086,amp250_freq5,13,217.40000000045256,2622.9999999995925,2405.59999999914,True
1087,amp250_freq26,61,64.55000000005384,2769.7500000003856,2705.200000000332,True
1088,amp180_freq5,10,30.300000000352156,2030.3000000003522,2000.0,True
1089,amp250_freq5,12,2.300000000104774,2604.500000000371,2602.2000000002663,True
1090,amp100_freq26,14,130.25000000016007,2601.4500000001135,2471.1999999999534,True
1091,amp100_freq5,14,208.34999999988213,2548.45000000023,2340.100000000348,True
1092,amp180_freq5,12,161.60000000036234,2607.79999999977,2446.1999999994077,True
1093,amp180_freq26,29,12.950000000273576,2783.650000000307,2770.7000000000335,True
1094,amp100_freq26,10,106.6000000000713,2549.699999999575,2443.099999999504,True
1095,amp180_freq5,10,131.6500000002634,2331.350000000384,2199.700000000121,True
1096,amp180_freq26,14,422.8999999995722,2703.7499999996726,2280.8500000001004,True
1097,amp180_freq26,12,613.2999999999811,2457.300000000032,1844.000000000051,True
1098,amp180_freq5,6,48.60000000007858,2101.7000000001644,2053.100000000086,True
1099,amp180_freq26,33,214.04999999958818,2753.8500000000568,2539.8000000004686,True
1100,amp180_freq26,31,214.10000000014406,2791.3500000004206,2577.2500000002765,True
1101,amp100_freq5,13,151.74999999999272,2722.799999999552,2571.049999999559,True
1102,amp100_freq26,11,292.250000000422,2800.8499999996275,2508.5999999992055,True
1103,amp180_freq5,12,354.6999999998661,2791.5499999999156,2436.8500000000495,True
1104,amp100_freq5,8,545.100000000275,2548.2499999998254,2003.1499999995503,True
1105,amp100_freq26,12,276.850000000195,2744.8999999996886,2468.0499999994936,True
1106,amp250_freq26,52,2.3499999997511622,2707.5000000004366,2705.1500000006854,True
1107,amp180_freq26,32,80.39999999982683,2707.5999999997293,2627.1999999999025,True
1108,amp180_freq5,9,670.1999999995678,2657.7500000003056,1987.5500000007378,True
1109,amp100_freq5,11,249.05000000035216,2654.6500000004016,2405.6000000000495,True
1110,amp250_freq26,47,105.55000000022119,2795.1499999999214,2689.5999999997002,True
1111,amp180_freq5,6,389.54999999987194,2589.299999999639,2199.749999999767,True
1112,amp180_freq26,40,136.89999999951397,2642.4000000006345,2505.5000000011205,True
1113,amp250_freq26,94,12.150000000474392,2786.000000000058,2773.849999999584,True
1114,amp250_freq5,13,90.24999999928696,2686.200000000099,2595.950000000812,True
1115,amp100_freq5,21,68.45000000066648,2708.099999999831,2639.6499999991647,True
1116,amp180_freq5,12,109.09999999967113,2714.400000000751,2605.3000000010798,True
1117,amp100_freq5,8,299.49999999917054,2461.750000000393,2162.2500000012224,True
1118,amp250_freq26,68,53.05000000043947,2780.0999999999476,2727.049999999508,True
1119,amp100_freq5,9,53.09999999917636,2686.550000000352,2633.450000001176,True
1120,amp180_freq5,7,100.0000000003638,2299.699999999575,2199.6999999992113,True
1121,amp100_freq26,6,618.0000000003929,2770.8999999995285,2152.8999999991356,True
1122,amp100_freq26,10,40.84999999940919,2649.29999999913,2608.4499999997206,True
1123,amp100_freq26,12,3.4500000001571607,2808.499999999185,2805.049999999028,True
1124,amp250_freq26,26,148.10000000034051,2800.250000000233,2652.1499999998923,True
1125,amp180_freq5,10,391.5500000002794,2794.050000000425,2402.5000000001455,True
1126,amp250_freq5,5,367.7000000006956,2367.7000000006956,2000.0,True
1127,amp250_freq26,39,69.25000000046566,2793.149999999514,2723.8999999990483,True
1128,amp100_freq26,13,6.900000000314321,2799.4500000004336,2792.5500000001193,True
1129,amp180_freq26,27,219.1500000008091,2799.4999999991705,2580.3499999983615,True
1130,amp180_freq5,10,156.80000000065775,2749.649999999747,2592.849999999089,True
1131,amp100_freq5,14,138.15000000067812,2799.650000000838,2661.50000000016,True
1132,amp100_freq26,9,412.8000000000611,2715.5000000002474,2302.7000000001863,True
1133,amp100_freq26,10,406.6500000008091,2715.5500000008033,2308.899999999994,True
1134,amp100_freq5,11,82.20000000073924,2721.849999999904,2639.6499999991647,True
1135,amp100_freq5,9,322.5000000002183,1988.6999999998807,1666.1999999996624,True
1136,amp250_freq5,9,110.39999999957217,2781.300000000556,2670.9000000009837,True
1137,amp250_freq5,9,116.74999999922875,2781.349999999293,2664.600000000064,True
1138,amp100_freq5,2,325.8499999992637,1926.499999999578,1600.6500000003143,True
1139,amp250_freq26,35,49.250000000029104,2467.399999999543,2418.149999999514,True
1140,amp250_freq26,29,5.649999999150168,2710.800000000745,2705.150000001595,True
1141,amp180_freq26,23,83.69999999922584,2773.300000000745,2689.600000001519,True
1142,amp180_freq26,28,86.90000000024156,2785.8500000002095,2698.949999999968,True
1143,amp180_freq26,15,364.6499999995285,2352.199999999357,1987.5499999998283,True
1144,amp100_freq5,7,205.59999999932188,2767.250000000786,2561.650000001464,True
1145,amp250_freq5,10,393.89999999912106,2796.4499999998225,2402.5500000007014,True
1146,amp250_freq26,58,0.8500000003550667,2659.2000000000553,2658.3499999997002,True
1147,amp100_freq5,9,334.74999999998545,2334.8000000005413,2000.0500000005559,True
1148,amp250_freq5,4,522.0499999995809,2522.049999999581,2000.0,True
1149,amp100_freq26,8,54.09999999938009,2671.8999999993684,2617.7999999999884,True
1150,amp250_freq5,8,47.899999999572174,2650.100000000748,2602.200000001176,True
1151,amp250_freq26,31,38.5999999998603,2807.24999999984,2768.6499999999796,True
1152,amp250_freq26,46,0.20000000040454324,2811.4499999992404,2811.249999998836,True
1153,amp250_freq26,39,40.84999999940919,2802.1499999995285,2761.3000000001193,True
1154,amp250_freq26,45,34.64999999960128,2571.350000000166,2536.7000000005646,True
1155,amp180_freq5,7,219.8499999994965,2366.5000000000873,2146.650000000591,True
1156,amp250_freq26,26,32.69999999974971,2478.900000000067,2446.2000000003172,True
1157,amp180_freq5,6,497.64999999933934,2697.3999999991065,2199.749999999767,True
1158,amp180_freq5,7,497.7500000004511,2700.5499999995664,2202.7999999991152,True
1159,amp180_freq5,4,497.799999999188,2497.799999999188,2000.0,True
1160,amp250_freq26,30,85.99999999933061,2772.45000000039,2686.4500000010594,True
1161,amp180_freq5,11,23.649999999179272,2809.950000000754,2786.3000000015745,True
1162,amp100_freq5,9,210.95000000059372,2772.6000000002387,2561.649999999645,True
1163,amp250_freq5,7,199.54999999936263,2811.149999999543,2611.6000000001804,True
1164,amp250_freq26,28,34.25000000061118,2811.200000000099,2776.9499999994878,True
1165,amp250_freq26,24,187.20000000030268,2795.6500000000233,2608.4499999997206,True
1166,amp100_freq26,12,221.60000000076252,2692.75000000016,2471.1499999993976,True
1167,amp180_freq5,8,530.5499999994936,2331.949999999779,1801.4000000002852,True
1168,amp100_freq26,6,54.29999999978463,2672.099999999773,2617.7999999999884,True
1169,amp180_freq5,3,1255.6000000004133,2450.650000000678,1195.0500000002648,True
1170,amp250_freq5,5,232.24999999911233,2435.1000000006024,2202.85000000149,True
1171,amp250_freq26,41,41.99999999946158,2706.5999999995256,2664.600000000064,True
1172,amp100_freq5,5,971.849999999904,2572.5000000002183,1600.6500000003143,True
1173,amp180_freq5,5,981.2999999994645,1986.0000000007858,1004.7000000013213,True
1174,amp100_freq26,14,145.15000000028522,2610.099999999875,2464.9499999995896,True
1175,amp250_freq26,48,29.800000000250293,2791.1499999991065,2761.349999998856,True
1176,amp250_freq26,39,104.750000000422,2728.800000000774,2624.050000000352,True
1177,amp180_freq5,9,295.1499999999214,2697.650000000067,2402.5000000001455,True
1178,amp100_freq5,14,285.85000000020955,2747.6499999993393,2461.79999999913,True
1179,amp100_freq26,14,320.2500000006694,2828.849999999875,2508.5999999992055,True
1180,amp250_freq5,10,201.75000000017462,2601.150000000416,2399.4000000002416,True
1181,amp100_freq26,13,52.05000000023574,2516.9499999992695,2464.8999999990338,True
1182,amp250_freq26,60,5.300000000715954,2816.549999999552,2811.249999998836,True
1183,amp180_freq26,37,6.400000000212458,2777.0999999993364,2770.699999999124,True
1184,amp180_freq5,12,586.8499999996857,2817.75000000016,2230.9000000004744,True
1185,amp180_freq5,12,786.5999999994528,2786.599999999453,2000.0,True
1186,amp180_freq5,11,584.8999999998341,2784.6000000008644,2199.7000000010303,True
1187,amp180_freq26,35,43.10000000077707,2667.1499999993102,2624.049999998533,True
1188,amp250_freq26,77,2.599999999802094,2748.3499999998457,2745.7500000000437,True
1189,amp250_freq26,82,2.650000000357977,2770.249999999578,2767.59999999922,True
1190,amp180_freq5,10,352.1999999993568,2555.000000000291,2202.8000000009342,True
1191,amp100_freq26,17,221.19999999995343,2377.249999999549,2156.0499999995955,True
1192,amp100_freq5,12,333.59999999993306,2667.4999999995634,2333.8999999996304,True
1193,amp180_freq26,41,90.29999999984284,2823.549999999159,2733.249999999316,True
1194,amp180_freq5,11,208.95000000018626,2611.450000000332,2402.5000000001455,True
1195,amp100_freq26,15,321.29999999961,2786.2499999991996,2464.9499999995896,True
1196,amp250_freq5,6,377.5499999992462,2780.0499999993917,2402.5000000001455,True
1197,amp100_freq5,15,190.3999999994994,2748.9499999992404,2558.549999999741,True
1198,amp180_freq26,37,118.70000000089931,2739.6499999995285,2620.949999998629,True
1199,amp100_freq5,13,72.00000000011642,2474.500000000262,2402.5000000001455,True
1200,amp180_freq26,21,193.7500000003638,2577.549999999974,2383.79999999961,True
