kind,trial_number,expected_start_s,burst_index,detected_start_s,delta_s,note
matched_trial,1,1540,10,1539.4833,-0.5166999999999007,
matched_trial,2,1546,11,1545.4408,-0.5591999999999189,
matched_trial,3,1552,12,1552.1711,0.171100000000024,
matched_trial,5,1564,13,1563.4413,-0.5587000000000444,
matched_trial,6,1570,14,1569.6068,-0.3931999999999789,
matched_trial,7,1576,15,1575.48215,-0.5178499999999531,
matched_trial,8,1582,16,1581.6789,-0.3210999999998876,
matched_trial,9,1588,17,1588.4466,0.44659999999998945,
matched_trial,10,1594,18,1593.8196,-0.18039999999996326,
matched_trial,11,1600,19,1599.79585,-0.20415000000002692,
matched_trial,12,1606,20,1606.9848,0.9847999999999502,
matched_trial,13,1612,21,1612.1893,0.1893000000000029,
matched_trial,14,1618,22,1619.3065,1.3064999999999145,
matched_trial,15,1624,23,1624.1896,0.1895999999999276,
matched_trial,16,1630,24,1629.962,-0.038000000000010914,
matched_trial,17,1636,25,1636.70165,0.7016499999999724,
matched_trial,18,1642,26,1643.0949,1.0949000000000524,
matched_trial,19,1648,27,1647.71285,-0.2871500000001106,
matched_trial,20,1654,28,1653.713,-0.28700000000003456,
matched_trial,21,1660,29,1659.4479,-0.5521000000001095,
matched_trial,22,1666,30,1666.39765,0.3976500000001124,
matched_trial,23,1672,31,1671.61155,-0.3884499999999207,
matched_trial,24,1678,32,1677.4463,-0.5536999999999352,
matched_trial,25,1684,33,1682.7101,-1.2898999999999887,
matched_trial,26,1690,34,1690.33275,0.33275000000003274,
matched_trial,27,1696,35,1697.13795,1.1379500000000462,
matched_trial,28,1702,36,1702.046,0.04600000000004911,
matched_trial,30,1714,37,1713.5658,-0.4341999999999189,
matched_trial,32,1726,38,1725.8376,-0.16239999999993415,
matched_trial,33,1732,39,1731.52885,-0.47115000000007967,
matched_trial,34,1738,40,1737.83165,-0.1683499999999185,
matched_trial,35,1744,41,1744.2187,0.21869999999989886,
matched_trial,36,1750,42,1749.4482,-0.5517999999999574,
matched_trial,37,1756,43,1755.44835,-0.5516500000001088,
matched_trial,38,1762,44,1761.4485,-0.5515000000000327,
matched_trial,39,1768,45,1767.8106,-0.1893999999999778,
matched_trial,40,1774,46,1773.49875,-0.5012500000000273,
matched_trial,41,1780,47,1779.9607,-0.03929999999991196,
matched_trial,42,1786,48,1785.45225,-0.5477499999999509,
matched_trial,43,1792,49,1794.401,2.4010000000000673,
matched_trial,44,1798,50,1797.4567,-0.5433000000000447,
matched_trial,45,1804,51,1803.45065,-0.549350000000004,
matched_trial,46,1810,52,1809.45705,-0.5429500000000189,
matched_trial,47,1816,53,1815.7349,-0.26510000000007494,
matched_trial,48,1822,54,1821.45735,-0.5426500000000942,
matched_trial,49,1828,55,1827.5324,-0.4675999999999476,
matched_trial,50,1834,56,1834.23145,0.23144999999999527,
matched_trial,51,1840,57,1839.4609,-0.5390999999999622,
matched_trial,52,1846,58,1845.4673,-0.5326999999999771,
matched_trial,53,1852,59,1851.4768,-0.523200000000088,
matched_trial,54,1858,60,1857.47385,-0.526149999999916,
matched_trial,55,1864,61,1863.5645,-0.4355000000000473,
matched_trial,56,1870,62,1869.45855,-0.5414499999999407,
matched_trial,57,1876,63,1875.87055,-0.12944999999990614,
matched_trial,58,1882,64,1881.7865,-0.2135000000000673,
matched_trial,59,1888,65,1887.69615,-0.3038500000000113,
matched_trial,60,1894,66,1893.75245,-0.24755000000004657,
matched_trial,61,1900,67,1899.5373,-0.46270000000004075,
matched_trial,62,1906,68,1905.4657,-0.5343000000000302,
matched_trial,63,1912,69,1911.45755,-0.542449999999917,
matched_trial,64,1918,70,1917.4733,-0.5266999999998916,
matched_trial,65,1924,71,1923.45785,-0.5421499999999924,
matched_trial,66,1930,72,1929.45905,-0.5409500000000662,
matched_trial,67,1936,73,1935.46855,-0.5314499999999498,
matched_trial,68,1942,74,1942.0553,0.05529999999998836,
matched_trial,69,1948,75,1948.018,0.018000000000029104,
matched_trial,70,1954,76,1953.96825,-0.03175000000010186,
matched_trial,71,1960,77,1960.27105,0.2710500000000593,
matched_trial,72,1966,78,1965.461,-0.5389999999999873,
matched_trial,73,1972,79,1971.6889,-0.3110999999998967,
matched_trial,74,1978,80,1977.79205,-0.20794999999998254,
matched_trial,75,1984,81,1983.67985,-0.32015000000001237,
matched_trial,76,1990,82,1989.7518,-0.2481999999999971,
matched_trial,77,1996,83,1995.7176,-0.2824000000000524,
matched_trial,78,2002,84,2001.7396,-0.2603999999998905,
matched_trial,79,2008,85,2008.23585,0.23585000000002765,
matched_trial,80,2014,86,2013.4726,-0.5273999999999432,
matched_trial,81,2020,87,2019.4634,-0.5365999999999076,
matched_trial,82,2026,88,2025.54155,-0.4584500000000844,
matched_trial,83,2032,89,2031.99105,-0.008949999999913416,
matched_trial,84,2038,90,2037.4732,-0.5268000000000939,
matched_trial,85,2044,91,2043.62105,-0.37895000000003165,
matched_trial,86,2050,92,2049.4746,-0.5253999999999905,
matched_trial,87,2056,93,2055.72435,-0.2756500000000415,
matched_trial,88,2062,94,2061.56535,-0.434650000000147,
matched_trial,89,2068,95,2067.759,-0.24099999999998545,
matched_trial,90,2074,96,2073.51575,-0.48424999999997453,
matched_trial,91,2080,97,2079.5471,-0.452900000000227,
matched_trial,93,2092,98,2091.50375,-0.4962500000001455,
matched_trial,94,2098,99,2097.4706,-0.529399999999896,
matched_trial,95,2104,100,2103.46765,-0.5323499999999513,
matched_trial,96,2110,101,2109.4678,-0.5322000000001026,
matched_trial,97,2116,102,2115.47735,-0.522649999999885,
matched_trial,98,2122,103,2121.4681,-0.5318999999999505,
matched_trial,99,2128,104,2127.97375,-0.02624999999989086,
matched_trial,100,2134,105,2133.46845,-0.5315500000001521,
matched_trial,101,2140,106,2139.47485,-0.5251499999999396,
matched_trial,103,2152,107,2152.2115,0.21149999999988722,
matched_trial,105,2164,108,2164.0132,0.01319999999986976,
matched_trial,106,2170,109,2169.4704,-0.5295999999998457,
matched_trial,107,2176,110,2175.481,-0.5189999999997781,
matched_trial,108,2182,111,2182.46815,0.4681500000001506,
matched_trial,109,2188,112,2187.48235,-0.5176499999997759,
matched_trial,110,2194,113,2194.4217,0.4216999999998734,
matched_trial,111,2200,114,2199.5326,-0.4673999999999978,
matched_trial,112,2206,115,2205.4776,-0.5223999999998341,
matched_trial,113,2212,116,2211.73675,-0.2632499999999709,
matched_trial,114,2218,117,2217.1347,-0.8652999999999338,
matched_trial,115,2224,118,2224.76985,0.7698500000001332,
matched_trial,116,2230,119,2231.37535,1.3753499999997985,
matched_trial,117,2236,120,2236.29905,0.2990500000000793,
matched_trial,118,2242,121,2241.4786,-0.5214000000000851,
matched_trial,119,2248,122,2247.5942,-0.4057999999999993,
matched_trial,120,2254,123,2253.8783,-0.12170000000014625,
matched_trial,121,2260,124,2259.4822,-0.5178000000000793,
matched_trial,122,2266,125,2265.81935,-0.18064999999978681,
matched_trial,123,2272,126,2271.79455,-0.20544999999992797,
matched_trial,124,2278,127,2277.7635,-0.23649999999997817,
matched_trial,125,2284,128,2283.50155,-0.498450000000048,
matched_trial,126,2290,129,2289.53295,-0.46705000000019936,
matched_trial,127,2296,130,2296.0573,0.057299999999941065,
matched_trial,128,2302,131,2303.6113,1.6113000000000284,
matched_trial,129,2308,132,2307.4866,-0.5133999999998196,
matched_trial,130,2314,133,2313.62095,-0.37905000000000655,
matched_trial,131,2320,134,2319.6211,-0.3789000000001579,
matched_trial,132,2326,135,2325.5339,-0.46610000000009677,
matched_trial,133,2332,136,2332.1425,0.14249999999992724,
matched_trial,134,2338,137,2337.68085,-0.31914999999980864,
matched_trial,135,2344,138,2343.48135,-0.5186499999999796,
matched_trial,136,2350,139,2349.4815,-0.518500000000131,
matched_trial,137,2356,140,2356.3345,0.3344999999999345,
matched_trial,138,2362,141,2361.86975,-0.13025000000016007,
matched_trial,139,2368,142,2367.48615,-0.5138499999998203,
matched_trial,140,2374,143,2373.48315,-0.5168499999999767,
matched_trial,141,2380,145,2379.48335,-0.5166500000000269,
matched_trial,142,2386,146,2385.77365,-0.22634999999991123,
matched_trial,143,2392,147,2391.6178,-0.38220000000001164,
matched_trial,145,2404,148,2404.3493,0.3492999999998574,
matched_trial,146,2410,149,2411.1545,1.1545000000000982,
matched_trial,147,2416,150,2416.3278,0.32780000000002474,
matched_trial,148,2422,151,2421.53855,-0.4614499999997861,
matched_trial,149,2428,152,2427.68535,-0.31464999999980137,
matched_trial,150,2434,153,2433.4921,-0.5079000000000633,
matched_trial,151,2440,154,2440.2848,0.2847999999999047,
matched_trial,152,2446,155,2445.74515,-0.25484999999980573,
matched_trial,153,2452,156,2451.62985,-0.37015000000019427,
matched_trial,154,2458,157,2457.7923,-0.2076999999999316,
matched_trial,155,2464,158,2465.0374,1.0374000000001615,
matched_trial,156,2470,159,2470.08905,0.08905000000004293,
matched_trial,157,2476,160,2476.46365,0.46365000000014334,
matched_trial,158,2482,161,2482.8632,0.8631999999997788,
matched_trial,159,2488,162,2487.5092,-0.49080000000003565,
matched_trial,160,2494,163,2493.5,-0.5,
matched_trial,161,2500,164,2499.4908,-0.5091999999999643,
matched_trial,162,2506,165,2505.5752,-0.42479999999977736,
matched_trial,163,2512,166,2511.49425,-0.5057499999998072,
matched_trial,164,2518,167,2518.59585,0.595850000000155,
matched_trial,165,2524,168,2523.9252,-0.0747999999998683,
matched_trial,166,2530,169,2529.83795,-0.16204999999990832,
matched_trial,167,2536,170,2535.49285,-0.5071499999999105,
matched_trial,168,2542,171,2541.9205,-0.07949999999982538,
matched_trial,169,2548,172,2547.7896,-0.21039999999993597,
matched_trial,170,2554,173,2553.5495,-0.45049999999991996,
matched_trial,171,2560,174,2559.5091,-0.4908999999997832,
matched_trial,172,2566,175,2566.7636,0.7636000000002241,
matched_trial,173,2572,176,2572.5672,0.5671999999999571,
matched_trial,174,2578,177,2578.5736,0.5736000000001695,
matched_trial,175,2584,178,2584.3616,0.36160000000018044,
matched_trial,176,2590,179,2589.6129,-0.3870999999999185,
matched_trial,177,2596,180,2595.49765,-0.5023500000002059,
matched_trial,178,2602,181,2601.50195,-0.49805000000014843,
matched_trial,179,2608,182,2607.4959,-0.5041000000001077,
matched_trial,180,2614,183,2613.51165,-0.4883500000000822,
matched_trial,181,2620,184,2619.6335,-0.3665000000000873,
matched_trial,182,2626,185,2625.9946,-0.005400000000008731,
matched_trial,184,2638,186,2636.90285,-1.097150000000056,
matched_trial,185,2644,187,2644.51095,0.5109499999998661,
matched_trial,186,2650,188,2649.5033,-0.49670000000014625,
matched_trial,187,2656,189,2655.7406,-0.25939999999991414,
matched_trial,188,2662,190,2661.50675,-0.4932499999999891,
matched_trial,189,2668,191,2667.872,-0.12800000000015643,
matched_trial,190,2674,192,2674.33395,0.33395000000018626,
matched_trial,191,2680,193,2679.71635,-0.2836499999998523,
matched_trial,192,2686,194,2685.78825,-0.21174999999993815,
matched_trial,193,2692,195,2692.59345,0.5934499999998479,
matched_trial,194,2698,196,2697.93835,-0.06165000000009968,
matched_trial,195,2704,197,2702.42835,-1.5716499999998632,
matched_trial,196,2710,198,2709.50605,-0.49395000000004075,
matched_trial,197,2716,199,2717.2816,1.2815999999997985,
matched_trial,199,2728,200,2729.4941,1.4940999999998894,
matched_trial,200,2734,201,2733.99345,-0.006550000000061118,
matched_trial,202,2746,202,2746.03125,0.03125,
matched_trial,203,2752,203,2751.6445,-0.35550000000012005,
matched_trial,204,2758,204,2759.2079,1.2078999999998814,
matched_trial,205,2764,205,2763.8196,-0.18040000000019063,
matched_trial,206,2770,206,2770.5218,0.5217999999999847,
matched_trial,207,2776,207,2777.24585,1.2458499999997912,
matched_trial,208,2782,208,2781.50495,-0.495049999999992,
matched_trial,209,2788,209,2787.63305,-0.36695000000008804,
matched_trial,210,2794,210,2795.3275,1.3274999999998727,
matched_trial,212,2806,211,2805.5056,-0.4944000000000415,
matched_trial,213,2812,212,2811.89895,-0.10105000000021391,
matched_trial,214,2818,214,2817.7306,-0.2694000000001324,
matched_trial,215,2824,215,2823.8213,-0.17869999999993524,
matched_trial,216,2830,216,2829.6405,-0.35950000000002547,
matched_trial,217,2836,217,2835.71865,-0.28135000000020227,
matched_trial,218,2842,218,2842.7516,0.7516000000000531,
matched_trial,221,2860,219,2859.66005,-0.3399500000000444,
matched_trial,222,2866,220,2866.68055,0.6805500000000393,
matched_trial,223,2872,221,2873.49195,1.491950000000088,
matched_trial,224,2878,222,2878.30335,0.3033500000001368,
matched_trial,225,2884,223,2885.27075,1.2707500000001346,
matched_trial,226,2890,224,2889.86685,-0.13315000000011423,
matched_trial,227,2896,225,2895.5706,-0.4293999999999869,
matched_trial,228,2902,226,2901.5926,-0.4074000000000524,
matched_trial,229,2908,228,2907.72385,-0.27615000000014334,
matched_trial,230,2914,229,2914.93465,0.934650000000147,
matched_trial,231,2920,230,2919.73665,-0.26335000000017317,
matched_trial,232,2926,231,2926.7228,0.7228000000000065,
matched_trial,233,2932,232,2931.8878,-0.11220000000002983,
matched_trial,234,2938,233,2939.2453,1.245300000000043,
matched_trial,235,2944,234,2943.51375,-0.48624999999992724,
matched_trial,236,2950,235,2950.191,0.19099999999980355,
matched_trial,237,2956,236,2956.55625,0.556250000000091,
matched_trial,238,2962,237,2961.51425,-0.4857499999998254,
matched_trial,239,2968,238,2967.5238,-0.4762000000000626,
matched_trial,240,2974,240,2973.5146,-0.4854000000000269,
matched_trial,241,2980,241,2979.51475,-0.48525000000017826,
matched_trial,242,2986,242,2986.33245,0.3324499999998807,
matched_trial,243,2992,243,2991.51615,-0.48385000000007494,
matched_trial,244,2998,244,2998.312,0.31199999999989814,
matched_trial,245,3004,245,3003.5165,-0.48349999999982174,
matched_trial,246,3010,246,3009.57285,-0.42714999999998327,
matched_trial,247,3016,247,3016.1721,0.172099999999773,
matched_trial,248,3022,248,3021.517,-0.4830000000001746,
matched_trial,249,3028,249,3027.51825,-0.48174999999991996,
matched_trial,250,3034,250,3034.01455,0.014549999999871943,
matched_trial,251,3040,251,3039.5186,-0.4814000000001215,
matched_trial,252,3046,252,3045.525,-0.47499999999990905,
matched_trial,253,3052,253,3051.51895,-0.4810499999998683,
matched_trial,255,3064,254,3063.5255,-0.4744999999998072,
matched_trial,256,3070,256,3069.78155,-0.21844999999984793,
matched_trial,257,3076,257,3077.28565,1.285649999999805,
matched_trial,258,3082,258,3083.2359,1.2359000000001288,
matched_trial,259,3088,259,3088.04105,0.041049999999813735,
matched_trial,260,3094,261,3095.23625,1.2362499999999272,
matched_trial,261,3100,262,3099.9197,-0.08030000000007931,
matched_trial,262,3106,263,3105.5673,-0.43269999999984066,
matched_trial,263,3112,264,3111.5269,-0.4731000000001586,
matched_trial,264,3118,265,3117.61755,-0.3824500000000626,
matched_trial,265,3124,266,3123.61775,-0.3822500000001128,
matched_trial,266,3130,267,3130.3418,0.34180000000014843,
matched_trial,267,3136,268,3136.68205,0.6820499999998901,
matched_trial,268,3142,269,3141.52775,-0.47224999999980355,
matched_trial,269,3148,270,3147.52795,-0.47204999999985375,
matched_trial,270,3154,271,3153.8682,-0.13180000000011205,
matched_trial,271,3160,272,3161.2132,1.2132000000001426,
matched_trial,272,3166,273,3166.0339,0.03389999999990323,
matched_trial,273,3172,274,3171.7626,-0.23739999999997963,
matched_trial,274,3178,275,3177.52565,-0.4743499999999585,
matched_trial,275,3184,276,3183.52685,-0.473149999999805,
matched_trial,276,3190,277,3189.53325,-0.4667500000000473,
matched_trial,277,3196,278,3196.0982,0.09819999999990614,
matched_trial,278,3202,279,3201.9018,-0.09819999999990614,
matched_trial,279,3208,280,3207.5369,-0.46309999999994034,
matched_trial,280,3214,281,3214.24535,0.24535000000014406,
matched_trial,281,3220,282,3220.43585,0.43584999999984575,
matched_trial,282,3226,283,3225.59045,-0.40954999999985375,
matched_trial,283,3232,284,3232.01185,0.011849999999867578,
matched_trial,284,3238,285,3238.00265,0.0026499999999032298,
matched_trial,285,3244,286,3243.57535,-0.4246499999999287,
matched_trial,286,3250,287,3250.1902,0.19020000000000437,
matched_trial,287,3256,288,3257.81605,1.8160499999999047,
matched_trial,288,3262,289,3261.5291,-0.47089999999980137,
matched_trial,289,3268,290,3268.5402,0.5401999999999134,
matched_trial,290,3274,291,3273.9444,-0.055600000000140426,
matched_trial,291,3280,292,3279.5358,-0.4641999999998916,
matched_trial,292,3286,293,3286.45335,0.453349999999773,
matched_trial,293,3292,294,3291.714,-0.2860000000000582,
matched_trial,294,3298,295,3297.8702,-0.12980000000015934,
matched_trial,295,3304,296,3303.54275,-0.4572499999999309,
matched_trial,296,3310,297,3309.6334,-0.36659999999983484,
matched_trial,297,3316,298,3316.04855,0.048549999999977445,
matched_trial,298,3322,299,3321.63685,-0.3631500000001324,
matched_trial,299,3328,300,3328.2486,0.24859999999989668,
matched_trial,300,3334,301,3333.6996,-0.3004000000000815,
matched_trial,301,3340,302,3340.23955,0.239549999999781,
matched_trial,302,3346,303,3345.53455,-0.46545000000014625,
matched_trial,303,3352,304,3351.95905,-0.04095000000006621,
matched_trial,304,3358,305,3357.80325,-0.19675000000006548,
matched_trial,305,3364,306,3364.2725,0.2725000000000364,
matched_trial,306,3370,307,3369.5373,-0.46270000000004075,
matched_trial,307,3376,308,3377.55625,1.556250000000091,
matched_trial,308,3382,309,3381.625,-0.375,
matched_trial,309,3388,310,3388.04955,0.04955000000018117,
matched_trial,310,3394,311,3394.2057,0.2056999999999789,
matched_trial,311,3400,312,3399.9625,-0.03749999999990905,
matched_trial,312,3406,313,3405.5477,-0.4522999999999229,
matched_trial,313,3412,314,3411.54785,-0.4521500000000742,
matched_trial,314,3418,315,3419.6989,1.6988999999998668,
matched_trial,315,3424,316,3423.6803,-0.31970000000001164,
matched_trial,316,3430,317,3430.6384,0.6383999999998196,
matched_trial,317,3436,318,3438.20805,2.208050000000185,
matched_trial,318,3442,319,3441.8306,-0.16940000000022337,
matched_trial,319,3448,320,3447.68725,-0.31275000000005093,
matched_trial,320,3454,321,3453.7498,-0.2501999999999498,
matched_trial,321,3460,322,3460.0932,0.093199999999797,
matched_trial,322,3466,323,3465.60975,-0.3902499999999236,
matched_trial,323,3472,324,3471.5413,-0.45870000000013533,
matched_trial,324,3478,325,3477.74115,-0.2588500000001659,
matched_trial,325,3484,326,3486.3467,2.3467000000000553,
matched_trial,326,3490,327,3491.5481,1.5480999999999767,
matched_trial,327,3496,328,3495.7822,-0.2177999999998974,
matched_trial,328,3502,329,3501.57645,-0.42354999999997744,
matched_trial,329,3508,330,3507.5444,-0.45559999999977663,
matched_trial,330,3514,331,3513.68495,-0.3150500000001557,
matched_trial,331,3520,332,3519.8037,-0.19630000000006476,
matched_trial,332,3526,333,3525.6229,-0.377100000000155,
matched_trial,333,3532,334,3531.97565,-0.024350000000140426,
matched_trial,334,3538,335,3537.62635,-0.3736499999999978,
matched_trial,335,3544,336,3543.5454,-0.45460000000002765,
matched_trial,336,3550,337,3549.5518,-0.4481999999998152,
matched_trial,337,3556,338,3555.656,-0.34400000000005093,
matched_trial,338,3562,339,3561.548,-0.45200000000022555,
matched_trial,339,3568,340,3567.8789,-0.12109999999984211,
matched_trial,340,3574,341,3573.88845,-0.11155000000007931,
matched_trial,341,3580,342,3580.8122,0.8121999999998479,
matched_trial,342,3586,343,3586.20705,0.20704999999998108,
matched_trial,343,3592,344,3591.55925,-0.44075000000020736,
matched_trial,344,3598,345,3597.93695,-0.063050000000203,
matched_trial,345,3604,346,3603.88825,-0.1117500000000291,
matched_trial,346,3610,347,3609.55455,-0.44545000000016444,
matched_trial,347,3616,348,3615.72325,-0.2767499999999927,
matched_trial,348,3622,349,3621.98865,-0.011350000000220462,
matched_trial,349,3628,350,3627.8328,-0.16719999999986612,
matched_trial,350,3634,351,3633.56775,-0.43224999999983993,
matched_trial,351,3640,352,3639.7333,-0.26670000000012806,
matched_trial,352,3646,353,3645.64295,-0.35705000000007203,
matched_trial,353,3652,354,3651.65875,-0.34124999999994543,
matched_trial,354,3658,355,3657.55285,-0.4471499999999651,
matched_trial,355,3664,356,3663.9004,-0.09960000000000946,
matched_trial,356,3670,357,3670.50275,0.5027500000001055,
matched_trial,357,3676,358,3676.8243,0.8243000000002212,
matched_trial,358,3682,359,3681.61695,-0.38304999999991196,
matched_trial,359,3688,360,3687.67955,-0.32045000000016444,
matched_trial,360,3694,361,3693.56115,-0.4388500000000022,
matched_trial,361,3700,362,3699.79535,-0.20465000000012878,
matched_trial,362,3706,363,3705.5594,-0.44059999999990396,
matched_trial,363,3712,364,3712.7359,0.7359000000001288,
matched_trial,364,3718,365,3717.55665,-0.44335000000000946,
matched_trial,365,3724,366,3723.7253,-0.2746999999999389,
matched_trial,366,3730,367,3729.6818,-0.3182000000001608,
matched_trial,367,3736,368,3736.5681,0.5680999999999585,
matched_trial,368,3742,369,3743.17985,1.1798499999999876,
matched_trial,369,3748,370,3748.7089,0.7089000000000851,
matched_trial,371,3760,371,3759.56725,-0.4327499999999418,
matched_trial,372,3766,372,3765.7047,-0.2953000000002248,
matched_trial,373,3772,373,3772.7782,0.7782000000001972,
matched_trial,374,3778,374,3777.56775,-0.43224999999983993,
matched_trial,375,3784,375,3783.56585,-0.4341500000000451,
matched_trial,376,3790,376,3790.2743,0.2743000000000393,
matched_trial,377,3796,377,3796.8923,0.8922999999999774,
matched_trial,378,3802,378,3802.0812,0.08120000000008076,
matched_trial,379,3808,379,3807.92535,-0.07465000000001965,
matched_trial,380,3814,380,3814.62135,0.621349999999893,
matched_trial,381,3820,381,3820.0193,0.01929999999993015,
matched_trial,382,3826,382,3826.54055,0.5405500000001666,
matched_trial,383,3832,383,3832.48145,0.48145000000022264,
matched_trial,384,3838,384,3837.65785,-0.3421499999999469,
matched_trial,385,3844,385,3843.5686,-0.4313999999999396,
matched_trial,386,3850,386,3849.57185,-0.428150000000187,
matched_trial,387,3856,387,3855.9215,-0.0785000000000764,
matched_trial,388,3862,388,3861.57015,-0.42984999999998763,
matched_trial,389,3868,389,3867.93535,-0.06464999999980137,
matched_trial,390,3874,390,3873.84815,-0.151850000000195,
matched_trial,391,3880,391,3880.1229,0.12289999999984502,
matched_trial,392,3886,392,3885.6145,-0.3854999999998654,
matched_trial,393,3892,393,3891.624,-0.3760000000002037,
matched_trial,394,3898,394,3897.91745,-0.08255000000008295,
matched_trial,395,3904,395,3903.5661,-0.4338999999999942,
matched_trial,396,3910,396,3909.5756,-0.42439999999987776,
matched_trial,397,3916,397,3915.5758,-0.42419999999992797,
matched_trial,398,3922,398,3921.5666,-0.4333999999998923,
matched_trial,399,3928,399,3927.57405,-0.42594999999982974,
matched_trial,400,3934,400,3933.70525,-0.29475000000002183,
matched_trial,401,3940,401,3939.78655,-0.21345000000019354,
matched_trial,402,3946,402,3945.62445,-0.375550000000203,
matched_trial,403,3952,403,3951.64955,-0.3504499999999098,
matched_trial,404,3958,404,3958.4298,0.4297999999998865,
matched_trial,405,3964,405,3964.03995,0.039949999999862484,
matched_trial,406,3970,406,3970.4301,0.43010000000003856,
matched_trial,407,3976,407,3976.2306,0.23059999999986758,
matched_trial,408,3982,408,3981.7315,-0.26850000000013097,
matched_trial,409,3988,409,3987.56945,-0.4305500000000393,
matched_trial,410,3994,410,3993.5696,-0.43040000000019063,
matched_trial,411,4000,411,3999.59785,-0.4021499999998923,
matched_trial,412,4006,412,4005.57095,-0.42905000000018845,
matched_trial,413,4012,413,4011.9393,-0.06069999999999709,
matched_trial,414,4018,414,4017.7086,-0.29140000000006694,
matched_trial,415,4024,415,4023.6401,-0.35989999999992506,
matched_trial,416,4030,416,4029.6902,-0.30979999999999563,
matched_trial,417,4036,417,4035.5822,-0.41780000000017026,
matched_trial,418,4042,418,4041.65205,-0.3479499999998552,
matched_trial,419,4048,419,4047.8831,-0.1168999999999869,
matched_trial,420,4054,420,4054.14535,0.14534999999978027,
matched_trial,421,4060,421,4060.3452,0.34520000000020445,
matched_trial,422,4066,422,4065.5976,-0.40239999999994325,
matched_trial,423,4072,423,4071.5759,-0.42410000000018044,
matched_trial,424,4078,424,4077.5792,-0.42079999999987194,
matched_trial,425,4084,425,4083.8009,-0.19909999999981665,
matched_trial,426,4090,426,4089.91965,-0.08035000000018044,
matched_trial,427,4096,427,4096.71545,0.7154499999996915,
matched_trial,428,4102,428,4102.04475,0.04475000000002183,
matched_trial,429,4108,429,4108.19785,0.197849999999562,
matched_trial,430,4114,430,4113.9546,-0.04539999999997235,
matched_trial,431,4120,431,4119.58765,-0.41234999999960564,
matched_trial,432,4126,432,4126.18375,0.18375000000014552,
matched_trial,433,4132,433,4132.1839,0.18389999999999418,
matched_trial,434,4138,434,4137.5819,-0.4180999999998676,
matched_trial,435,4144,435,4143.9908,-0.009200000000419095,
matched_trial,436,4150,436,4149.65085,-0.34915000000000873,
matched_trial,437,4156,437,4156.24075,0.24074999999993452,
matched_trial,438,4162,438,4161.58045,-0.4195499999996173,
matched_trial,439,4168,439,4167.78345,-0.2165500000000975,
matched_trial,440,4174,440,4173.59015,-0.4098500000000058,
matched_trial,441,4180,441,4179.582,-0.4179999999996653,
matched_trial,442,4186,442,4185.8006,-0.19940000000042346,
matched_trial,443,4192,443,4191.67905,-0.3209500000002663,
matched_trial,444,4198,444,4197.88205,-0.11794999999983702,
matched_trial,445,4204,445,4203.78545,-0.21454999999969004,
matched_trial,446,4210,446,4210.00715,0.007150000000365253,
matched_trial,447,4216,447,4215.6298,-0.3702000000002954,
matched_trial,448,4222,448,4221.5842,-0.4157999999997628,
matched_trial,449,4228,449,4227.5937,-0.4062999999996464,
matched_trial,450,4234,450,4233.89445,-0.10555000000022119,
matched_trial,451,4240,451,4240.52175,0.5217499999998836,
matched_trial,452,4246,452,4245.58585,-0.41414999999960855,
matched_trial,453,4252,453,4251.7327,-0.2673000000004322,
matched_trial,454,4258,454,4257.5893,-0.4107000000003609,
matched_trial,455,4264,455,4263.5895,-0.41049999999995634,
matched_trial,456,4270,456,4269.59275,-0.4072500000002037,
matched_trial,457,4276,457,4275.5867,-0.413300000000163,
matched_trial,458,4282,458,4281.58995,-0.41005000000041036,
matched_trial,459,4288,459,4287.5901,-0.4098999999996522,
matched_trial,460,4294,460,4293.5934,-0.4066000000002532,
matched_trial,461,4300,461,4299.59355,-0.40645000000040454,
matched_trial,462,4306,462,4305.59685,-0.40315000000009604,
matched_trial,463,4312,463,4312.143,0.1430000000000291,
matched_trial,464,4318,464,4317.5888,-0.41119999999955326,
matched_trial,465,4324,465,4323.6077,-0.3923000000004322,
matched_trial,466,4330,466,4329.59535,-0.40465000000040163,
matched_trial,467,4336,467,4335.70475,-0.2952500000001237,
matched_trial,468,4342,468,4342.0013,0.001299999999901047,
matched_trial,469,4348,469,4347.03835,-0.9616500000001906,
matched_trial,470,4354,470,4353.9371,-0.06289999999989959,
matched_trial,471,4360,471,4360.93885,0.9388499999995474,
matched_trial,472,4366,472,4365.5942,-0.405800000000454,
matched_trial,473,4372,473,4371.73165,-0.2683500000002823,
matched_trial,474,4378,474,4380.2654,2.265400000000227,
matched_trial,475,4384,475,4384.9145,0.9144999999998618,
matched_trial,476,4390,476,4389.885,-0.11499999999978172,
matched_trial,477,4396,477,4396.2814,0.28139999999984866,
matched_trial,478,4402,478,4402.50305,0.5030500000002576,
matched_trial,479,4408,479,4407.667,-0.3329999999996289,
matched_trial,480,4414,480,4413.59225,-0.4077500000003056,
matched_trial,481,4420,481,4419.686,-0.3140000000003056,
matched_trial,482,4426,482,4425.9545,-0.04550000000017462,
matched_trial,483,4432,483,4431.5927,-0.4072999999998501,
matched_trial,484,4438,484,4437.59595,-0.4040500000000975,
matched_trial,485,4444,485,4443.83325,-0.16675000000032014,
matched_trial,486,4450,486,4449.78035,-0.21965000000000146,
matched_trial,487,4456,487,4455.5933,-0.406699999999546,
matched_trial,488,4462,488,4461.74945,-0.25054999999974825,
matched_trial,489,4468,489,4467.65285,-0.3471499999996013,
matched_trial,490,4474,491,4473.60305,-0.39695000000028813,
matched_trial,491,4480,492,4479.92145,-0.07855000000017753,
matched_trial,492,4486,493,4486.0745,0.07449999999971624,
matched_trial,493,4492,494,4492.2525,0.2524999999995998,
matched_trial,494,4498,495,4498.10285,0.10285000000021682,
matched_trial,495,4504,496,4505.9907,1.9907000000002881,
matched_trial,496,4510,497,4509.85665,-0.1433500000002823,
matched_trial,497,4516,498,4515.60405,-0.3959500000000844,
matched_trial,498,4522,499,4522.9084,0.9084000000002561,
matched_trial,499,4528,500,4529.10825,1.1082500000002256,
matched_trial,500,4534,501,4533.5982,-0.4017999999996391,
matched_trial,501,4540,502,4540.00085,0.0008500000003550667,
matched_trial,502,4546,503,4545.7264,-0.2736000000004424,
matched_trial,503,4552,504,4552.6345,0.6345000000001164,
matched_trial,504,4558,505,4558.4443,0.44430000000011205,
matched_trial,505,4564,506,4563.60825,-0.39174999999977445,
matched_trial,506,4570,507,4569.75295,-0.2470499999999447,
matched_trial,507,4576,508,4575.6033,-0.3967000000002372,
matched_trial,508,4582,509,4581.6596,-0.3404000000000451,
matched_trial,509,4588,510,4588.06535,0.06534999999985303,
matched_trial,510,4594,511,4593.7597,-0.24030000000038854,
matched_trial,511,4600,512,4600.4494,0.44940000000042346,
matched_trial,512,4606,513,4606.14685,0.14685000000008586,
matched_trial,513,4612,514,4612.56925,0.5692499999995562,
matched_trial,514,4618,515,4617.60525,-0.3947500000003856,
matched_trial,515,4624,516,4624.51645,0.5164500000000771,
matched_trial,516,4630,517,4629.65855,-0.3414499999998952,
matched_trial,517,4636,518,4635.693,-0.306999999999789,
matched_trial,518,4642,519,4642.05815,0.058149999999841384,
matched_trial,519,4648,520,4647.8586,-0.14140000000043074,
matched_trial,520,4654,521,4653.81815,-0.18184999999994034,
matched_trial,521,4660,522,4659.64355,-0.35645000000022264,
matched_trial,522,4666,523,4666.10545,0.10545000000001892,
matched_trial,523,4672,524,4671.83725,-0.16275000000041473,
matched_trial,524,4678,525,4677.61375,-0.38624999999956344,
matched_trial,525,4684,526,4683.77095,-0.2290499999999156,
matched_trial,526,4690,527,4689.6119,-0.38810000000012224,
matched_trial,527,4696,528,4695.8523,-0.14770000000044092,
matched_trial,528,4702,529,4701.88985,-0.11015000000043074,
matched_trial,529,4708,530,4708.08345,0.0834500000000844,
matched_trial,530,4714,531,4713.7653,-0.23469999999997526,
matched_trial,531,4720,532,4720.1523,0.15229999999974098,
matched_trial,532,4726,533,4725.61575,-0.3842500000000655,
matched_trial,533,4732,534,4732.10575,0.10574999999971624,
matched_trial,534,4738,535,4737.66905,-0.3309499999995751,
matched_trial,535,4744,536,4743.63485,-0.3651499999996304,
matched_trial,536,4750,537,4750.1342,0.1342000000004191,
matched_trial,537,4756,538,4755.71415,-0.28585000000020955,
matched_trial,538,4762,539,4761.6321,-0.36790000000019063,
matched_trial,539,4768,540,4768.45905,0.45905000000038854,
matched_trial,540,4774,541,4774.57775,0.5777500000003783,
matched_trial,541,4780,542,4779.61475,-0.3852500000002692,
matched_trial,542,4786,543,4785.61175,-0.3882499999999709,
matched_trial,543,4792,544,4791.9624,-0.037599999999656575,
matched_trial,544,4798,545,4798.1216,0.12160000000039872,
matched_trial,545,4804,546,4803.70985,-0.2901499999998123,
matched_trial,546,4810,548,4809.84105,-0.15895000000000437,
matched_trial,547,4816,549,4815.69765,-0.30234999999993306,
matched_trial,548,4822,550,4821.7352,-0.2647999999999229,
matched_trial,549,4828,551,4827.8383,-0.16169999999965512,
matched_trial,550,4834,552,4834.21905,0.21904999999969732,
matched_trial,551,4840,553,4840.83385,0.833849999999984,
matched_trial,552,4846,554,4845.83865,-0.1613500000003114,
matched_trial,553,4852,555,4851.6172,-0.3828000000003158,
matched_trial,554,4858,556,4857.62045,-0.37954999999965366,
matched_trial,555,4864,557,4863.6216,-0.3783999999996013,
matched_trial,556,4870,558,4869.71845,-0.2815499999996973,
matched_trial,557,4876,559,4875.626,-0.3739999999997963,
matched_trial,558,4882,560,4881.6199,-0.3801000000003114,
matched_trial,559,4888,561,4888.06305,0.06304999999974825,
matched_trial,560,4894,562,4894.58425,0.5842499999998836,
matched_trial,563,4912,563,4912.87475,0.8747499999999491,
matched_trial,564,4918,564,4917.6237,-0.37629999999990105,
matched_trial,565,4924,565,4924.3352,0.3352000000004409,
matched_trial,566,4930,566,4930.97495,0.9749499999998079,
matched_trial,567,4936,567,4937.3027,1.3027000000001863,
matched_trial,568,4942,568,4941.8925,-0.10750000000007276,
matched_trial,569,4948,569,4947.97375,-0.02624999999989086,
matched_trial,570,4954,570,4953.62755,-0.3724499999998443,
matched_trial,571,4960,571,4959.63075,-0.36924999999973807,
matched_trial,572,4966,572,4965.6309,-0.3690999999998894,
matched_trial,573,4972,573,4972.4048,0.4048000000002503,
matched_trial,574,4978,574,4977.62175,-0.3782499999997526,
matched_trial,575,4984,575,4983.6219,-0.37809999999990396,
matched_trial,576,4990,576,4990.3459,0.3459000000002561,
matched_trial,577,4996,577,4996.96065,0.9606499999999869,
matched_trial,578,5002,578,5001.6222,-0.37780000000020664,
matched_trial,579,5008,579,5007.83765,-0.16234999999960564,
matched_trial,580,5014,580,5014.14665,0.1466499999996813,
matched_trial,581,5020,581,5020.7115,0.711500000000342,
matched_trial,582,5026,582,5025.8629,-0.1370999999999185,
matched_trial,583,5032,583,5032.12825,0.12824999999975262,
matched_trial,584,5038,584,5037.6645,-0.33550000000013824,
matched_trial,585,5044,585,5043.6303,-0.36970000000019354,
matched_trial,586,5050,586,5050.1546,0.15459999999984575,
matched_trial,587,5056,587,5055.6274,-0.37259999999969295,
matched_trial,588,5062,588,5061.6275,-0.3725000000004002,
matched_trial,589,5068,589,5067.62555,-0.37445000000025175,
matched_trial,590,5074,590,5075.0245,1.0245000000004438,
matched_trial,591,5080,591,5079.62785,-0.372150000000147,
matched_trial,592,5086,592,5085.63105,-0.36895000000004075,
matched_trial,593,5092,593,5091.95255,-0.04745000000002619,
matched_trial,594,5098,594,5097.6375,-0.3625000000001819,
matched_trial,595,5104,595,5103.7406,-0.25939999999991414,
matched_trial,596,5110,596,5109.6315,-0.36849999999958527,
matched_trial,597,5116,597,5115.86875,-0.1312500000003638,
matched_trial,598,5122,598,5122.27135,0.271349999999984,
matched_trial,599,5128,599,5128.47115,0.47115000000030705,
matched_trial,600,5134,600,5134.50245,0.5024499999999534,
matched_trial,601,5140,601,5139.70065,-0.2993500000002314,
matched_trial,602,5146,602,5145.63215,-0.36784999999963475,
matched_trial,603,5152,603,5151.63015,-0.3698500000000422,
matched_trial,604,5158,604,5158.2824,0.2824000000000524,
matched_trial,605,5164,605,5163.63765,-0.36235000000033324,
matched_trial,606,5170,606,5171.76575,1.7657499999995707,
matched_trial,607,5176,607,5175.72835,-0.2716499999996813,
matched_trial,608,5182,608,5181.63905,-0.3609500000002299,
matched_trial,609,5188,609,5187.636,-0.363999999999578,
matched_trial,610,5194,610,5193.6361,-0.3639000000002852,
matched_trial,611,5200,611,5199.68615,-0.31384999999954744,
matched_trial,612,5206,612,5205.7705,-0.22950000000037107,
matched_trial,613,5212,613,5212.08575,0.08575000000018917,
matched_trial,614,5218,614,5218.142,0.14199999999982538,
matched_trial,615,5224,615,5223.64395,-0.35605000000032305,
matched_trial,616,5230,616,5229.6347,-0.36530000000038854,
matched_trial,617,5236,617,5235.6348,-0.36520000000018626,
matched_trial,618,5242,618,5241.6349,-0.365099999999984,
matched_trial,619,5248,619,5247.7463,-0.2537000000002081,
matched_trial,620,5254,620,5253.9367,-0.06329999999979918,
matched_trial,621,5260,621,5259.6373,-0.36269999999967695,
matched_trial,622,5266,622,5266.55785,0.5578500000001441,
matched_trial,623,5272,623,5272.2397,0.2397000000000844,
matched_trial,624,5278,624,5277.6376,-0.3623999999999796,
matched_trial,625,5284,625,5283.6377,-0.36229999999977736,
matched_trial,626,5290,626,5289.6378,-0.3621999999995751,
matched_trial,627,5296,627,5297.26975,1.2697500000003856,
matched_trial,628,5302,628,5301.6505,-0.34950000000026193,
matched_trial,629,5308,629,5307.83155,-0.16845000000012078,
matched_trial,630,5314,630,5313.64445,-0.3555500000002212,
matched_trial,631,5320,631,5320.37775,0.37774999999965075,
matched_trial,632,5326,632,5326.57755,0.5775499999999738,
matched_trial,633,5332,633,5331.6447,-0.35530000000017026,
matched_trial,634,5338,634,5337.6448,-0.355199999999968,
matched_trial,635,5344,635,5344.91795,0.9179500000000189,
matched_trial,636,5350,636,5350.14735,0.14735000000018772,
matched_trial,637,5356,637,5355.65135,-0.34864999999990687,
matched_trial,638,5362,638,5361.6421,-0.35789999999997235,
matched_trial,639,5368,639,5367.6526,-0.3473999999996522,
matched_trial,640,5374,640,5373.83365,-0.16635000000042055,
matched_trial,641,5380,641,5379.64445,-0.3555500000002212,
matched_trial,642,5386,642,5385.6477,-0.3522999999995591,
matched_trial,643,5392,643,5391.835,-0.16499999999996362,
matched_trial,644,5398,644,5397.91,-0.09000000000014552,
matched_trial,646,5410,645,5409.93825,-0.061749999999847205,
matched_trial,649,5428,646,5429.29895,1.2989500000003318,
matched_trial,650,5434,647,5434.1508,0.15080000000034488,
matched_trial,651,5440,648,5439.64545,-0.35455000000001746,
matched_trial,652,5446,649,5446.23525,0.2352499999997235,
matched_trial,653,5452,650,5451.65185,-0.348149999999805,
matched_trial,654,5458,651,5457.6551,-0.3449000000000524,
matched_trial,655,5464,652,5463.80805,-0.1919500000003609,
matched_trial,656,5470,653,5470.0016,0.0015999999995983671,
matched_trial,657,5476,654,5475.65225,-0.3477499999999054,
matched_trial,658,5482,655,5483.44955,1.4495500000002721,
matched_trial,659,5488,656,5487.65865,-0.34134999999969295,
matched_trial,660,5494,657,5493.796,-0.2039999999997235,
matched_trial,661,5500,658,5500.58865,0.5886499999996886,
matched_trial,662,5506,659,5505.6589,-0.341099999999642,
matched_trial,663,5512,660,5511.65275,-0.34724999999980355,
matched_trial,664,5518,661,5517.64975,-0.35025000000041473,
matched_trial,665,5524,662,5524.0461,0.04609999999956926,
matched_trial,666,5530,663,5530.7045,0.7044999999998254,
matched_trial,667,5536,664,5538.48,2.4799999999995634,
matched_trial,668,5542,665,5542.3178,0.31779999999980646,
matched_trial,669,5548,666,5547.6564,-0.34360000000015134,
matched_trial,670,5554,667,5554.1994,0.19940000000042346,
matched_trial,671,5560,668,5560.8391,0.8391000000001441,
matched_trial,672,5566,669,5565.6629,-0.3370999999997366,
matched_trial,673,5572,670,5571.65675,-0.34324999999989814,
matched_trial,674,5578,671,5577.65475,-0.3452500000003056,
matched_trial,675,5584,672,5583.9762,-0.023799999999937427,
matched_trial,676,5590,673,5589.91385,-0.08615000000008877,
matched_trial,677,5596,674,5595.71115,-0.28884999999991123,
matched_trial,678,5602,675,5603.34305,1.343050000000403,
matched_trial,679,5608,676,5607.9422,-0.05779999999958818,
matched_trial,680,5614,677,5614.5195,0.5195000000003347,
matched_trial,681,5620,678,5620.93145,0.9314500000000407,
matched_trial,682,5626,679,5625.89355,-0.10645000000022264,
matched_trial,683,5632,680,5631.6565,-0.34349999999994907,
matched_trial,684,5638,681,5637.65865,-0.34134999999969295,
matched_trial,685,5644,682,5643.6681,-0.3319000000001324,
matched_trial,686,5650,683,5650.4576,0.45759999999972933,
matched_trial,687,5656,684,5656.57625,0.5762500000000728,
matched_trial,688,5662,685,5662.4172,0.4171999999998661,
matched_trial,689,5668,686,5667.91805,-0.08194999999977881,
matched_trial,690,5674,687,5674.16465,0.16464999999971042,
matched_trial,691,5680,688,5679.87455,-0.12544999999954598,
matched_trial,692,5686,689,5685.91205,-0.08795000000009168,
matched_trial,693,5692,690,5692.21795,0.21795000000020082,
matched_trial,694,5698,691,5697.95905,-0.040949999999611464,
matched_trial,695,5704,692,5703.6908,-0.3091999999996915,
matched_trial,696,5710,693,5709.86875,-0.1312500000003638,
matched_trial,697,5716,694,5716.97025,0.9702500000003056,
matched_trial,698,5722,695,5722.4274,0.42739999999957945,
matched_trial,699,5728,696,5727.67245,-0.3275499999999738,
matched_trial,700,5734,697,5733.66315,-0.3368499999996857,
matched_trial,701,5740,698,5738.9924,-1.0075999999999112,
matched_trial,702,5746,699,5746.05645,0.056450000000040745,
matched_trial,703,5752,700,5752.49335,0.4933499999997366,
matched_trial,704,5758,701,5757.66975,-0.33024999999997817,
matched_trial,705,5764,702,5765.2798,1.2798000000002503,
matched_trial,706,5770,703,5770.69955,0.6995500000002721,
matched_trial,707,5776,704,5775.67,-0.32999999999992724,
matched_trial,708,5782,705,5781.7637,-0.23629999999957363,
matched_trial,709,5788,706,5787.79495,-0.20504999999957363,
matched_trial,710,5794,707,5793.9854,-0.014600000000427826,
matched_trial,711,5800,708,5799.67655,-0.3234499999998661,
matched_trial,712,5806,709,5805.8389,-0.16110000000026048,
matched_trial,713,5812,710,5812.1198,0.11980000000039581,
matched_trial,714,5818,711,5818.28215,0.28215000000000146,
matched_trial,715,5824,712,5823.9796,-0.02040000000033615,
matched_trial,716,5830,713,5830.22095,0.2209499999999025,
matched_trial,717,5836,714,5835.6875,-0.3125,
matched_trial,718,5842,715,5841.67195,-0.32805000000007567,
matched_trial,719,5848,716,5847.66995,-0.33004999999957363,
matched_trial,720,5854,717,5854.62485,0.6248500000001513,
matched_trial,721,5860,718,5859.67325,-0.3267500000001746,
matched_trial,722,5866,719,5865.6796,-0.32039999999960855,
matched_trial,723,5872,720,5871.69215,-0.30785000000014406,
matched_trial,724,5878,721,5877.6704,-0.32960000000002765,
matched_trial,725,5884,722,5883.6715,-0.32849999999962165,
matched_trial,726,5890,723,5889.7215,-0.27850000000034925,
matched_trial,727,5896,724,5895.6717,-0.3283000000001266,
matched_trial,728,5902,725,5901.68735,-0.31264999999984866,
matched_trial,729,5908,726,5907.74985,-0.25014999999984866,
matched_trial,730,5914,727,5913.7385,-0.2614999999996144,
matched_trial,731,5920,728,5919.68345,-0.3165499999995518,
matched_trial,732,5926,729,5925.68045,-0.319550000000163,
matched_trial,733,5932,730,5931.77725,-0.2227499999999054,
matched_trial,734,5938,731,5937.6837,-0.31630000000041036,
matched_trial,735,5944,732,5943.9459,-0.05410000000028958,
matched_trial,736,5950,733,5949.9959,-0.004100000000107684,
matched_trial,737,5956,734,5956.07085,0.07085000000006403,
matched_trial,738,5962,735,5962.96645,0.9664499999998952,
matched_trial,739,5968,736,5967.91505,-0.08495000000038999,
matched_trial,740,5974,737,5973.9151,-0.08489999999983411,
matched_trial,741,5980,738,5980.10555,0.10555000000022119,
matched_trial,742,5986,739,5987.9153,1.915299999999661,
matched_trial,743,5992,740,5991.78745,-0.21255000000019209,
matched_trial,744,5998,741,5999.01375,1.0137500000000728,
matched_trial,745,6004,742,6003.6815,-0.31850000000031287,
matched_trial,746,6010,743,6010.2162,0.2161999999998443,
matched_trial,747,6016,744,6015.7888,-0.21119999999973516,
matched_trial,748,6022,745,6021.7421,-0.25789999999960855,
matched_trial,749,6028,746,6027.68915,-0.31084999999984575,
matched_trial,750,6034,747,6033.67985,-0.3201499999995576,
matched_trial,751,6040,748,6039.68305,-0.3169500000003609,
matched_trial,752,6046,749,6045.68315,-0.3168500000001586,
matched_trial,753,6052,750,6051.808,-0.19200000000000728,
matched_trial,754,6058,751,6057.7176,-0.2824000000000524,
matched_trial,755,6064,752,6063.83315,-0.16684999999961292,
matched_trial,756,6070,753,6069.7084,-0.291599999999562,
matched_trial,757,6076,754,6075.7085,-0.2915000000002692,
matched_trial,758,6082,755,6081.78655,-0.21345000000019354,
matched_trial,759,6088,756,6088.445,0.44499999999970896,
matched_trial,760,6094,757,6094.59485,0.594850000000406,
matched_trial,761,6100,758,6099.91475,-0.08525000000008731,
matched_trial,762,6106,759,6106.3766,0.37659999999959837,
matched_trial,763,6112,760,6113.14735,1.1473500000001877,
matched_trial,764,6118,761,6117.6841,-0.3158999999996013,
matched_trial,765,6124,762,6123.68415,-0.3158499999999549,
matched_trial,766,6130,763,6129.7123,-0.28769999999985885,
matched_trial,767,6136,764,6135.84655,-0.15344999999979336,
matched_trial,768,6142,765,6141.6906,-0.30940000000009604,
matched_trial,769,6148,766,6147.6938,-0.3061999999999898,
matched_trial,770,6154,767,6153.697,-0.3029999999998836,
matched_trial,771,6160,768,6159.7439,-0.25609999999960564,
matched_trial,772,6166,769,6165.80635,-0.19365000000016153,
matched_trial,773,6172,770,6172.69255,0.6925499999997555,
matched_trial,774,6178,771,6177.68895,-0.3110500000002503,
matched_trial,775,6184,772,6183.6984,-0.30159999999978027,
matched_trial,776,6190,773,6190.179,0.1790000000000873,
matched_trial,777,6196,774,6196.61275,0.6127500000002328,
matched_trial,778,6202,775,6201.6986,-0.3014000000002852,
matched_trial,779,6208,776,6208.6129,0.6129000000000815,
matched_trial,780,6214,777,6213.69665,-0.3033500000001368,
matched_trial,781,6220,778,6219.89645,-0.10354999999981374,
matched_trial,782,6226,779,6225.73735,-0.26264999999966676,
matched_trial,783,6232,780,6231.72185,-0.27815000000009604,
matched_trial,784,6238,781,6237.9965,-0.003499999999803549,
matched_trial,785,6244,782,6243.6918,-0.30820000000039727,
matched_trial,787,6256,783,6255.693,-0.306999999999789,
matched_trial,788,6262,784,6261.796,-0.2039999999997235,
matched_trial,789,6268,785,6268.09875,0.09875000000010914,
matched_trial,790,6274,786,6273.9615,-0.03849999999965803,
matched_trial,791,6280,787,6279.94285,-0.05714999999963766,
matched_trial,792,6286,788,6286.31735,0.3173500000002605,
matched_trial,793,6292,789,6292.3455,0.3455000000003565,
matched_trial,794,6298,790,6298.12405,0.12405000000035216,
matched_trial,795,6304,791,6304.3238,0.3238000000001193,
matched_trial,796,6310,792,6309.9245,-0.07549999999991996,
matched_trial,797,6316,793,6315.6999,-0.30010000000038417,
matched_trial,798,6322,794,6321.69995,-0.3000499999998283,
matched_trial,799,6328,795,6328.02765,0.02764999999999418,
matched_trial,800,6334,796,6333.70635,-0.29364999999961583,
matched_trial,801,6340,797,6340.73605,0.7360500000004322,
matched_trial,802,6346,798,6346.35855,0.3585499999999229,
matched_trial,803,6352,799,6352.09965,0.0996500000001106,
matched_trial,804,6358,800,6358.1559,0.1558999999997468,
matched_trial,805,6364,801,6363.69835,-0.30165000000033615,
matched_trial,806,6370,802,6369.8263,-0.17370000000028085,
matched_trial,807,6376,803,6376.56275,0.5627500000000509,
matched_trial,808,6382,804,6381.82645,-0.1735500000004322,
matched_trial,809,6388,805,6387.9201,-0.07989999999972497,
matched_trial,810,6394,806,6393.8921,-0.10789999999997235,
matched_trial,811,6400,807,6399.6987,-0.30130000000008295,
matched_trial,813,6412,808,6411.84965,-0.1503499999998894,
matched_trial,814,6418,809,6418.2366,0.23660000000018044,
matched_trial,815,6424,810,6424.0349,0.03489999999965221,
matched_trial,816,6430,811,6430.8025,0.8024999999997817,
matched_trial,817,6436,812,6438.2971,2.297099999999773,
matched_trial,818,6442,813,6442.77765,0.7776499999999942,
matched_trial,819,6448,814,6447.91345,-0.08654999999998836,
matched_trial,820,6454,815,6453.76375,-0.23624999999992724,
matched_trial,821,6460,816,6460.5532,0.5532000000002881,
matched_trial,822,6466,817,6466.2038,0.20380000000022847,
matched_trial,823,6472,818,6471.7088,-0.2911999999996624,
matched_trial,824,6478,819,6477.921,-0.07899999999972351,
matched_trial,825,6484,820,6483.84095,-0.15905000000020664,
matched_trial,826,6490,821,6489.92215,-0.07784999999967113,
matched_trial,827,6496,822,6495.95135,-0.04864999999972497,
matched_trial,828,6502,823,6501.75795,-0.24204999999983556,
matched_trial,829,6508,824,6508.7221,0.7220999999999549,
matched_trial,830,6514,825,6514.56615,0.5661499999996522,
matched_trial,831,6520,826,6520.0264,0.02639999999973952,
matched_trial,832,6526,827,6526.6006,0.6005999999997584,
matched_trial,833,6532,828,6532.1451,0.14509999999972933,
matched_trial,834,6538,829,6538.3573,0.3572999999996682,
matched_trial,835,6544,830,6543.7063,-0.2937000000001717,
matched_trial,836,6550,831,6549.7074,-0.2925999999997657,
matched_trial,837,6556,832,6557.1458,1.1458000000002357,
matched_trial,838,6562,833,6562.1942,0.19419999999990978,
matched_trial,839,6568,834,6567.8292,-0.17079999999987194,
matched_trial,840,6574,835,6573.718,-0.2820000000001528,
matched_trial,841,6580,836,6579.71805,-0.2819499999995969,
matched_trial,842,6586,837,6585.90215,-0.09785000000010768,
matched_trial,843,6592,838,6592.88195,0.8819499999999607,
matched_trial,844,6598,839,6597.7182,-0.28179999999974825,
matched_trial,845,6604,840,6603.77855,-0.22145000000000437,
matched_trial,846,6610,841,6609.72245,-0.2775499999997919,
matched_trial,847,6616,843,6615.7173,-0.2826999999997497,
matched_trial,848,6622,844,6621.85465,-0.14534999999978027,
matched_trial,849,6628,845,6627.71115,-0.28884999999991123,
matched_trial,850,6634,846,6633.71225,-0.28775000000041473,
matched_trial,851,6640,847,6639.7747,-0.22530000000006112,
matched_trial,852,6646,848,6646.23965,0.239650000000438,
matched_trial,853,6652,849,6652.38635,0.3863499999997657,
matched_trial,854,6658,850,6657.9808,-0.01919999999972788,
matched_trial,855,6664,851,6663.7125,-0.2875000000003638,
matched_trial,856,6670,852,6669.71565,-0.28434999999990396,
matched_trial,857,6676,853,6676.22745,0.22745000000031723,
matched_trial,858,6682,854,6681.72305,-0.27695000000039727,
matched_trial,859,6688,855,6687.9353,-0.0646999999999025,
matched_trial,860,6694,856,6694.5219,0.5218999999997322,
matched_trial,861,6700,857,6701.26875,1.268750000000182,
matched_trial,862,6706,858,6705.8595,-0.14050000000042928,
matched_trial,863,6712,859,6711.88455,-0.1154500000002372,
matched_trial,864,6718,860,6717.7161,-0.283900000000358,
matched_trial,865,6724,861,6723.71615,-0.2838499999998021,
matched_trial,866,6730,862,6730.23105,0.23105000000032305,
matched_trial,867,6736,863,6737.83795,1.8379500000000917,
matched_trial,868,6742,864,6741.85465,-0.14534999999978027,
matched_trial,869,6748,865,6747.97325,-0.026749999999992724,
matched_trial,870,6754,866,6754.17925,0.17925000000013824,
matched_trial,871,6760,867,6759.77365,-0.22634999999991123,
matched_trial,872,6766,868,6765.9297,-0.07030000000031578,
matched_trial,873,6772,869,6772.1669,0.1669000000001688,
matched_trial,874,6778,870,6777.8518,-0.1481999999996333,
matched_trial,875,6784,871,6783.7645,-0.23549999999977445,
matched_trial,876,6790,872,6789.76455,-0.23545000000012806,
matched_trial,877,6796,873,6795.7646,-0.23539999999957217,
matched_trial,878,6802,874,6803.3934,1.3933999999999287,
matched_trial,879,6808,875,6807.9093,-0.09069999999974243,
matched_trial,880,6814,876,6814.0747,0.07470000000012078,
matched_trial,881,6820,877,6819.82825,-0.17175000000042928,
matched_trial,882,6826,878,6825.74095,-0.25904999999966094,
matched_trial,883,6832,879,6833.10765,1.1076499999999214,
matched_trial,884,6838,880,6837.8534,-0.14660000000003492,
matched_trial,885,6844,881,6844.1592,0.1592000000000553,
matched_trial,886,6850,882,6851.6195,1.619499999999789,
matched_trial,887,6856,883,6855.80675,-0.19325000000026193,
matched_trial,888,6862,884,6862.88945,0.8894499999996697,
matched_trial,889,6868,885,6868.61805,0.6180500000000393,
matched_trial,890,6874,886,6873.9473,-0.052700000000186265,
matched_trial,891,6880,887,6879.72895,-0.2710500000002867,
matched_trial,892,6886,888,6885.729,-0.2709999999997308,
matched_trial,893,6892,889,6891.9599,-0.04010000000016589,
matched_trial,894,6898,890,6898.6901,0.6900999999998021,
matched_trial,895,6904,891,6904.5341,0.534099999999853,
matched_trial,896,6910,892,6910.0859,0.08590000000003783,
matched_trial,897,6916,893,6916.53215,0.5321500000000015,
matched_trial,898,6922,894,6921.95185,-0.048149999999623105,
matched_trial,899,6928,895,6927.7283,-0.2717000000002372,
matched_trial,900,6934,896,6933.85625,-0.1437500000001819,
matched_trial,901,6940,897,6941.0576,1.0576000000000931,
matched_trial,902,6946,898,6946.6676,0.6675999999997657,
matched_trial,903,6952,899,6951.9469,-0.053100000000085856,
matched_trial,904,6958,900,6957.72855,-0.27145000000018626,
matched_trial,905,6964,901,6964.24655,0.24654999999984284,
matched_trial,906,6970,902,6969.89815,-0.1018500000000131,
matched_trial,907,6976,903,6978.385,2.3850000000002183,
matched_trial,908,6982,904,6982.4724,0.4723999999996522,
matched_trial,909,6988,905,6988.15105,0.1510500000003958,
matched_trial,910,6994,906,6993.72985,-0.2701500000002852,
matched_trial,911,7000,907,7000.7034,0.7034000000003289,
matched_trial,912,7006,908,7005.75595,-0.24405000000024302,
matched_trial,913,7012,909,7011.7404,-0.2596000000003187,
matched_trial,914,7018,910,7018.18665,0.18664999999964493,
matched_trial,915,7024,911,7023.74155,-0.2584500000002663,
matched_trial,916,7030,912,7029.7333,-0.26670000000012806,
matched_trial,917,7036,913,7036.06095,0.06095000000004802,
matched_trial,918,7042,914,7042.28565,0.285649999999805,
matched_trial,919,7048,915,7047.7771,-0.22289999999975407,
matched_trial,920,7054,916,7053.97375,-0.02624999999989086,
matched_trial,921,7060,917,7059.78345,-0.2165500000000975,
matched_trial,922,7066,918,7066.35135,0.35134999999991123,
matched_trial,923,7072,919,7071.92395,-0.07604999999966822,
matched_trial,924,7078,920,7077.74095,-0.25904999999966094,
matched_trial,925,7084,921,7083.7379,-0.2620999999999185,
matched_trial,926,7090,922,7089.74105,-0.25895000000036816,
matched_trial,927,7096,923,7095.80975,-0.19024999999965075,
matched_trial,928,7102,924,7101.88155,-0.11844999999993888,
matched_trial,929,7108,925,7107.79115,-0.208849999999984,
matched_trial,930,7114,926,7114.02205,0.022049999999580905,
matched_trial,931,7120,927,7119.7382,-0.2618000000002212,
matched_trial,932,7126,928,7125.9379,-0.06210000000010041,
matched_trial,933,7132,929,7133.76535,1.7653499999996711,
matched_trial,934,7138,930,7137.0758,-0.9242000000003827,
matched_trial,935,7144,931,7143.7436,-0.25640000000021246,
matched_trial,936,7150,932,7150.6672,0.6671999999998661,
matched_trial,937,7156,933,7155.74365,-0.2563499999996566,
matched_trial,938,7162,934,7161.84045,-0.1595500000003085,
matched_trial,939,7168,935,7167.9622,-0.03780000000006112,
matched_trial,940,7174,936,7173.8031,-0.19689999999991414,
matched_trial,941,7180,937,7179.74075,-0.2592500000000655,
matched_trial,942,7186,938,7185.8375,-0.1625000000003638,
matched_trial,943,7192,939,7191.953,-0.04699999999957072,
matched_trial,944,7198,940,7197.95305,-0.04694999999992433,
matched_trial,945,7204,941,7204.2121,0.2120999999997366,
matched_trial,946,7210,942,7209.9126,-0.08740000000034343,
matched_trial,948,7222,944,7222.14045,0.1404499999998734,
matched_trial,949,7228,945,7227.86595,-0.13404999999966094,
matched_trial,950,7234,946,7234.29655,0.29655000000002474,
matched_trial,951,7240,947,7239.75475,-0.2452499999999418,
matched_trial,952,7246,948,7245.7548,-0.2452000000002954,
matched_trial,953,7252,949,7251.7465,-0.25349999999980355,
matched_trial,954,7258,950,7258.5453,0.5452999999997701,
matched_trial,955,7264,951,7263.8059,-0.1940999999997075,
matched_trial,956,7270,952,7269.74665,-0.2533499999999549,
matched_trial,957,7276,953,7276.1024,0.10239999999976135,
matched_trial,958,7282,954,7282.15655,0.15654999999969732,
matched_trial,959,7288,955,7288.3781,0.37809999999990396,
matched_trial,960,7294,956,7293.751,-0.24899999999979627,
matched_trial,961,7300,957,7299.75835,-0.24164999999993597,
matched_trial,962,7306,958,7306.4823,0.4822999999996682,
matched_trial,963,7312,959,7311.75845,-0.2415499999997337,
matched_trial,964,7318,960,7317.7585,-0.2415000000000873,
matched_trial,965,7324,961,7324.62075,0.6207500000000437,
matched_trial,966,7330,962,7329.79395,-0.20604999999977736,
matched_trial,967,7336,963,7336.03425,0.034249999999701686,
matched_trial,968,7342,964,7341.94695,-0.05305000000043947,
matched_trial,969,7348,965,7348.94545,0.9454500000001644,
matched_trial,970,7354,966,7353.7536,-0.24639999999999418,
matched_trial,971,7360,967,7359.98765,-0.012349999999969441,
matched_trial,972,7366,968,7365.7516,-0.24840000000040163,
matched_trial,973,7372,969,7372.5286,0.528599999999642,
matched_trial,974,7378,970,7377.7611,-0.23890000000028522,
matched_trial,975,7384,971,7384.2021,0.20210000000042783,
matched_trial,976,7390,972,7389.80905,-0.19095000000015716,
matched_trial,977,7396,973,7396.1055,0.1054999999996653,
matched_trial,978,7402,974,7402.3531,0.35310000000026776,
matched_trial,979,7408,975,7408.32815,0.32815000000027794,
matched_trial,980,7414,976,7415.76975,1.7697500000003856,
matched_trial,981,7420,977,7420.57165,0.5716499999998632,
matched_trial,982,7426,978,7426.33455,0.3345499999995809,
matched_trial,983,7432,979,7431.8666,-0.13339999999971042,
matched_trial,984,7438,980,7437.76055,-0.23945000000003347,
matched_trial,985,7444,981,7446.04455,2.0445499999996173,
matched_trial,986,7450,982,7450.341,0.34100000000034925,
matched_trial,987,7456,983,7455.8387,-0.16129999999975553,
matched_trial,988,7462,984,7462.157,0.1570000000001528,
matched_trial,989,7468,985,7469.00885,1.008850000000166,
matched_trial,990,7474,986,7474.7967,0.7966999999998734,
matched_trial,991,7480,987,7480.2601,0.26010000000042055,
matched_trial,992,7486,988,7485.92735,-0.07265000000006694,
matched_trial,993,7492,989,7491.7932,-0.20679999999993015,
matched_trial,994,7498,990,7497.76,-0.23999999999978172,
matched_trial,995,7504,991,7503.81725,-0.1827499999999418,
matched_trial,996,7510,992,7509.77465,-0.2253499999997075,
matched_trial,997,7516,993,7515.76015,-0.23984999999993306,
matched_trial,998,7522,994,7522.18765,0.18764999999984866,
matched_trial,999,7528,995,7527.7675,-0.23250000000007276,
matched_trial,1000,7534,996,7534.2231,0.22310000000015862,
matched_trial,1001,7540,997,7540.0016,0.0015999999995983671,
matched_trial,1002,7546,998,7545.83315,-0.16684999999961292,
matched_trial,1003,7552,999,7552.27315,0.2731499999999869,
matched_trial,1004,7558,1000,7557.84575,-0.15424999999959255,
matched_trial,1005,7564,1001,7563.799,-0.20100000000002183,
matched_trial,1006,7570,1002,7569.76785,-0.23214999999981956,
matched_trial,1007,7576,1003,7575.9582,-0.04179999999996653,
matched_trial,1008,7582,1004,7583.0753,1.075300000000425,
matched_trial,1009,7588,1005,7588.49185,0.4918500000003405,
matched_trial,1010,7594,1006,7594.4888,0.48880000000008295,
matched_trial,1011,7600,1007,7599.7712,-0.22879999999986467,
matched_trial,1012,7606,1008,7605.8555,-0.1445000000003347,
matched_trial,1013,7612,1009,7611.8056,-0.19440000000031432,
matched_trial,1014,7618,1010,7617.7651,-0.2349000000003798,
matched_trial,1015,7624,1011,7623.78075,-0.21925000000010186,
matched_trial,1016,7630,1012,7630.11155,0.11154999999962456,
matched_trial,1017,7636,1013,7635.7746,-0.2254000000002634,
matched_trial,1018,7642,1014,7641.7653,-0.23469999999997526,
matched_trial,1019,7648,1015,7647.77265,-0.22735000000011496,
matched_trial,1020,7654,1016,7654.0473,0.04730000000017753,
matched_trial,1021,7660,1017,7659.9007,-0.09929999999985739,
matched_trial,1022,7666,1018,7665.7676,-0.2323999999998705,
matched_trial,1023,7672,1019,7672.1639,0.16389999999955762,
matched_trial,1024,7678,1020,7678.02775,0.02775000000019645,
matched_trial,1025,7684,1021,7683.77815,-0.22184999999990396,
matched_trial,1026,7690,1022,7689.76885,-0.23114999999961583,
matched_trial,1027,7696,1023,7695.8157,-0.18429999999989377,
matched_trial,1028,7702,1024,7702.01545,0.015449999999873398,
matched_trial,1029,7708,1025,7707.81585,-0.1841500000000451,
matched_trial,1030,7714,1026,7713.7753,-0.22469999999975698,
matched_trial,1031,7720,1027,7719.8565,-0.14350000000013097,
matched_trial,1032,7726,1028,7725.85345,-0.14655000000038854,
matched_trial,1033,7732,1029,7731.7755,-0.22450000000026193,
matched_trial,1035,7744,1030,7745.14845,1.1484499999996842,
matched_trial,1036,7750,1031,7749.77875,-0.22124999999959982,
matched_trial,1037,7756,1032,7755.77885,-0.22115000000030705,
matched_trial,1038,7762,1033,7761.99105,-0.008950000000368163,
matched_trial,1039,7768,1034,7767.96615,-0.033849999999802094,
matched_trial,1040,7774,1035,7773.7738,-0.22620000000006257,
matched_trial,1041,7780,1036,7779.93295,-0.06704999999965366,
matched_trial,1042,7786,1037,7786.1296,0.12960000000020955,
matched_trial,1043,7792,1038,7791.9331,-0.066899999999805,
matched_trial,1044,7798,1039,7797.77505,-0.22494999999980791,
matched_trial,1045,7804,1040,7804.8713,0.8712999999997919,
matched_trial,1046,7810,1041,7810.2848,0.28480000000035943,
matched_trial,1047,7816,1042,7815.7794,-0.2205999999996493,
matched_trial,1048,7822,1043,7822.9339,0.9338999999999942,
matched_trial,1049,7828,1044,7828.32865,0.3286500000003798,
matched_trial,1050,7834,1045,7833.7837,-0.21630000000004657,
matched_trial,1051,7840,1046,7839.9554,-0.04460000000017317,
matched_trial,1052,7846,1047,7846.16135,0.1613500000003114,
matched_trial,1053,7852,1048,7852.93835,0.9383500000003551,
matched_trial,1054,7858,1049,7858.15525,0.15524999999979627,
matched_trial,1055,7864,1050,7863.77775,-0.22224999999980355,
matched_trial,1056,7870,1051,7869.7778,-0.22220000000015716,
matched_trial,1057,7876,1052,7876.25525,0.25525000000016007,
matched_trial,1058,7882,1053,7882.27715,0.2771499999998923,
matched_trial,1059,7888,1054,7888.90745,0.9074499999996988,
matched_trial,1060,7894,1055,7894.01205,0.01205000000027212,
matched_trial,1061,7900,1056,7900.3553,0.35530000000017026,
matched_trial,1062,7906,1057,7905.98095,-0.01904999999987922,
matched_trial,1063,7912,1059,7911.94045,-0.0595499999999447,
matched_trial,1064,7918,1060,7917.78555,-0.21445000000039727,
matched_trial,1065,7924,1061,7923.78245,-0.21755000000030122,
matched_trial,1066,7930,1062,7930.3317,0.3316999999997279,
matched_trial,1067,7936,1063,7935.78985,-0.21014999999988504,
matched_trial,1068,7942,1064,7941.7816,-0.2183999999997468,
matched_trial,1069,7948,1065,7948.0843,0.08430000000043947,
matched_trial,1070,7954,1066,7953.7817,-0.21830000000045402,
matched_trial,1071,7960,1067,7960.49005,0.4900500000003376,
matched_trial,1072,7966,1068,7966.23735,0.23735000000033324,
matched_trial,1073,7972,1069,7972.62745,0.6274499999999534,
matched_trial,1074,7978,1070,7978.0534,0.053399999999783176,
matched_trial,1075,7984,1071,7983.7851,-0.21489999999994325,
matched_trial,1076,7990,1072,7989.8944,-0.10559999999986758,
matched_trial,1077,7996,1073,7995.78525,-0.2147500000000946,
matched_trial,1078,8002,1074,8001.7853,-0.2147000000004482,
matched_trial,1079,8008,1075,8007.88935,-0.1106499999996231,
matched_trial,1080,8014,1076,8014.242,0.24200000000018917,
matched_trial,1081,8020,1077,8019.9113,-0.08870000000024447,
matched_trial,1082,8026,1078,8025.78655,-0.21345000000019354,
matched_trial,1083,8032,1079,8031.8646,-0.13540000000011787,
matched_trial,1084,8038,1080,8037.7898,-0.21020000000044092,
matched_trial,1085,8044,1081,8043.9958,-0.004200000000309956,
matched_trial,1086,8050,1082,8050.22675,0.22674999999981083,
matched_trial,1087,8056,1083,8055.83365,-0.16635000000042055,
matched_trial,1088,8062,1084,8061.80565,-0.19434999999975844,
matched_trial,1089,8068,1085,8068.01165,0.011650000000372529,
matched_trial,1090,8074,1086,8074.2863,0.28629999999975553,
matched_trial,1091,8080,1087,8079.7965,-0.20349999999962165,
matched_trial,1092,8086,1088,8086.1616,0.16160000000036234,
matched_trial,1093,8092,1089,8091.7883,-0.21169999999983702,
matched_trial,1094,8098,1090,8097.8133,-0.18670000000020082,
matched_trial,1095,8104,1091,8103.79155,-0.2084500000000844,
matched_trial,1096,8110,1092,8109.7895,-0.21050000000013824,
matched_trial,1097,8116,1093,8116.6133,0.6132999999999811,
matched_trial,1098,8122,1094,8121.82085,-0.17914999999993597,
matched_trial,1099,8128,1095,8128.2234,0.22339999999985594,
matched_trial,1100,8134,1096,8133.7929,-0.20709999999962747,
matched_trial,1101,8140,1097,8140.15175,0.15174999999999272,
matched_trial,1102,8146,1098,8145.793,-0.2070000000003347,
matched_trial,1103,8152,1099,8152.5544,0.5543999999999869,
matched_trial,1104,8158,1100,8158.5451,0.545100000000275,
matched_trial,1105,8164,1101,8163.79945,-0.20054999999956635,
matched_trial,1106,8170,1102,8169.89315,-0.10685000000012224,
matched_trial,1107,8176,1103,8175.93375,-0.06624999999985448,
matched_trial,1108,8182,1104,8182.6702,0.6701999999995678,
matched_trial,1109,8188,1105,8188.24905,0.24905000000035216,
matched_trial,1110,8194,1106,8194.1399,0.13990000000012515,
matched_trial,1111,8200,1107,8199.79675,-0.2032500000004802,
matched_trial,1112,8206,1108,8205.7968,-0.20319999999992433,
matched_trial,1113,8212,1109,8211.85615,-0.14385000000038417,
matched_trial,1114,8218,1110,8218.09025,0.09024999999928696,
matched_trial,1115,8224,1111,8224.06845,0.06845000000066648,
matched_trial,1116,8230,1112,8230.3088,0.3088000000007014,
matched_trial,1117,8236,1113,8235.9001,-0.09989999999925203,
matched_trial,1118,8242,1114,8241.8596,-0.140400000000227,
matched_trial,1119,8248,1115,8247.88465,-0.11535000000003492,
matched_trial,1120,8254,1116,8253.86285,-0.1371500000004744,
matched_trial,1121,8260,1117,8260.618,0.6180000000003929,
matched_trial,1122,8266,1118,8266.04085,0.04084999999940919,
matched_trial,1123,8272,1119,8272.00345,0.0034500000001571607,
matched_trial,1124,8278,1120,8277.79865,-0.20134999999936554,
matched_trial,1125,8284,1121,8283.80805,-0.1919500000003609,
matched_trial,1126,8290,1122,8289.80915,-0.19085000000086438,
matched_trial,1127,8296,1123,8295.80405,-0.1959499999993568,
matched_trial,1128,8302,1124,8301.82595,-0.17404999999962456,
matched_trial,1129,8308,1125,8307.98825,-0.011749999999665306,
matched_trial,1130,8314,1126,8313.80425,-0.19575000000077125,
matched_trial,1131,8320,1127,8319.85735,-0.1426499999997759,
matched_trial,1132,8326,1128,8325.95415,-0.045850000000427826,
matched_trial,1133,8332,1129,8332.40665,0.4066500000008091,
matched_trial,1134,8338,1130,8337.895,-0.10499999999956344,
matched_trial,1135,8344,1131,8344.3818,0.38179999999920256,
matched_trial,1136,8350,1132,8350.1104,0.11039999999957217,
matched_trial,1137,8356,1133,8356.11675,0.11674999999922875,
matched_trial,1138,8362,1134,8362.32585,0.3258499999992637,
matched_trial,1139,8368,1135,8367.80275,-0.19724999999925785,
matched_trial,1140,8374,1136,8374.00565,0.005649999999150168,
matched_trial,1141,8380,1137,8379.93705,-0.06294999999954598,
matched_trial,1142,8386,1138,8385.84665,-0.15335000000050059,
matched_trial,1143,8392,1139,8391.8467,-0.1532999999999447,
matched_trial,1144,8398,1140,8397.8062,-0.1937999999991007,
matched_trial,1145,8404,1141,8403.80735,-0.1926500000008673,
matched_trial,1146,8410,1142,8409.8074,-0.1926000000003114,
matched_trial,1147,8416,1143,8415.89795,-0.10204999999950815,
matched_trial,1148,8422,1144,8422.52205,0.5220499999995809,
matched_trial,1149,8428,1145,8427.89495,-0.10505000000011933,
matched_trial,1150,8434,1146,8434.0479,0.047899999999572174,
matched_trial,1151,8440,1147,8439.91695,-0.08304999999927531,
matched_trial,1152,8446,1148,8445.80675,-0.19325000000026193,
matched_trial,1153,8452,1149,8451.82555,-0.17445000000043365,
matched_trial,1154,8458,1150,8457.81,-0.19000000000050932,
matched_trial,1155,8464,1151,8463.9609,-0.039099999999962165,
matched_trial,1156,8470,1152,8470.0327,0.03269999999974971,
matched_trial,1157,8476,1153,8475.8705,-0.12949999999909778,
matched_trial,1158,8482,1154,8482.69745,0.6974499999996624,
matched_trial,1159,8488,1155,8487.8644,-0.13559999999961292,
matched_trial,1160,8494,1156,8494.086,0.08599999999933061,
matched_trial,1161,8500,1157,8499.8146,-0.18540000000029977,
matched_trial,1162,8506,1158,8506.21095,0.21095000000059372,
matched_trial,1163,8512,1159,8512.19955,0.19954999999936263,
matched_trial,1164,8518,1160,8518.03425,0.03425000000061118,
matched_trial,1165,8524,1161,8523.8159,-0.18410000000039872,
matched_trial,1166,8530,1162,8530.2216,0.22160000000076252,
matched_trial,1167,8536,1163,8536.53055,0.5305499999994936,
matched_trial,1168,8542,1164,8542.0543,0.05429999999978463,
matched_trial,1169,8548,1165,8549.2556,1.2556000000004133,
matched_trial,1170,8554,1166,8554.83445,0.8344500000002881,
matched_trial,1171,8560,1167,8560.042,0.04199999999946158,
matched_trial,1172,8566,1168,8567.5335,1.533499999999549,
matched_trial,1173,8572,1169,8571.9735,-0.026499999999941792,
matched_trial,1174,8578,1170,8577.8238,-0.17619999999988067,
matched_trial,1175,8584,1171,8584.0298,0.029800000000250293,
matched_trial,1176,8590,1172,8589.8645,-0.13550000000032014,
matched_trial,1177,8596,1173,8595.8677,-0.13229999999930442,
matched_trial,1178,8602,1174,8601.8802,-0.11980000000039581,
matched_trial,1179,8608,1175,8608.3296,0.32959999999911815,
matched_trial,1180,8614,1176,8613.83045,-0.16955000000052678,
matched_trial,1181,8620,1177,8620.05205,0.05205000000023574,
matched_trial,1182,8626,1178,8625.88985,-0.11015000000043074,
matched_trial,1183,8632,1179,8632.0064,0.006400000000212458,
matched_trial,1184,8638,1180,8637.9815,-0.018500000000130967,
matched_trial,1185,8644,1181,8643.82245,-0.1775500000003376,
matched_trial,1186,8650,1182,8650.5849,0.5848999999998341,
matched_trial,1187,8656,1183,8655.82155,-0.17844999999942956,
matched_trial,1188,8662,1184,8661.82785,-0.17215000000032887,
matched_trial,1189,8668,1185,8667.81855,-0.18145000000004075,
matched_trial,1190,8674,1186,8673.81865,-0.18135000000074797,
matched_trial,1191,8680,1187,8680.2212,0.22119999999995343,
matched_trial,1192,8686,1188,8686.3336,0.33359999999993306,
matched_trial,1193,8692,1189,8692.0903,0.09029999999984284,
matched_trial,1194,8698,1190,8697.82825,-0.1717499999995198,
matched_trial,1195,8704,1191,8703.82835,-0.171650000000227,
matched_trial,1196,8710,1192,8711.38225,1.3822500000005675,
matched_trial,1197,8716,1193,8715.83785,-0.1621500000001106,
matched_trial,1198,8722,1194,8721.83165,-0.1683499999999185,
matched_trial,1199,8728,1195,8728.072,0.07200000000011642,
matched_trial,1200,8734,1196,8733.9597,-0.040300000000570435,
missing_or_merged_trial,4,1558,,,,nearest unused burst index 13 at 1563.44130s was 5.441s away
missing_or_merged_trial,29,1708,,,,nearest unused burst index 37 at 1713.56580s was 5.566s away
missing_or_merged_trial,31,1720,,,,nearest unused burst index 38 at 1725.83760s was 5.838s away
missing_or_merged_trial,92,2086,,,,nearest unused burst index 98 at 2091.50375s was 5.504s away
missing_or_merged_trial,102,2146,,,,nearest unused burst index 107 at 2152.21150s was 6.211s away
missing_or_merged_trial,104,2158,,,,nearest unused burst index 108 at 2164.01320s was 6.013s away
missing_or_merged_trial,144,2398,,,,nearest unused burst index 148 at 2404.34930s was 6.349s away
missing_or_merged_trial,183,2632,,,,nearest unused burst index 186 at 2636.90285s was 4.903s away
missing_or_merged_trial,198,2722,,,,nearest unused burst index 200 at 2729.49410s was 7.494s away
missing_or_merged_trial,201,2740,,,,nearest unused burst index 202 at 2746.03125s was 6.031s away
missing_or_merged_trial,211,2800,,,,nearest unused burst index 211 at 2805.50560s was 5.506s away
missing_or_merged_trial,219,2848,,,,nearest unused burst index 219 at 2859.66005s was 11.660s away
missing_or_merged_trial,220,2854,,,,nearest unused burst index 219 at 2859.66005s was 5.660s away
missing_or_merged_trial,254,3058,,,,nearest unused burst index 254 at 3063.52550s was 5.526s away
missing_or_merged_trial,370,3754,,,,nearest unused burst index 371 at 3759.56725s was 5.567s away
missing_or_merged_trial,561,4900,,,,nearest unused burst index 563 at 4912.87475s was 12.875s away
missing_or_merged_trial,562,4906,,,,nearest unused burst index 563 at 4912.87475s was 6.875s away
missing_or_merged_trial,645,5404,,,,nearest unused burst index 645 at 5409.93825s was 5.938s away
missing_or_merged_trial,647,5416,,,,nearest unused burst index 646 at 5429.29895s was 13.299s away
missing_or_merged_trial,648,5422,,,,nearest unused burst index 646 at 5429.29895s was 7.299s away
missing_or_merged_trial,786,6250,,,,nearest unused burst index 783 at 6255.69300s was 5.693s away
missing_or_merged_trial,812,6406,,,,nearest unused burst index 808 at 6411.84965s was 5.850s away
missing_or_merged_trial,947,7216,,,,nearest unused burst index 943 at 7218.59285s was 2.593s away
missing_or_merged_trial,1034,7738,,,,nearest unused burst index 1030 at 7745.14845s was 7.148s away
outside_schedule_burst,,,0,89.96825,,outside main run: pre-run/test TTL before first stimulation block
outside_schedule_burst,,,1,107.6379,,outside main run: pre-run/test TTL before first stimulation block
outside_schedule_burst,,,2,114.16845,,outside main run: pre-run/test TTL before first stimulation block
outside_schedule_burst,,,3,351.6151,,outside main run: pre-run/test TTL before first stimulation block
outside_schedule_burst,,,4,354.54805,,outside main run: pre-run/test TTL before first stimulation block
outside_schedule_burst,,,5,675.80365,,outside main run: pre-run/test TTL before first stimulation block
outside_schedule_burst,,,6,679.4106,,outside main run: pre-run/test TTL before first stimulation block
outside_schedule_burst,,,7,1230.13255,,outside main run: pre-run/test TTL before first stimulation block
outside_schedule_burst,,,8,1312.28445,,outside main run: pre-run/test TTL before first stimulation block
outside_schedule_burst,,,9,1317.9705,,outside main run: pre-run/test TTL before first stimulation block
outside_schedule_burst,,,144,2376.43175,,inside main run but not matched by nearest-grid audit
outside_schedule_burst,,,213,2814.30775,,inside main run but not matched by nearest-grid audit
outside_schedule_burst,,,227,2904.39455,,inside main run but not matched by nearest-grid audit
outside_schedule_burst,,,239,2969.85145,,inside main run but not matched by nearest-grid audit
outside_schedule_burst,,,255,3066.04975,,inside main run but not matched by nearest-grid audit
outside_schedule_burst,,,260,3092.5123,,inside main run but not matched by nearest-grid audit
outside_schedule_burst,,,490,4470.0897,,inside main run but not matched by nearest-grid audit
outside_schedule_burst,,,547,4806.5087,,inside main run but not matched by nearest-grid audit
outside_schedule_burst,,,842,6612.05945,,inside main run but not matched by nearest-grid audit
outside_schedule_burst,,,943,7218.59285,,inside main run but not matched by nearest-grid audit
outside_schedule_burst,,,1058,7908.77975,,inside main run but not matched by nearest-grid audit
outside_schedule_burst,,,1197,8978.10925,,outside main run: post-run/test TTL after last stimulation block
outside_schedule_burst,,,1198,9028.1754,,outside main run: post-run/test TTL after last stimulation block
outside_schedule_burst,,,1199,10098.7415,,outside main run: post-run/test TTL after last stimulation block
outside_schedule_burst,,,1200,10639.81175,,outside main run: post-run/test TTL after last stimulation block
