trial_number,condition,amplitude,freq,expected_start_time_s,expected_end_time_s,recording_start_time_s,recording_end_time_s,on_time_s,off_time_s
1,amp180_freq5,180,5,900.0,903.0,1540.0,1543.0,3.0,3.0
2,amp250_freq5,250,5,906.0,909.0,1546.0,1549.0,3.0,3.0
3,amp180_freq5,180,5,912.0,915.0,1552.0,1555.0,3.0,3.0
4,amp250_freq5,250,5,918.0,921.0,1558.0,1561.0,3.0,3.0
5,amp250_freq5,250,5,924.0,927.0,1564.0,1567.0,3.0,3.0
6,amp250_freq26,250,26,930.0,933.0,1570.0,1573.0,3.0,3.0
7,amp250_freq26,250,26,936.0,939.0,1576.0,1579.0,3.0,3.0
8,amp180_freq26,180,26,942.0,945.0,1582.0,1585.0,3.0,3.0
9,amp250_freq5,250,5,948.0,951.0,1588.0,1591.0,3.0,3.0
10,amp250_freq26,250,26,954.0,957.0,1594.0,1597.0,3.0,3.0
11,amp180_freq5,180,5,960.0,963.0,1600.0,1603.0,3.0,3.0
12,amp100_freq5,100,5,966.0,969.0,1606.0,1609.0,3.0,3.0
13,amp100_freq5,100,5,972.0,975.0,1612.0,1615.0,3.0,3.0
14,amp100_freq26,100,26,978.0,981.0,1618.0,1621.0,3.0,3.0
15,amp100_freq26,100,26,984.0,987.0,1624.0,1627.0,3.0,3.0
16,amp180_freq26,180,26,990.0,993.0,1630.0,1633.0,3.0,3.0
17,amp180_freq5,180,5,996.0,999.0,1636.0,1639.0,3.0,3.0
18,amp100_freq5,100,5,1002.0,1005.0,1642.0,1645.0,3.0,3.0
19,amp250_freq26,250,26,1008.0,1011.0,1648.0,1651.0,3.0,3.0
20,amp180_freq26,180,26,1014.0,1017.0,1654.0,1657.0,3.0,3.0
21,amp100_freq5,100,5,1020.0,1023.0,1660.0,1663.0,3.0,3.0
22,amp250_freq5,250,5,1026.0,1029.0,1666.0,1669.0,3.0,3.0
23,amp180_freq5,180,5,1032.0,1035.0,1672.0,1675.0,3.0,3.0
24,amp100_freq5,100,5,1038.0,1041.0,1678.0,1681.0,3.0,3.0
25,amp250_freq26,250,26,1044.0,1047.0,1684.0,1687.0,3.0,3.0
26,amp100_freq5,100,5,1050.0,1053.0,1690.0,1693.0,3.0,3.0
27,amp100_freq5,100,5,1056.0,1059.0,1696.0,1699.0,3.0,3.0
28,amp180_freq26,180,26,1062.0,1065.0,1702.0,1705.0,3.0,3.0
29,amp100_freq5,100,5,1068.0,1071.0,1708.0,1711.0,3.0,3.0
30,amp180_freq26,180,26,1074.0,1077.0,1714.0,1717.0,3.0,3.0
31,amp100_freq5,100,5,1080.0,1083.0,1720.0,1723.0,3.0,3.0
32,amp100_freq26,100,26,1086.0,1089.0,1726.0,1729.0,3.0,3.0
33,amp180_freq26,180,26,1092.0,1095.0,1732.0,1735.0,3.0,3.0
34,amp100_freq5,100,5,1098.0,1101.0,1738.0,1741.0,3.0,3.0
35,amp250_freq5,250,5,1104.0,1107.0,1744.0,1747.0,3.0,3.0
36,amp180_freq26,180,26,1110.0,1113.0,1750.0,1753.0,3.0,3.0
37,amp180_freq26,180,26,1116.0,1119.0,1756.0,1759.0,3.0,3.0
38,amp250_freq5,250,5,1122.0,1125.0,1762.0,1765.0,3.0,3.0
39,amp100_freq26,100,26,1128.0,1131.0,1768.0,1771.0,3.0,3.0
40,amp180_freq26,180,26,1134.0,1137.0,1774.0,1777.0,3.0,3.0
41,amp180_freq26,180,26,1140.0,1143.0,1780.0,1783.0,3.0,3.0
42,amp180_freq26,180,26,1146.0,1149.0,1786.0,1789.0,3.0,3.0
43,amp100_freq5,100,5,1152.0,1155.0,1792.0,1795.0,3.0,3.0
44,amp180_freq26,180,26,1158.0,1161.0,1798.0,1801.0,3.0,3.0
45,amp180_freq5,180,5,1164.0,1167.0,1804.0,1807.0,3.0,3.0
46,amp100_freq5,100,5,1170.0,1173.0,1810.0,1813.0,3.0,3.0
47,amp100_freq5,100,5,1176.0,1179.0,1816.0,1819.0,3.0,3.0
48,amp100_freq5,100,5,1182.0,1185.0,1822.0,1825.0,3.0,3.0
49,amp100_freq5,100,5,1188.0,1191.0,1828.0,1831.0,3.0,3.0
50,amp250_freq5,250,5,1194.0,1197.0,1834.0,1837.0,3.0,3.0
51,amp180_freq26,180,26,1200.0,1203.0,1840.0,1843.0,3.0,3.0
52,amp250_freq5,250,5,1206.0,1209.0,1846.0,1849.0,3.0,3.0
53,amp180_freq5,180,5,1212.0,1215.0,1852.0,1855.0,3.0,3.0
54,amp250_freq5,250,5,1218.0,1221.0,1858.0,1861.0,3.0,3.0
55,amp250_freq26,250,26,1224.0,1227.0,1864.0,1867.0,3.0,3.0
56,amp180_freq26,180,26,1230.0,1233.0,1870.0,1873.0,3.0,3.0
57,amp100_freq5,100,5,1236.0,1239.0,1876.0,1879.0,3.0,3.0
58,amp100_freq26,100,26,1242.0,1245.0,1882.0,1885.0,3.0,3.0
59,amp100_freq5,100,5,1248.0,1251.0,1888.0,1891.0,3.0,3.0
60,amp180_freq5,180,5,1254.0,1257.0,1894.0,1897.0,3.0,3.0
61,amp180_freq26,180,26,1260.0,1263.0,1900.0,1903.0,3.0,3.0
62,amp250_freq5,250,5,1266.0,1269.0,1906.0,1909.0,3.0,3.0
63,amp180_freq5,180,5,1272.0,1275.0,1912.0,1915.0,3.0,3.0
64,amp100_freq26,100,26,1278.0,1281.0,1918.0,1921.0,3.0,3.0
65,amp250_freq5,250,5,1284.0,1287.0,1924.0,1927.0,3.0,3.0
66,amp180_freq5,180,5,1290.0,1293.0,1930.0,1933.0,3.0,3.0
67,amp250_freq5,250,5,1296.0,1299.0,1936.0,1939.0,3.0,3.0
68,amp100_freq26,100,26,1302.0,1305.0,1942.0,1945.0,3.0,3.0
69,amp100_freq26,100,26,1308.0,1311.0,1948.0,1951.0,3.0,3.0
70,amp250_freq5,250,5,1314.0,1317.0,1954.0,1957.0,3.0,3.0
71,amp100_freq26,100,26,1320.0,1323.0,1960.0,1963.0,3.0,3.0
72,amp250_freq26,250,26,1326.0,1329.0,1966.0,1969.0,3.0,3.0
73,amp250_freq5,250,5,1332.0,1335.0,1972.0,1975.0,3.0,3.0
74,amp100_freq26,100,26,1338.0,1341.0,1978.0,1981.0,3.0,3.0
75,amp180_freq26,180,26,1344.0,1347.0,1984.0,1987.0,3.0,3.0
76,amp100_freq26,100,26,1350.0,1353.0,1990.0,1993.0,3.0,3.0
77,amp100_freq26,100,26,1356.0,1359.0,1996.0,1999.0,3.0,3.0
78,amp180_freq5,180,5,1362.0,1365.0,2002.0,2005.0,3.0,3.0
79,amp100_freq26,100,26,1368.0,1371.0,2008.0,2011.0,3.0,3.0
80,amp180_freq26,180,26,1374.0,1377.0,2014.0,2017.0,3.0,3.0
81,amp250_freq5,250,5,1380.0,1383.0,2020.0,2023.0,3.0,3.0
82,amp180_freq26,180,26,1386.0,1389.0,2026.0,2029.0,3.0,3.0
83,amp100_freq5,100,5,1392.0,1395.0,2032.0,2035.0,3.0,3.0
84,amp180_freq5,180,5,1398.0,1401.0,2038.0,2041.0,3.0,3.0
85,amp250_freq5,250,5,1404.0,1407.0,2044.0,2047.0,3.0,3.0
86,amp180_freq26,180,26,1410.0,1413.0,2050.0,2053.0,3.0,3.0
87,amp100_freq26,100,26,1416.0,1419.0,2056.0,2059.0,3.0,3.0
88,amp100_freq5,100,5,1422.0,1425.0,2062.0,2065.0,3.0,3.0
89,amp180_freq26,180,26,1428.0,1431.0,2068.0,2071.0,3.0,3.0
90,amp180_freq5,180,5,1434.0,1437.0,2074.0,2077.0,3.0,3.0
91,amp180_freq26,180,26,1440.0,1443.0,2080.0,2083.0,3.0,3.0
92,amp100_freq26,100,26,1446.0,1449.0,2086.0,2089.0,3.0,3.0
93,amp180_freq26,180,26,1452.0,1455.0,2092.0,2095.0,3.0,3.0
94,amp250_freq5,250,5,1458.0,1461.0,2098.0,2101.0,3.0,3.0
95,amp100_freq5,100,5,1464.0,1467.0,2104.0,2107.0,3.0,3.0
96,amp100_freq26,100,26,1470.0,1473.0,2110.0,2113.0,3.0,3.0
97,amp250_freq5,250,5,1476.0,1479.0,2116.0,2119.0,3.0,3.0
98,amp250_freq5,250,5,1482.0,1485.0,2122.0,2125.0,3.0,3.0
99,amp100_freq5,100,5,1488.0,1491.0,2128.0,2131.0,3.0,3.0
100,amp250_freq5,250,5,1494.0,1497.0,2134.0,2137.0,3.0,3.0
101,amp180_freq26,180,26,1500.0,1503.0,2140.0,2143.0,3.0,3.0
102,amp100_freq5,100,5,1506.0,1509.0,2146.0,2149.0,3.0,3.0
103,amp100_freq26,100,26,1512.0,1515.0,2152.0,2155.0,3.0,3.0
104,amp100_freq26,100,26,1518.0,1521.0,2158.0,2161.0,3.0,3.0
105,amp100_freq26,100,26,1524.0,1527.0,2164.0,2167.0,3.0,3.0
106,amp180_freq26,180,26,1530.0,1533.0,2170.0,2173.0,3.0,3.0
107,amp250_freq5,250,5,1536.0,1539.0,2176.0,2179.0,3.0,3.0
108,amp180_freq5,180,5,1542.0,1545.0,2182.0,2185.0,3.0,3.0
109,amp250_freq5,250,5,1548.0,1551.0,2188.0,2191.0,3.0,3.0
110,amp100_freq26,100,26,1554.0,1557.0,2194.0,2197.0,3.0,3.0
111,amp250_freq5,250,5,1560.0,1563.0,2200.0,2203.0,3.0,3.0
112,amp250_freq5,250,5,1566.0,1569.0,2206.0,2209.0,3.0,3.0
113,amp100_freq5,100,5,1572.0,1575.0,2212.0,2215.0,3.0,3.0
114,amp250_freq5,250,5,1578.0,1581.0,2218.0,2221.0,3.0,3.0
115,amp250_freq5,250,5,1584.0,1587.0,2224.0,2227.0,3.0,3.0
116,amp100_freq26,100,26,1590.0,1593.0,2230.0,2233.0,3.0,3.0
117,amp100_freq5,100,5,1596.0,1599.0,2236.0,2239.0,3.0,3.0
118,amp250_freq26,250,26,1602.0,1605.0,2242.0,2245.0,3.0,3.0
119,amp250_freq26,250,26,1608.0,1611.0,2248.0,2251.0,3.0,3.0
120,amp100_freq5,100,5,1614.0,1617.0,2254.0,2257.0,3.0,3.0
121,amp250_freq5,250,5,1620.0,1623.0,2260.0,2263.0,3.0,3.0
122,amp100_freq26,100,26,1626.0,1629.0,2266.0,2269.0,3.0,3.0
123,amp250_freq5,250,5,1632.0,1635.0,2272.0,2275.0,3.0,3.0
124,amp180_freq26,180,26,1638.0,1641.0,2278.0,2281.0,3.0,3.0
125,amp250_freq5,250,5,1644.0,1647.0,2284.0,2287.0,3.0,3.0
126,amp100_freq5,100,5,1650.0,1653.0,2290.0,2293.0,3.0,3.0
127,amp180_freq26,180,26,1656.0,1659.0,2296.0,2299.0,3.0,3.0
128,amp100_freq5,100,5,1662.0,1665.0,2302.0,2305.0,3.0,3.0
129,amp180_freq26,180,26,1668.0,1671.0,2308.0,2311.0,3.0,3.0
130,amp250_freq5,250,5,1674.0,1677.0,2314.0,2317.0,3.0,3.0
131,amp250_freq26,250,26,1680.0,1683.0,2320.0,2323.0,3.0,3.0
132,amp250_freq26,250,26,1686.0,1689.0,2326.0,2329.0,3.0,3.0
133,amp250_freq5,250,5,1692.0,1695.0,2332.0,2335.0,3.0,3.0
134,amp180_freq26,180,26,1698.0,1701.0,2338.0,2341.0,3.0,3.0
135,amp180_freq5,180,5,1704.0,1707.0,2344.0,2347.0,3.0,3.0
136,amp250_freq26,250,26,1710.0,1713.0,2350.0,2353.0,3.0,3.0
137,amp100_freq26,100,26,1716.0,1719.0,2356.0,2359.0,3.0,3.0
138,amp180_freq5,180,5,1722.0,1725.0,2362.0,2365.0,3.0,3.0
139,amp180_freq5,180,5,1728.0,1731.0,2368.0,2371.0,3.0,3.0
140,amp100_freq26,100,26,1734.0,1737.0,2374.0,2377.0,3.0,3.0
141,amp250_freq26,250,26,1740.0,1743.0,2380.0,2383.0,3.0,3.0
142,amp250_freq26,250,26,1746.0,1749.0,2386.0,2389.0,3.0,3.0
143,amp180_freq26,180,26,1752.0,1755.0,2392.0,2395.0,3.0,3.0
144,amp250_freq26,250,26,1758.0,1761.0,2398.0,2401.0,3.0,3.0
145,amp180_freq5,180,5,1764.0,1767.0,2404.0,2407.0,3.0,3.0
146,amp180_freq5,180,5,1770.0,1773.0,2410.0,2413.0,3.0,3.0
147,amp250_freq5,250,5,1776.0,1779.0,2416.0,2419.0,3.0,3.0
148,amp100_freq5,100,5,1782.0,1785.0,2422.0,2425.0,3.0,3.0
149,amp180_freq26,180,26,1788.0,1791.0,2428.0,2431.0,3.0,3.0
150,amp180_freq5,180,5,1794.0,1797.0,2434.0,2437.0,3.0,3.0
151,amp180_freq26,180,26,1800.0,1803.0,2440.0,2443.0,3.0,3.0
152,amp250_freq26,250,26,1806.0,1809.0,2446.0,2449.0,3.0,3.0
153,amp180_freq26,180,26,1812.0,1815.0,2452.0,2455.0,3.0,3.0
154,amp180_freq5,180,5,1818.0,1821.0,2458.0,2461.0,3.0,3.0
155,amp100_freq26,100,26,1824.0,1827.0,2464.0,2467.0,3.0,3.0
156,amp250_freq5,250,5,1830.0,1833.0,2470.0,2473.0,3.0,3.0
157,amp100_freq5,100,5,1836.0,1839.0,2476.0,2479.0,3.0,3.0
158,amp100_freq5,100,5,1842.0,1845.0,2482.0,2485.0,3.0,3.0
159,amp100_freq26,100,26,1848.0,1851.0,2488.0,2491.0,3.0,3.0
160,amp180_freq26,180,26,1854.0,1857.0,2494.0,2497.0,3.0,3.0
161,amp180_freq26,180,26,1860.0,1863.0,2500.0,2503.0,3.0,3.0
162,amp100_freq5,100,5,1866.0,1869.0,2506.0,2509.0,3.0,3.0
163,amp250_freq26,250,26,1872.0,1875.0,2512.0,2515.0,3.0,3.0
164,amp250_freq5,250,5,1878.0,1881.0,2518.0,2521.0,3.0,3.0
165,amp250_freq5,250,5,1884.0,1887.0,2524.0,2527.0,3.0,3.0
166,amp100_freq26,100,26,1890.0,1893.0,2530.0,2533.0,3.0,3.0
167,amp180_freq26,180,26,1896.0,1899.0,2536.0,2539.0,3.0,3.0
168,amp180_freq5,180,5,1902.0,1905.0,2542.0,2545.0,3.0,3.0
169,amp250_freq26,250,26,1908.0,1911.0,2548.0,2551.0,3.0,3.0
170,amp100_freq26,100,26,1914.0,1917.0,2554.0,2557.0,3.0,3.0
171,amp250_freq26,250,26,1920.0,1923.0,2560.0,2563.0,3.0,3.0
172,amp100_freq5,100,5,1926.0,1929.0,2566.0,2569.0,3.0,3.0
173,amp180_freq5,180,5,1932.0,1935.0,2572.0,2575.0,3.0,3.0
174,amp180_freq5,180,5,1938.0,1941.0,2578.0,2581.0,3.0,3.0
175,amp100_freq5,100,5,1944.0,1947.0,2584.0,2587.0,3.0,3.0
176,amp180_freq26,180,26,1950.0,1953.0,2590.0,2593.0,3.0,3.0
177,amp100_freq5,100,5,1956.0,1959.0,2596.0,2599.0,3.0,3.0
178,amp250_freq5,250,5,1962.0,1965.0,2602.0,2605.0,3.0,3.0
179,amp100_freq26,100,26,1968.0,1971.0,2608.0,2611.0,3.0,3.0
180,amp250_freq26,250,26,1974.0,1977.0,2614.0,2617.0,3.0,3.0
181,amp250_freq26,250,26,1980.0,1983.0,2620.0,2623.0,3.0,3.0
182,amp100_freq5,100,5,1986.0,1989.0,2626.0,2629.0,3.0,3.0
183,amp250_freq5,250,5,1992.0,1995.0,2632.0,2635.0,3.0,3.0
184,amp100_freq26,100,26,1998.0,2001.0,2638.0,2641.0,3.0,3.0
185,amp250_freq26,250,26,2004.0,2007.0,2644.0,2647.0,3.0,3.0
186,amp180_freq26,180,26,2010.0,2013.0,2650.0,2653.0,3.0,3.0
187,amp100_freq26,100,26,2016.0,2019.0,2656.0,2659.0,3.0,3.0
188,amp180_freq26,180,26,2022.0,2025.0,2662.0,2665.0,3.0,3.0
189,amp100_freq5,100,5,2028.0,2031.0,2668.0,2671.0,3.0,3.0
190,amp180_freq26,180,26,2034.0,2037.0,2674.0,2677.0,3.0,3.0
191,amp250_freq26,250,26,2040.0,2043.0,2680.0,2683.0,3.0,3.0
192,amp250_freq5,250,5,2046.0,2049.0,2686.0,2689.0,3.0,3.0
193,amp100_freq26,100,26,2052.0,2055.0,2692.0,2695.0,3.0,3.0
194,amp100_freq26,100,26,2058.0,2061.0,2698.0,2701.0,3.0,3.0
195,amp250_freq26,250,26,2064.0,2067.0,2704.0,2707.0,3.0,3.0
196,amp250_freq26,250,26,2070.0,2073.0,2710.0,2713.0,3.0,3.0
197,amp250_freq5,250,5,2076.0,2079.0,2716.0,2719.0,3.0,3.0
198,amp250_freq5,250,5,2082.0,2085.0,2722.0,2725.0,3.0,3.0
199,amp100_freq5,100,5,2088.0,2091.0,2728.0,2731.0,3.0,3.0
200,amp100_freq26,100,26,2094.0,2097.0,2734.0,2737.0,3.0,3.0
201,amp250_freq5,250,5,2100.0,2103.0,2740.0,2743.0,3.0,3.0
202,amp180_freq5,180,5,2106.0,2109.0,2746.0,2749.0,3.0,3.0
203,amp180_freq26,180,26,2112.0,2115.0,2752.0,2755.0,3.0,3.0
204,amp100_freq5,100,5,2118.0,2121.0,2758.0,2761.0,3.0,3.0
205,amp180_freq5,180,5,2124.0,2127.0,2764.0,2767.0,3.0,3.0
206,amp100_freq26,100,26,2130.0,2133.0,2770.0,2773.0,3.0,3.0
207,amp100_freq26,100,26,2136.0,2139.0,2776.0,2779.0,3.0,3.0
208,amp180_freq5,180,5,2142.0,2145.0,2782.0,2785.0,3.0,3.0
209,amp180_freq26,180,26,2148.0,2151.0,2788.0,2791.0,3.0,3.0
210,amp180_freq5,180,5,2154.0,2157.0,2794.0,2797.0,3.0,3.0
211,amp100_freq5,100,5,2160.0,2163.0,2800.0,2803.0,3.0,3.0
212,amp180_freq26,180,26,2166.0,2169.0,2806.0,2809.0,3.0,3.0
213,amp100_freq5,100,5,2172.0,2175.0,2812.0,2815.0,3.0,3.0
214,amp250_freq26,250,26,2178.0,2181.0,2818.0,2821.0,3.0,3.0
215,amp250_freq5,250,5,2184.0,2187.0,2824.0,2827.0,3.0,3.0
216,amp180_freq26,180,26,2190.0,2193.0,2830.0,2833.0,3.0,3.0
217,amp250_freq26,250,26,2196.0,2199.0,2836.0,2839.0,3.0,3.0
218,amp100_freq5,100,5,2202.0,2205.0,2842.0,2845.0,3.0,3.0
219,amp250_freq5,250,5,2208.0,2211.0,2848.0,2851.0,3.0,3.0
220,amp250_freq5,250,5,2214.0,2217.0,2854.0,2857.0,3.0,3.0
221,amp250_freq26,250,26,2220.0,2223.0,2860.0,2863.0,3.0,3.0
222,amp100_freq5,100,5,2226.0,2229.0,2866.0,2869.0,3.0,3.0
223,amp180_freq5,180,5,2232.0,2235.0,2872.0,2875.0,3.0,3.0
224,amp100_freq26,100,26,2238.0,2241.0,2878.0,2881.0,3.0,3.0
225,amp180_freq5,180,5,2244.0,2247.0,2884.0,2887.0,3.0,3.0
226,amp250_freq5,250,5,2250.0,2253.0,2890.0,2893.0,3.0,3.0
227,amp180_freq26,180,26,2256.0,2259.0,2896.0,2899.0,3.0,3.0
228,amp100_freq5,100,5,2262.0,2265.0,2902.0,2905.0,3.0,3.0
229,amp250_freq26,250,26,2268.0,2271.0,2908.0,2911.0,3.0,3.0
230,amp180_freq5,180,5,2274.0,2277.0,2914.0,2917.0,3.0,3.0
231,amp180_freq5,180,5,2280.0,2283.0,2920.0,2923.0,3.0,3.0
232,amp100_freq5,100,5,2286.0,2289.0,2926.0,2929.0,3.0,3.0
233,amp250_freq26,250,26,2292.0,2295.0,2932.0,2935.0,3.0,3.0
234,amp100_freq5,100,5,2298.0,2301.0,2938.0,2941.0,3.0,3.0
235,amp180_freq26,180,26,2304.0,2307.0,2944.0,2947.0,3.0,3.0
236,amp180_freq5,180,5,2310.0,2313.0,2950.0,2953.0,3.0,3.0
237,amp180_freq26,180,26,2316.0,2319.0,2956.0,2959.0,3.0,3.0
238,amp250_freq5,250,5,2322.0,2325.0,2962.0,2965.0,3.0,3.0
239,amp100_freq26,100,26,2328.0,2331.0,2968.0,2971.0,3.0,3.0
240,amp100_freq5,100,5,2334.0,2337.0,2974.0,2977.0,3.0,3.0
241,amp100_freq26,100,26,2340.0,2343.0,2980.0,2983.0,3.0,3.0
242,amp250_freq26,250,26,2346.0,2349.0,2986.0,2989.0,3.0,3.0
243,amp250_freq26,250,26,2352.0,2355.0,2992.0,2995.0,3.0,3.0
244,amp250_freq5,250,5,2358.0,2361.0,2998.0,3001.0,3.0,3.0
245,amp180_freq26,180,26,2364.0,2367.0,3004.0,3007.0,3.0,3.0
246,amp100_freq26,100,26,2370.0,2373.0,3010.0,3013.0,3.0,3.0
247,amp100_freq26,100,26,2376.0,2379.0,3016.0,3019.0,3.0,3.0
248,amp100_freq26,100,26,2382.0,2385.0,3022.0,3025.0,3.0,3.0
249,amp180_freq5,180,5,2388.0,2391.0,3028.0,3031.0,3.0,3.0
250,amp180_freq26,180,26,2394.0,2397.0,3034.0,3037.0,3.0,3.0
251,amp250_freq26,250,26,2400.0,2403.0,3040.0,3043.0,3.0,3.0
252,amp100_freq26,100,26,2406.0,2409.0,3046.0,3049.0,3.0,3.0
253,amp100_freq26,100,26,2412.0,2415.0,3052.0,3055.0,3.0,3.0
254,amp100_freq5,100,5,2418.0,2421.0,3058.0,3061.0,3.0,3.0
255,amp180_freq5,180,5,2424.0,2427.0,3064.0,3067.0,3.0,3.0
256,amp100_freq26,100,26,2430.0,2433.0,3070.0,3073.0,3.0,3.0
257,amp100_freq5,100,5,2436.0,2439.0,3076.0,3079.0,3.0,3.0
258,amp180_freq5,180,5,2442.0,2445.0,3082.0,3085.0,3.0,3.0
259,amp180_freq5,180,5,2448.0,2451.0,3088.0,3091.0,3.0,3.0
260,amp180_freq5,180,5,2454.0,2457.0,3094.0,3097.0,3.0,3.0
261,amp100_freq26,100,26,2460.0,2463.0,3100.0,3103.0,3.0,3.0
262,amp100_freq5,100,5,2466.0,2469.0,3106.0,3109.0,3.0,3.0
263,amp250_freq5,250,5,2472.0,2475.0,3112.0,3115.0,3.0,3.0
264,amp100_freq5,100,5,2478.0,2481.0,3118.0,3121.0,3.0,3.0
265,amp250_freq5,250,5,2484.0,2487.0,3124.0,3127.0,3.0,3.0
266,amp180_freq26,180,26,2490.0,2493.0,3130.0,3133.0,3.0,3.0
267,amp100_freq5,100,5,2496.0,2499.0,3136.0,3139.0,3.0,3.0
268,amp250_freq5,250,5,2502.0,2505.0,3142.0,3145.0,3.0,3.0
269,amp250_freq26,250,26,2508.0,2511.0,3148.0,3151.0,3.0,3.0
270,amp250_freq5,250,5,2514.0,2517.0,3154.0,3157.0,3.0,3.0
271,amp100_freq5,100,5,2520.0,2523.0,3160.0,3163.0,3.0,3.0
272,amp250_freq26,250,26,2526.0,2529.0,3166.0,3169.0,3.0,3.0
273,amp100_freq26,100,26,2532.0,2535.0,3172.0,3175.0,3.0,3.0
274,amp250_freq26,250,26,2538.0,2541.0,3178.0,3181.0,3.0,3.0
275,amp180_freq26,180,26,2544.0,2547.0,3184.0,3187.0,3.0,3.0
276,amp100_freq5,100,5,2550.0,2553.0,3190.0,3193.0,3.0,3.0
277,amp250_freq5,250,5,2556.0,2559.0,3196.0,3199.0,3.0,3.0
278,amp250_freq5,250,5,2562.0,2565.0,3202.0,3205.0,3.0,3.0
279,amp180_freq26,180,26,2568.0,2571.0,3208.0,3211.0,3.0,3.0
280,amp100_freq26,100,26,2574.0,2577.0,3214.0,3217.0,3.0,3.0
281,amp180_freq5,180,5,2580.0,2583.0,3220.0,3223.0,3.0,3.0
282,amp180_freq26,180,26,2586.0,2589.0,3226.0,3229.0,3.0,3.0
283,amp250_freq26,250,26,2592.0,2595.0,3232.0,3235.0,3.0,3.0
284,amp250_freq26,250,26,2598.0,2601.0,3238.0,3241.0,3.0,3.0
285,amp250_freq26,250,26,2604.0,2607.0,3244.0,3247.0,3.0,3.0
286,amp180_freq5,180,5,2610.0,2613.0,3250.0,3253.0,3.0,3.0
287,amp100_freq26,100,26,2616.0,2619.0,3256.0,3259.0,3.0,3.0
288,amp250_freq26,250,26,2622.0,2625.0,3262.0,3265.0,3.0,3.0
289,amp100_freq26,100,26,2628.0,2631.0,3268.0,3271.0,3.0,3.0
290,amp100_freq5,100,5,2634.0,2637.0,3274.0,3277.0,3.0,3.0
291,amp100_freq5,100,5,2640.0,2643.0,3280.0,3283.0,3.0,3.0
292,amp100_freq26,100,26,2646.0,2649.0,3286.0,3289.0,3.0,3.0
293,amp250_freq26,250,26,2652.0,2655.0,3292.0,3295.0,3.0,3.0
294,amp180_freq5,180,5,2658.0,2661.0,3298.0,3301.0,3.0,3.0
295,amp250_freq26,250,26,2664.0,2667.0,3304.0,3307.0,3.0,3.0
296,amp250_freq26,250,26,2670.0,2673.0,3310.0,3313.0,3.0,3.0
297,amp180_freq5,180,5,2676.0,2679.0,3316.0,3319.0,3.0,3.0
298,amp100_freq5,100,5,2682.0,2685.0,3322.0,3325.0,3.0,3.0
299,amp180_freq5,180,5,2688.0,2691.0,3328.0,3331.0,3.0,3.0
300,amp100_freq5,100,5,2694.0,2697.0,3334.0,3337.0,3.0,3.0
301,amp100_freq26,100,26,2700.0,2703.0,3340.0,3343.0,3.0,3.0
302,amp180_freq5,180,5,2706.0,2709.0,3346.0,3349.0,3.0,3.0
303,amp100_freq5,100,5,2712.0,2715.0,3352.0,3355.0,3.0,3.0
304,amp250_freq26,250,26,2718.0,2721.0,3358.0,3361.0,3.0,3.0
305,amp250_freq5,250,5,2724.0,2727.0,3364.0,3367.0,3.0,3.0
306,amp250_freq5,250,5,2730.0,2733.0,3370.0,3373.0,3.0,3.0
307,amp100_freq26,100,26,2736.0,2739.0,3376.0,3379.0,3.0,3.0
308,amp250_freq26,250,26,2742.0,2745.0,3382.0,3385.0,3.0,3.0
309,amp100_freq5,100,5,2748.0,2751.0,3388.0,3391.0,3.0,3.0
310,amp180_freq5,180,5,2754.0,2757.0,3394.0,3397.0,3.0,3.0
311,amp180_freq26,180,26,2760.0,2763.0,3400.0,3403.0,3.0,3.0
312,amp180_freq26,180,26,2766.0,2769.0,3406.0,3409.0,3.0,3.0
313,amp250_freq26,250,26,2772.0,2775.0,3412.0,3415.0,3.0,3.0
314,amp180_freq5,180,5,2778.0,2781.0,3418.0,3421.0,3.0,3.0
315,amp250_freq5,250,5,2784.0,2787.0,3424.0,3427.0,3.0,3.0
316,amp100_freq26,100,26,2790.0,2793.0,3430.0,3433.0,3.0,3.0
317,amp250_freq5,250,5,2796.0,2799.0,3436.0,3439.0,3.0,3.0
318,amp180_freq26,180,26,2802.0,2805.0,3442.0,3445.0,3.0,3.0
319,amp180_freq26,180,26,2808.0,2811.0,3448.0,3451.0,3.0,3.0
320,amp180_freq26,180,26,2814.0,2817.0,3454.0,3457.0,3.0,3.0
321,amp100_freq26,100,26,2820.0,2823.0,3460.0,3463.0,3.0,3.0
322,amp250_freq26,250,26,2826.0,2829.0,3466.0,3469.0,3.0,3.0
323,amp100_freq26,100,26,2832.0,2835.0,3472.0,3475.0,3.0,3.0
324,amp100_freq26,100,26,2838.0,2841.0,3478.0,3481.0,3.0,3.0
325,amp100_freq5,100,5,2844.0,2847.0,3484.0,3487.0,3.0,3.0
326,amp100_freq5,100,5,2850.0,2853.0,3490.0,3493.0,3.0,3.0
327,amp100_freq26,100,26,2856.0,2859.0,3496.0,3499.0,3.0,3.0
328,amp250_freq26,250,26,2862.0,2865.0,3502.0,3505.0,3.0,3.0
329,amp100_freq5,100,5,2868.0,2871.0,3508.0,3511.0,3.0,3.0
330,amp250_freq26,250,26,2874.0,2877.0,3514.0,3517.0,3.0,3.0
331,amp100_freq26,100,26,2880.0,2883.0,3520.0,3523.0,3.0,3.0
332,amp180_freq5,180,5,2886.0,2889.0,3526.0,3529.0,3.0,3.0
333,amp250_freq26,250,26,2892.0,2895.0,3532.0,3535.0,3.0,3.0
334,amp250_freq26,250,26,2898.0,2901.0,3538.0,3541.0,3.0,3.0
335,amp100_freq5,100,5,2904.0,2907.0,3544.0,3547.0,3.0,3.0
336,amp180_freq5,180,5,2910.0,2913.0,3550.0,3553.0,3.0,3.0
337,amp250_freq26,250,26,2916.0,2919.0,3556.0,3559.0,3.0,3.0
338,amp180_freq5,180,5,2922.0,2925.0,3562.0,3565.0,3.0,3.0
339,amp100_freq5,100,5,2928.0,2931.0,3568.0,3571.0,3.0,3.0
340,amp180_freq26,180,26,2934.0,2937.0,3574.0,3577.0,3.0,3.0
341,amp100_freq5,100,5,2940.0,2943.0,3580.0,3583.0,3.0,3.0
342,amp100_freq26,100,26,2946.0,2949.0,3586.0,3589.0,3.0,3.0
343,amp250_freq5,250,5,2952.0,2955.0,3592.0,3595.0,3.0,3.0
344,amp100_freq5,100,5,2958.0,2961.0,3598.0,3601.0,3.0,3.0
345,amp180_freq26,180,26,2964.0,2967.0,3604.0,3607.0,3.0,3.0
346,amp180_freq5,180,5,2970.0,2973.0,3610.0,3613.0,3.0,3.0
347,amp100_freq5,100,5,2976.0,2979.0,3616.0,3619.0,3.0,3.0
348,amp180_freq26,180,26,2982.0,2985.0,3622.0,3625.0,3.0,3.0
349,amp180_freq26,180,26,2988.0,2991.0,3628.0,3631.0,3.0,3.0
350,amp100_freq26,100,26,2994.0,2997.0,3634.0,3637.0,3.0,3.0
351,amp100_freq5,100,5,3000.0,3003.0,3640.0,3643.0,3.0,3.0
352,amp250_freq5,250,5,3006.0,3009.0,3646.0,3649.0,3.0,3.0
353,amp250_freq26,250,26,3012.0,3015.0,3652.0,3655.0,3.0,3.0
354,amp250_freq5,250,5,3018.0,3021.0,3658.0,3661.0,3.0,3.0
355,amp100_freq26,100,26,3024.0,3027.0,3664.0,3667.0,3.0,3.0
356,amp100_freq5,100,5,3030.0,3033.0,3670.0,3673.0,3.0,3.0
357,amp250_freq5,250,5,3036.0,3039.0,3676.0,3679.0,3.0,3.0
358,amp250_freq5,250,5,3042.0,3045.0,3682.0,3685.0,3.0,3.0
359,amp180_freq26,180,26,3048.0,3051.0,3688.0,3691.0,3.0,3.0
360,amp180_freq26,180,26,3054.0,3057.0,3694.0,3697.0,3.0,3.0
361,amp100_freq26,100,26,3060.0,3063.0,3700.0,3703.0,3.0,3.0
362,amp180_freq26,180,26,3066.0,3069.0,3706.0,3709.0,3.0,3.0
363,amp100_freq5,100,5,3072.0,3075.0,3712.0,3715.0,3.0,3.0
364,amp100_freq26,100,26,3078.0,3081.0,3718.0,3721.0,3.0,3.0
365,amp100_freq5,100,5,3084.0,3087.0,3724.0,3727.0,3.0,3.0
366,amp250_freq26,250,26,3090.0,3093.0,3730.0,3733.0,3.0,3.0
367,amp100_freq26,100,26,3096.0,3099.0,3736.0,3739.0,3.0,3.0
368,amp100_freq5,100,5,3102.0,3105.0,3742.0,3745.0,3.0,3.0
369,amp100_freq26,100,26,3108.0,3111.0,3748.0,3751.0,3.0,3.0
370,amp100_freq5,100,5,3114.0,3117.0,3754.0,3757.0,3.0,3.0
371,amp250_freq26,250,26,3120.0,3123.0,3760.0,3763.0,3.0,3.0
372,amp100_freq26,100,26,3126.0,3129.0,3766.0,3769.0,3.0,3.0
373,amp100_freq26,100,26,3132.0,3135.0,3772.0,3775.0,3.0,3.0
374,amp250_freq5,250,5,3138.0,3141.0,3778.0,3781.0,3.0,3.0
375,amp250_freq26,250,26,3144.0,3147.0,3784.0,3787.0,3.0,3.0
376,amp180_freq5,180,5,3150.0,3153.0,3790.0,3793.0,3.0,3.0
377,amp100_freq26,100,26,3156.0,3159.0,3796.0,3799.0,3.0,3.0
378,amp100_freq26,100,26,3162.0,3165.0,3802.0,3805.0,3.0,3.0
379,amp180_freq26,180,26,3168.0,3171.0,3808.0,3811.0,3.0,3.0
380,amp250_freq5,250,5,3174.0,3177.0,3814.0,3817.0,3.0,3.0
381,amp250_freq5,250,5,3180.0,3183.0,3820.0,3823.0,3.0,3.0
382,amp180_freq26,180,26,3186.0,3189.0,3826.0,3829.0,3.0,3.0
383,amp100_freq5,100,5,3192.0,3195.0,3832.0,3835.0,3.0,3.0
384,amp250_freq26,250,26,3198.0,3201.0,3838.0,3841.0,3.0,3.0
385,amp180_freq26,180,26,3204.0,3207.0,3844.0,3847.0,3.0,3.0
386,amp250_freq26,250,26,3210.0,3213.0,3850.0,3853.0,3.0,3.0
387,amp100_freq5,100,5,3216.0,3219.0,3856.0,3859.0,3.0,3.0
388,amp180_freq5,180,5,3222.0,3225.0,3862.0,3865.0,3.0,3.0
389,amp180_freq26,180,26,3228.0,3231.0,3868.0,3871.0,3.0,3.0
390,amp250_freq5,250,5,3234.0,3237.0,3874.0,3877.0,3.0,3.0
391,amp100_freq26,100,26,3240.0,3243.0,3880.0,3883.0,3.0,3.0
392,amp250_freq26,250,26,3246.0,3249.0,3886.0,3889.0,3.0,3.0
393,amp180_freq5,180,5,3252.0,3255.0,3892.0,3895.0,3.0,3.0
394,amp180_freq26,180,26,3258.0,3261.0,3898.0,3901.0,3.0,3.0
395,amp180_freq5,180,5,3264.0,3267.0,3904.0,3907.0,3.0,3.0
396,amp180_freq26,180,26,3270.0,3273.0,3910.0,3913.0,3.0,3.0
397,amp250_freq5,250,5,3276.0,3279.0,3916.0,3919.0,3.0,3.0
398,amp100_freq5,100,5,3282.0,3285.0,3922.0,3925.0,3.0,3.0
399,amp100_freq26,100,26,3288.0,3291.0,3928.0,3931.0,3.0,3.0
400,amp250_freq26,250,26,3294.0,3297.0,3934.0,3937.0,3.0,3.0
401,amp180_freq26,180,26,3300.0,3303.0,3940.0,3943.0,3.0,3.0
402,amp250_freq26,250,26,3306.0,3309.0,3946.0,3949.0,3.0,3.0
403,amp100_freq5,100,5,3312.0,3315.0,3952.0,3955.0,3.0,3.0
404,amp250_freq5,250,5,3318.0,3321.0,3958.0,3961.0,3.0,3.0
405,amp100_freq5,100,5,3324.0,3327.0,3964.0,3967.0,3.0,3.0
406,amp250_freq5,250,5,3330.0,3333.0,3970.0,3973.0,3.0,3.0
407,amp100_freq26,100,26,3336.0,3339.0,3976.0,3979.0,3.0,3.0
408,amp100_freq5,100,5,3342.0,3345.0,3982.0,3985.0,3.0,3.0
409,amp100_freq5,100,5,3348.0,3351.0,3988.0,3991.0,3.0,3.0
410,amp100_freq26,100,26,3354.0,3357.0,3994.0,3997.0,3.0,3.0
411,amp100_freq26,100,26,3360.0,3363.0,4000.0,4003.0,3.0,3.0
412,amp180_freq26,180,26,3366.0,3369.0,4006.0,4009.0,3.0,3.0
413,amp180_freq5,180,5,3372.0,3375.0,4012.0,4015.0,3.0,3.0
414,amp250_freq26,250,26,3378.0,3381.0,4018.0,4021.0,3.0,3.0
415,amp250_freq5,250,5,3384.0,3387.0,4024.0,4027.0,3.0,3.0
416,amp250_freq26,250,26,3390.0,3393.0,4030.0,4033.0,3.0,3.0
417,amp180_freq26,180,26,3396.0,3399.0,4036.0,4039.0,3.0,3.0
418,amp250_freq26,250,26,3402.0,3405.0,4042.0,4045.0,3.0,3.0
419,amp250_freq26,250,26,3408.0,3411.0,4048.0,4051.0,3.0,3.0
420,amp250_freq5,250,5,3414.0,3417.0,4054.0,4057.0,3.0,3.0
421,amp180_freq26,180,26,3420.0,3423.0,4060.0,4063.0,3.0,3.0
422,amp250_freq26,250,26,3426.0,3429.0,4066.0,4069.0,3.0,3.0
423,amp180_freq5,180,5,3432.0,3435.0,4072.0,4075.0,3.0,3.0
424,amp250_freq26,250,26,3438.0,3441.0,4078.0,4081.0,3.0,3.0
425,amp250_freq26,250,26,3444.0,3447.0,4084.0,4087.0,3.0,3.0
426,amp180_freq5,180,5,3450.0,3453.0,4090.0,4093.0,3.0,3.0
427,amp250_freq5,250,5,3456.0,3459.0,4096.0,4099.0,3.0,3.0
428,amp100_freq26,100,26,3462.0,3465.0,4102.0,4105.0,3.0,3.0
429,amp180_freq5,180,5,3468.0,3471.0,4108.0,4111.0,3.0,3.0
430,amp100_freq26,100,26,3474.0,3477.0,4114.0,4117.0,3.0,3.0
431,amp250_freq5,250,5,3480.0,3483.0,4120.0,4123.0,3.0,3.0
432,amp100_freq26,100,26,3486.0,3489.0,4126.0,4129.0,3.0,3.0
433,amp100_freq26,100,26,3492.0,3495.0,4132.0,4135.0,3.0,3.0
434,amp180_freq26,180,26,3498.0,3501.0,4138.0,4141.0,3.0,3.0
435,amp100_freq26,100,26,3504.0,3507.0,4144.0,4147.0,3.0,3.0
436,amp250_freq5,250,5,3510.0,3513.0,4150.0,4153.0,3.0,3.0
437,amp100_freq26,100,26,3516.0,3519.0,4156.0,4159.0,3.0,3.0
438,amp180_freq26,180,26,3522.0,3525.0,4162.0,4165.0,3.0,3.0
439,amp180_freq5,180,5,3528.0,3531.0,4168.0,4171.0,3.0,3.0
440,amp180_freq5,180,5,3534.0,3537.0,4174.0,4177.0,3.0,3.0
441,amp250_freq26,250,26,3540.0,3543.0,4180.0,4183.0,3.0,3.0
442,amp180_freq26,180,26,3546.0,3549.0,4186.0,4189.0,3.0,3.0
443,amp100_freq5,100,5,3552.0,3555.0,4192.0,4195.0,3.0,3.0
444,amp250_freq5,250,5,3558.0,3561.0,4198.0,4201.0,3.0,3.0
445,amp180_freq26,180,26,3564.0,3567.0,4204.0,4207.0,3.0,3.0
446,amp250_freq5,250,5,3570.0,3573.0,4210.0,4213.0,3.0,3.0
447,amp180_freq26,180,26,3576.0,3579.0,4216.0,4219.0,3.0,3.0
448,amp180_freq5,180,5,3582.0,3585.0,4222.0,4225.0,3.0,3.0
449,amp250_freq26,250,26,3588.0,3591.0,4228.0,4231.0,3.0,3.0
450,amp100_freq26,100,26,3594.0,3597.0,4234.0,4237.0,3.0,3.0
451,amp100_freq5,100,5,3600.0,3603.0,4240.0,4243.0,3.0,3.0
452,amp180_freq5,180,5,3606.0,3609.0,4246.0,4249.0,3.0,3.0
453,amp100_freq26,100,26,3612.0,3615.0,4252.0,4255.0,3.0,3.0
454,amp250_freq26,250,26,3618.0,3621.0,4258.0,4261.0,3.0,3.0
455,amp250_freq5,250,5,3624.0,3627.0,4264.0,4267.0,3.0,3.0
456,amp250_freq5,250,5,3630.0,3633.0,4270.0,4273.0,3.0,3.0
457,amp250_freq26,250,26,3636.0,3639.0,4276.0,4279.0,3.0,3.0
458,amp180_freq5,180,5,3642.0,3645.0,4282.0,4285.0,3.0,3.0
459,amp180_freq26,180,26,3648.0,3651.0,4288.0,4291.0,3.0,3.0
460,amp250_freq26,250,26,3654.0,3657.0,4294.0,4297.0,3.0,3.0
461,amp100_freq26,100,26,3660.0,3663.0,4300.0,4303.0,3.0,3.0
462,amp180_freq26,180,26,3666.0,3669.0,4306.0,4309.0,3.0,3.0
463,amp100_freq5,100,5,3672.0,3675.0,4312.0,4315.0,3.0,3.0
464,amp250_freq26,250,26,3678.0,3681.0,4318.0,4321.0,3.0,3.0
465,amp250_freq26,250,26,3684.0,3687.0,4324.0,4327.0,3.0,3.0
466,amp180_freq26,180,26,3690.0,3693.0,4330.0,4333.0,3.0,3.0
467,amp180_freq26,180,26,3696.0,3699.0,4336.0,4339.0,3.0,3.0
468,amp100_freq5,100,5,3702.0,3705.0,4342.0,4345.0,3.0,3.0
469,amp250_freq26,250,26,3708.0,3711.0,4348.0,4351.0,3.0,3.0
470,amp180_freq5,180,5,3714.0,3717.0,4354.0,4357.0,3.0,3.0
471,amp180_freq5,180,5,3720.0,3723.0,4360.0,4363.0,3.0,3.0
472,amp180_freq26,180,26,3726.0,3729.0,4366.0,4369.0,3.0,3.0
473,amp250_freq26,250,26,3732.0,3735.0,4372.0,4375.0,3.0,3.0
474,amp100_freq5,100,5,3738.0,3741.0,4378.0,4381.0,3.0,3.0
475,amp180_freq5,180,5,3744.0,3747.0,4384.0,4387.0,3.0,3.0
476,amp250_freq26,250,26,3750.0,3753.0,4390.0,4393.0,3.0,3.0
477,amp250_freq5,250,5,3756.0,3759.0,4396.0,4399.0,3.0,3.0
478,amp180_freq5,180,5,3762.0,3765.0,4402.0,4405.0,3.0,3.0
479,amp180_freq5,180,5,3768.0,3771.0,4408.0,4411.0,3.0,3.0
480,amp250_freq5,250,5,3774.0,3777.0,4414.0,4417.0,3.0,3.0
481,amp100_freq5,100,5,3780.0,3783.0,4420.0,4423.0,3.0,3.0
482,amp180_freq26,180,26,3786.0,3789.0,4426.0,4429.0,3.0,3.0
483,amp180_freq5,180,5,3792.0,3795.0,4432.0,4435.0,3.0,3.0
484,amp250_freq5,250,5,3798.0,3801.0,4438.0,4441.0,3.0,3.0
485,amp180_freq5,180,5,3804.0,3807.0,4444.0,4447.0,3.0,3.0
486,amp100_freq5,100,5,3810.0,3813.0,4450.0,4453.0,3.0,3.0
487,amp180_freq26,180,26,3816.0,3819.0,4456.0,4459.0,3.0,3.0
488,amp100_freq26,100,26,3822.0,3825.0,4462.0,4465.0,3.0,3.0
489,amp100_freq5,100,5,3828.0,3831.0,4468.0,4471.0,3.0,3.0
490,amp180_freq5,180,5,3834.0,3837.0,4474.0,4477.0,3.0,3.0
491,amp180_freq26,180,26,3840.0,3843.0,4480.0,4483.0,3.0,3.0
492,amp180_freq5,180,5,3846.0,3849.0,4486.0,4489.0,3.0,3.0
493,amp250_freq5,250,5,3852.0,3855.0,4492.0,4495.0,3.0,3.0
494,amp100_freq26,100,26,3858.0,3861.0,4498.0,4501.0,3.0,3.0
495,amp100_freq5,100,5,3864.0,3867.0,4504.0,4507.0,3.0,3.0
496,amp180_freq26,180,26,3870.0,3873.0,4510.0,4513.0,3.0,3.0
497,amp180_freq5,180,5,3876.0,3879.0,4516.0,4519.0,3.0,3.0
498,amp250_freq5,250,5,3882.0,3885.0,4522.0,4525.0,3.0,3.0
499,amp250_freq5,250,5,3888.0,3891.0,4528.0,4531.0,3.0,3.0
500,amp250_freq26,250,26,3894.0,3897.0,4534.0,4537.0,3.0,3.0
501,amp100_freq26,100,26,3900.0,3903.0,4540.0,4543.0,3.0,3.0
502,amp250_freq26,250,26,3906.0,3909.0,4546.0,4549.0,3.0,3.0
503,amp180_freq5,180,5,3912.0,3915.0,4552.0,4555.0,3.0,3.0
504,amp100_freq26,100,26,3918.0,3921.0,4558.0,4561.0,3.0,3.0
505,amp100_freq26,100,26,3924.0,3927.0,4564.0,4567.0,3.0,3.0
506,amp180_freq5,180,5,3930.0,3933.0,4570.0,4573.0,3.0,3.0
507,amp100_freq26,100,26,3936.0,3939.0,4576.0,4579.0,3.0,3.0
508,amp180_freq26,180,26,3942.0,3945.0,4582.0,4585.0,3.0,3.0
509,amp100_freq5,100,5,3948.0,3951.0,4588.0,4591.0,3.0,3.0
510,amp250_freq26,250,26,3954.0,3957.0,4594.0,4597.0,3.0,3.0
511,amp100_freq26,100,26,3960.0,3963.0,4600.0,4603.0,3.0,3.0
512,amp100_freq5,100,5,3966.0,3969.0,4606.0,4609.0,3.0,3.0
513,amp250_freq5,250,5,3972.0,3975.0,4612.0,4615.0,3.0,3.0
514,amp180_freq26,180,26,3978.0,3981.0,4618.0,4621.0,3.0,3.0
515,amp100_freq5,100,5,3984.0,3987.0,4624.0,4627.0,3.0,3.0
516,amp250_freq26,250,26,3990.0,3993.0,4630.0,4633.0,3.0,3.0
517,amp100_freq5,100,5,3996.0,3999.0,4636.0,4639.0,3.0,3.0
518,amp100_freq26,100,26,4002.0,4005.0,4642.0,4645.0,3.0,3.0
519,amp250_freq26,250,26,4008.0,4011.0,4648.0,4651.0,3.0,3.0
520,amp180_freq26,180,26,4014.0,4017.0,4654.0,4657.0,3.0,3.0
521,amp180_freq5,180,5,4020.0,4023.0,4660.0,4663.0,3.0,3.0
522,amp100_freq26,100,26,4026.0,4029.0,4666.0,4669.0,3.0,3.0
523,amp100_freq26,100,26,4032.0,4035.0,4672.0,4675.0,3.0,3.0
524,amp180_freq5,180,5,4038.0,4041.0,4678.0,4681.0,3.0,3.0
525,amp180_freq5,180,5,4044.0,4047.0,4684.0,4687.0,3.0,3.0
526,amp180_freq26,180,26,4050.0,4053.0,4690.0,4693.0,3.0,3.0
527,amp100_freq5,100,5,4056.0,4059.0,4696.0,4699.0,3.0,3.0
528,amp250_freq5,250,5,4062.0,4065.0,4702.0,4705.0,3.0,3.0
529,amp250_freq5,250,5,4068.0,4071.0,4708.0,4711.0,3.0,3.0
530,amp250_freq26,250,26,4074.0,4077.0,4714.0,4717.0,3.0,3.0
531,amp100_freq26,100,26,4080.0,4083.0,4720.0,4723.0,3.0,3.0
532,amp180_freq5,180,5,4086.0,4089.0,4726.0,4729.0,3.0,3.0
533,amp100_freq26,100,26,4092.0,4095.0,4732.0,4735.0,3.0,3.0
534,amp100_freq5,100,5,4098.0,4101.0,4738.0,4741.0,3.0,3.0
535,amp100_freq26,100,26,4104.0,4107.0,4744.0,4747.0,3.0,3.0
536,amp100_freq5,100,5,4110.0,4113.0,4750.0,4753.0,3.0,3.0
537,amp250_freq26,250,26,4116.0,4119.0,4756.0,4759.0,3.0,3.0
538,amp250_freq5,250,5,4122.0,4125.0,4762.0,4765.0,3.0,3.0
539,amp100_freq5,100,5,4128.0,4131.0,4768.0,4771.0,3.0,3.0
540,amp100_freq26,100,26,4134.0,4137.0,4774.0,4777.0,3.0,3.0
541,amp180_freq5,180,5,4140.0,4143.0,4780.0,4783.0,3.0,3.0
542,amp250_freq5,250,5,4146.0,4149.0,4786.0,4789.0,3.0,3.0
543,amp100_freq26,100,26,4152.0,4155.0,4792.0,4795.0,3.0,3.0
544,amp180_freq5,180,5,4158.0,4161.0,4798.0,4801.0,3.0,3.0
545,amp100_freq5,100,5,4164.0,4167.0,4804.0,4807.0,3.0,3.0
546,amp180_freq26,180,26,4170.0,4173.0,4810.0,4813.0,3.0,3.0
547,amp100_freq5,100,5,4176.0,4179.0,4816.0,4819.0,3.0,3.0
548,amp180_freq26,180,26,4182.0,4185.0,4822.0,4825.0,3.0,3.0
549,amp180_freq5,180,5,4188.0,4191.0,4828.0,4831.0,3.0,3.0
550,amp250_freq5,250,5,4194.0,4197.0,4834.0,4837.0,3.0,3.0
551,amp100_freq5,100,5,4200.0,4203.0,4840.0,4843.0,3.0,3.0
552,amp180_freq5,180,5,4206.0,4209.0,4846.0,4849.0,3.0,3.0
553,amp180_freq5,180,5,4212.0,4215.0,4852.0,4855.0,3.0,3.0
554,amp250_freq5,250,5,4218.0,4221.0,4858.0,4861.0,3.0,3.0
555,amp250_freq26,250,26,4224.0,4227.0,4864.0,4867.0,3.0,3.0
556,amp100_freq5,100,5,4230.0,4233.0,4870.0,4873.0,3.0,3.0
557,amp250_freq5,250,5,4236.0,4239.0,4876.0,4879.0,3.0,3.0
558,amp180_freq26,180,26,4242.0,4245.0,4882.0,4885.0,3.0,3.0
559,amp250_freq5,250,5,4248.0,4251.0,4888.0,4891.0,3.0,3.0
560,amp100_freq26,100,26,4254.0,4257.0,4894.0,4897.0,3.0,3.0
561,amp180_freq26,180,26,4260.0,4263.0,4900.0,4903.0,3.0,3.0
562,amp180_freq5,180,5,4266.0,4269.0,4906.0,4909.0,3.0,3.0
563,amp100_freq26,100,26,4272.0,4275.0,4912.0,4915.0,3.0,3.0
564,amp180_freq26,180,26,4278.0,4281.0,4918.0,4921.0,3.0,3.0
565,amp100_freq26,100,26,4284.0,4287.0,4924.0,4927.0,3.0,3.0
566,amp180_freq5,180,5,4290.0,4293.0,4930.0,4933.0,3.0,3.0
567,amp100_freq5,100,5,4296.0,4299.0,4936.0,4939.0,3.0,3.0
568,amp250_freq5,250,5,4302.0,4305.0,4942.0,4945.0,3.0,3.0
569,amp180_freq26,180,26,4308.0,4311.0,4948.0,4951.0,3.0,3.0
570,amp250_freq26,250,26,4314.0,4317.0,4954.0,4957.0,3.0,3.0
571,amp180_freq5,180,5,4320.0,4323.0,4960.0,4963.0,3.0,3.0
572,amp180_freq5,180,5,4326.0,4329.0,4966.0,4969.0,3.0,3.0
573,amp250_freq5,250,5,4332.0,4335.0,4972.0,4975.0,3.0,3.0
574,amp100_freq26,100,26,4338.0,4341.0,4978.0,4981.0,3.0,3.0
575,amp100_freq26,100,26,4344.0,4347.0,4984.0,4987.0,3.0,3.0
576,amp180_freq5,180,5,4350.0,4353.0,4990.0,4993.0,3.0,3.0
577,amp100_freq26,100,26,4356.0,4359.0,4996.0,4999.0,3.0,3.0
578,amp180_freq5,180,5,4362.0,4365.0,5002.0,5005.0,3.0,3.0
579,amp180_freq26,180,26,4368.0,4371.0,5008.0,5011.0,3.0,3.0
580,amp180_freq26,180,26,4374.0,4377.0,5014.0,5017.0,3.0,3.0
581,amp180_freq5,180,5,4380.0,4383.0,5020.0,5023.0,3.0,3.0
582,amp250_freq26,250,26,4386.0,4389.0,5026.0,5029.0,3.0,3.0
583,amp100_freq26,100,26,4392.0,4395.0,5032.0,5035.0,3.0,3.0
584,amp250_freq26,250,26,4398.0,4401.0,5038.0,5041.0,3.0,3.0
585,amp250_freq5,250,5,4404.0,4407.0,5044.0,5047.0,3.0,3.0
586,amp100_freq5,100,5,4410.0,4413.0,5050.0,5053.0,3.0,3.0
587,amp100_freq26,100,26,4416.0,4419.0,5056.0,5059.0,3.0,3.0
588,amp250_freq26,250,26,4422.0,4425.0,5062.0,5065.0,3.0,3.0
589,amp250_freq26,250,26,4428.0,4431.0,5068.0,5071.0,3.0,3.0
590,amp100_freq5,100,5,4434.0,4437.0,5074.0,5077.0,3.0,3.0
591,amp250_freq5,250,5,4440.0,4443.0,5080.0,5083.0,3.0,3.0
592,amp100_freq5,100,5,4446.0,4449.0,5086.0,5089.0,3.0,3.0
593,amp100_freq5,100,5,4452.0,4455.0,5092.0,5095.0,3.0,3.0
594,amp250_freq5,250,5,4458.0,4461.0,5098.0,5101.0,3.0,3.0
595,amp250_freq5,250,5,4464.0,4467.0,5104.0,5107.0,3.0,3.0
596,amp100_freq26,100,26,4470.0,4473.0,5110.0,5113.0,3.0,3.0
597,amp250_freq5,250,5,4476.0,4479.0,5116.0,5119.0,3.0,3.0
598,amp250_freq5,250,5,4482.0,4485.0,5122.0,5125.0,3.0,3.0
599,amp250_freq5,250,5,4488.0,4491.0,5128.0,5131.0,3.0,3.0
600,amp180_freq5,180,5,4494.0,4497.0,5134.0,5137.0,3.0,3.0
601,amp250_freq26,250,26,4500.0,4503.0,5140.0,5143.0,3.0,3.0
602,amp180_freq26,180,26,4506.0,4509.0,5146.0,5149.0,3.0,3.0
603,amp100_freq26,100,26,4512.0,4515.0,5152.0,5155.0,3.0,3.0
604,amp100_freq26,100,26,4518.0,4521.0,5158.0,5161.0,3.0,3.0
605,amp250_freq5,250,5,4524.0,4527.0,5164.0,5167.0,3.0,3.0
606,amp250_freq5,250,5,4530.0,4533.0,5170.0,5173.0,3.0,3.0
607,amp180_freq5,180,5,4536.0,4539.0,5176.0,5179.0,3.0,3.0
608,amp250_freq5,250,5,4542.0,4545.0,5182.0,5185.0,3.0,3.0
609,amp180_freq5,180,5,4548.0,4551.0,5188.0,5191.0,3.0,3.0
610,amp100_freq26,100,26,4554.0,4557.0,5194.0,5197.0,3.0,3.0
611,amp180_freq5,180,5,4560.0,4563.0,5200.0,5203.0,3.0,3.0
612,amp250_freq26,250,26,4566.0,4569.0,5206.0,5209.0,3.0,3.0
613,amp100_freq5,100,5,4572.0,4575.0,5212.0,5215.0,3.0,3.0
614,amp100_freq26,100,26,4578.0,4581.0,5218.0,5221.0,3.0,3.0
615,amp180_freq26,180,26,4584.0,4587.0,5224.0,5227.0,3.0,3.0
616,amp100_freq26,100,26,4590.0,4593.0,5230.0,5233.0,3.0,3.0
617,amp250_freq26,250,26,4596.0,4599.0,5236.0,5239.0,3.0,3.0
618,amp250_freq5,250,5,4602.0,4605.0,5242.0,5245.0,3.0,3.0
619,amp250_freq26,250,26,4608.0,4611.0,5248.0,5251.0,3.0,3.0
620,amp100_freq26,100,26,4614.0,4617.0,5254.0,5257.0,3.0,3.0
621,amp250_freq26,250,26,4620.0,4623.0,5260.0,5263.0,3.0,3.0
622,amp100_freq5,100,5,4626.0,4629.0,5266.0,5269.0,3.0,3.0
623,amp180_freq26,180,26,4632.0,4635.0,5272.0,5275.0,3.0,3.0
624,amp250_freq5,250,5,4638.0,4641.0,5278.0,5281.0,3.0,3.0
625,amp250_freq26,250,26,4644.0,4647.0,5284.0,5287.0,3.0,3.0
626,amp180_freq5,180,5,4650.0,4653.0,5290.0,5293.0,3.0,3.0
627,amp100_freq5,100,5,4656.0,4659.0,5296.0,5299.0,3.0,3.0
628,amp250_freq26,250,26,4662.0,4665.0,5302.0,5305.0,3.0,3.0
629,amp100_freq26,100,26,4668.0,4671.0,5308.0,5311.0,3.0,3.0
630,amp180_freq26,180,26,4674.0,4677.0,5314.0,5317.0,3.0,3.0
631,amp100_freq5,100,5,4680.0,4683.0,5320.0,5323.0,3.0,3.0
632,amp100_freq5,100,5,4686.0,4689.0,5326.0,5329.0,3.0,3.0
633,amp100_freq5,100,5,4692.0,4695.0,5332.0,5335.0,3.0,3.0
634,amp100_freq26,100,26,4698.0,4701.0,5338.0,5341.0,3.0,3.0
635,amp180_freq5,180,5,4704.0,4707.0,5344.0,5347.0,3.0,3.0
636,amp100_freq26,100,26,4710.0,4713.0,5350.0,5353.0,3.0,3.0
637,amp180_freq5,180,5,4716.0,4719.0,5356.0,5359.0,3.0,3.0
638,amp180_freq26,180,26,4722.0,4725.0,5362.0,5365.0,3.0,3.0
639,amp250_freq26,250,26,4728.0,4731.0,5368.0,5371.0,3.0,3.0
640,amp250_freq26,250,26,4734.0,4737.0,5374.0,5377.0,3.0,3.0
641,amp250_freq5,250,5,4740.0,4743.0,5380.0,5383.0,3.0,3.0
642,amp100_freq5,100,5,4746.0,4749.0,5386.0,5389.0,3.0,3.0
643,amp180_freq26,180,26,4752.0,4755.0,5392.0,5395.0,3.0,3.0
644,amp250_freq26,250,26,4758.0,4761.0,5398.0,5401.0,3.0,3.0
645,amp100_freq5,100,5,4764.0,4767.0,5404.0,5407.0,3.0,3.0
646,amp100_freq5,100,5,4770.0,4773.0,5410.0,5413.0,3.0,3.0
647,amp250_freq5,250,5,4776.0,4779.0,5416.0,5419.0,3.0,3.0
648,amp100_freq26,100,26,4782.0,4785.0,5422.0,5425.0,3.0,3.0
649,amp100_freq5,100,5,4788.0,4791.0,5428.0,5431.0,3.0,3.0
650,amp100_freq26,100,26,4794.0,4797.0,5434.0,5437.0,3.0,3.0
651,amp250_freq26,250,26,4800.0,4803.0,5440.0,5443.0,3.0,3.0
652,amp180_freq5,180,5,4806.0,4809.0,5446.0,5449.0,3.0,3.0
653,amp250_freq5,250,5,4812.0,4815.0,5452.0,5455.0,3.0,3.0
654,amp180_freq26,180,26,4818.0,4821.0,5458.0,5461.0,3.0,3.0
655,amp100_freq5,100,5,4824.0,4827.0,5464.0,5467.0,3.0,3.0
656,amp100_freq26,100,26,4830.0,4833.0,5470.0,5473.0,3.0,3.0
657,amp180_freq5,180,5,4836.0,4839.0,5476.0,5479.0,3.0,3.0
658,amp250_freq5,250,5,4842.0,4845.0,5482.0,5485.0,3.0,3.0
659,amp180_freq26,180,26,4848.0,4851.0,5488.0,5491.0,3.0,3.0
660,amp100_freq26,100,26,4854.0,4857.0,5494.0,5497.0,3.0,3.0
661,amp180_freq5,180,5,4860.0,4863.0,5500.0,5503.0,3.0,3.0
662,amp250_freq26,250,26,4866.0,4869.0,5506.0,5509.0,3.0,3.0
663,amp180_freq26,180,26,4872.0,4875.0,5512.0,5515.0,3.0,3.0
664,amp180_freq5,180,5,4878.0,4881.0,5518.0,5521.0,3.0,3.0
665,amp250_freq26,250,26,4884.0,4887.0,5524.0,5527.0,3.0,3.0
666,amp100_freq26,100,26,4890.0,4893.0,5530.0,5533.0,3.0,3.0
667,amp100_freq5,100,5,4896.0,4899.0,5536.0,5539.0,3.0,3.0
668,amp180_freq26,180,26,4902.0,4905.0,5542.0,5545.0,3.0,3.0
669,amp180_freq26,180,26,4908.0,4911.0,5548.0,5551.0,3.0,3.0
670,amp100_freq26,100,26,4914.0,4917.0,5554.0,5557.0,3.0,3.0
671,amp100_freq5,100,5,4920.0,4923.0,5560.0,5563.0,3.0,3.0
672,amp100_freq5,100,5,4926.0,4929.0,5566.0,5569.0,3.0,3.0
673,amp250_freq5,250,5,4932.0,4935.0,5572.0,5575.0,3.0,3.0
674,amp180_freq26,180,26,4938.0,4941.0,5578.0,5581.0,3.0,3.0
675,amp180_freq5,180,5,4944.0,4947.0,5584.0,5587.0,3.0,3.0
676,amp100_freq26,100,26,4950.0,4953.0,5590.0,5593.0,3.0,3.0
677,amp250_freq26,250,26,4956.0,4959.0,5596.0,5599.0,3.0,3.0
678,amp100_freq5,100,5,4962.0,4965.0,5602.0,5605.0,3.0,3.0
679,amp250_freq26,250,26,4968.0,4971.0,5608.0,5611.0,3.0,3.0
680,amp250_freq5,250,5,4974.0,4977.0,5614.0,5617.0,3.0,3.0
681,amp180_freq26,180,26,4980.0,4983.0,5620.0,5623.0,3.0,3.0
682,amp180_freq26,180,26,4986.0,4989.0,5626.0,5629.0,3.0,3.0
683,amp250_freq5,250,5,4992.0,4995.0,5632.0,5635.0,3.0,3.0
684,amp250_freq5,250,5,4998.0,5001.0,5638.0,5641.0,3.0,3.0
685,amp180_freq5,180,5,5004.0,5007.0,5644.0,5647.0,3.0,3.0
686,amp100_freq26,100,26,5010.0,5013.0,5650.0,5653.0,3.0,3.0
687,amp100_freq5,100,5,5016.0,5019.0,5656.0,5659.0,3.0,3.0
688,amp100_freq26,100,26,5022.0,5025.0,5662.0,5665.0,3.0,3.0
689,amp100_freq26,100,26,5028.0,5031.0,5668.0,5671.0,3.0,3.0
690,amp180_freq5,180,5,5034.0,5037.0,5674.0,5677.0,3.0,3.0
691,amp250_freq26,250,26,5040.0,5043.0,5680.0,5683.0,3.0,3.0
692,amp100_freq26,100,26,5046.0,5049.0,5686.0,5689.0,3.0,3.0
693,amp100_freq26,100,26,5052.0,5055.0,5692.0,5695.0,3.0,3.0
694,amp180_freq26,180,26,5058.0,5061.0,5698.0,5701.0,3.0,3.0
695,amp180_freq5,180,5,5064.0,5067.0,5704.0,5707.0,3.0,3.0
696,amp180_freq26,180,26,5070.0,5073.0,5710.0,5713.0,3.0,3.0
697,amp100_freq26,100,26,5076.0,5079.0,5716.0,5719.0,3.0,3.0
698,amp100_freq5,100,5,5082.0,5085.0,5722.0,5725.0,3.0,3.0
699,amp250_freq5,250,5,5088.0,5091.0,5728.0,5731.0,3.0,3.0
700,amp100_freq26,100,26,5094.0,5097.0,5734.0,5737.0,3.0,3.0
701,amp250_freq5,250,5,5100.0,5103.0,5740.0,5743.0,3.0,3.0
702,amp250_freq26,250,26,5106.0,5109.0,5746.0,5749.0,3.0,3.0
703,amp180_freq5,180,5,5112.0,5115.0,5752.0,5755.0,3.0,3.0
704,amp180_freq5,180,5,5118.0,5121.0,5758.0,5761.0,3.0,3.0
705,amp100_freq5,100,5,5124.0,5127.0,5764.0,5767.0,3.0,3.0
706,amp180_freq26,180,26,5130.0,5133.0,5770.0,5773.0,3.0,3.0
707,amp250_freq26,250,26,5136.0,5139.0,5776.0,5779.0,3.0,3.0
708,amp100_freq5,100,5,5142.0,5145.0,5782.0,5785.0,3.0,3.0
709,amp180_freq5,180,5,5148.0,5151.0,5788.0,5791.0,3.0,3.0
710,amp250_freq5,250,5,5154.0,5157.0,5794.0,5797.0,3.0,3.0
711,amp250_freq5,250,5,5160.0,5163.0,5800.0,5803.0,3.0,3.0
712,amp180_freq26,180,26,5166.0,5169.0,5806.0,5809.0,3.0,3.0
713,amp250_freq5,250,5,5172.0,5175.0,5812.0,5815.0,3.0,3.0
714,amp100_freq5,100,5,5178.0,5181.0,5818.0,5821.0,3.0,3.0
715,amp250_freq26,250,26,5184.0,5187.0,5824.0,5827.0,3.0,3.0
716,amp180_freq26,180,26,5190.0,5193.0,5830.0,5833.0,3.0,3.0
717,amp250_freq26,250,26,5196.0,5199.0,5836.0,5839.0,3.0,3.0
718,amp250_freq5,250,5,5202.0,5205.0,5842.0,5845.0,3.0,3.0
719,amp180_freq26,180,26,5208.0,5211.0,5848.0,5851.0,3.0,3.0
720,amp100_freq26,100,26,5214.0,5217.0,5854.0,5857.0,3.0,3.0
721,amp180_freq26,180,26,5220.0,5223.0,5860.0,5863.0,3.0,3.0
722,amp180_freq5,180,5,5226.0,5229.0,5866.0,5869.0,3.0,3.0
723,amp180_freq26,180,26,5232.0,5235.0,5872.0,5875.0,3.0,3.0
724,amp180_freq5,180,5,5238.0,5241.0,5878.0,5881.0,3.0,3.0
725,amp180_freq26,180,26,5244.0,5247.0,5884.0,5887.0,3.0,3.0
726,amp180_freq26,180,26,5250.0,5253.0,5890.0,5893.0,3.0,3.0
727,amp250_freq5,250,5,5256.0,5259.0,5896.0,5899.0,3.0,3.0
728,amp250_freq26,250,26,5262.0,5265.0,5902.0,5905.0,3.0,3.0
729,amp250_freq26,250,26,5268.0,5271.0,5908.0,5911.0,3.0,3.0
730,amp250_freq26,250,26,5274.0,5277.0,5914.0,5917.0,3.0,3.0
731,amp180_freq5,180,5,5280.0,5283.0,5920.0,5923.0,3.0,3.0
732,amp250_freq5,250,5,5286.0,5289.0,5926.0,5929.0,3.0,3.0
733,amp100_freq5,100,5,5292.0,5295.0,5932.0,5935.0,3.0,3.0
734,amp100_freq26,100,26,5298.0,5301.0,5938.0,5941.0,3.0,3.0
735,amp100_freq26,100,26,5304.0,5307.0,5944.0,5947.0,3.0,3.0
736,amp250_freq26,250,26,5310.0,5313.0,5950.0,5953.0,3.0,3.0
737,amp100_freq26,100,26,5316.0,5319.0,5956.0,5959.0,3.0,3.0
738,amp100_freq5,100,5,5322.0,5325.0,5962.0,5965.0,3.0,3.0
739,amp180_freq5,180,5,5328.0,5331.0,5968.0,5971.0,3.0,3.0
740,amp180_freq5,180,5,5334.0,5337.0,5974.0,5977.0,3.0,3.0
741,amp100_freq5,100,5,5340.0,5343.0,5980.0,5983.0,3.0,3.0
742,amp180_freq5,180,5,5346.0,5349.0,5986.0,5989.0,3.0,3.0
743,amp250_freq26,250,26,5352.0,5355.0,5992.0,5995.0,3.0,3.0
744,amp250_freq5,250,5,5358.0,5361.0,5998.0,6001.0,3.0,3.0
745,amp100_freq5,100,5,5364.0,5367.0,6004.0,6007.0,3.0,3.0
746,amp250_freq5,250,5,5370.0,5373.0,6010.0,6013.0,3.0,3.0
747,amp250_freq26,250,26,5376.0,5379.0,6016.0,6019.0,3.0,3.0
748,amp250_freq26,250,26,5382.0,5385.0,6022.0,6025.0,3.0,3.0
749,amp250_freq5,250,5,5388.0,5391.0,6028.0,6031.0,3.0,3.0
750,amp180_freq5,180,5,5394.0,5397.0,6034.0,6037.0,3.0,3.0
751,amp250_freq5,250,5,5400.0,5403.0,6040.0,6043.0,3.0,3.0
752,amp250_freq26,250,26,5406.0,5409.0,6046.0,6049.0,3.0,3.0
753,amp250_freq26,250,26,5412.0,5415.0,6052.0,6055.0,3.0,3.0
754,amp100_freq5,100,5,5418.0,5421.0,6058.0,6061.0,3.0,3.0
755,amp250_freq26,250,26,5424.0,5427.0,6064.0,6067.0,3.0,3.0
756,amp100_freq26,100,26,5430.0,5433.0,6070.0,6073.0,3.0,3.0
757,amp100_freq26,100,26,5436.0,5439.0,6076.0,6079.0,3.0,3.0
758,amp250_freq26,250,26,5442.0,5445.0,6082.0,6085.0,3.0,3.0
759,amp100_freq26,100,26,5448.0,5451.0,6088.0,6091.0,3.0,3.0
760,amp100_freq26,100,26,5454.0,5457.0,6094.0,6097.0,3.0,3.0
761,amp180_freq26,180,26,5460.0,5463.0,6100.0,6103.0,3.0,3.0
762,amp250_freq5,250,5,5466.0,5469.0,6106.0,6109.0,3.0,3.0
763,amp100_freq5,100,5,5472.0,5475.0,6112.0,6115.0,3.0,3.0
764,amp250_freq26,250,26,5478.0,5481.0,6118.0,6121.0,3.0,3.0
765,amp250_freq5,250,5,5484.0,5487.0,6124.0,6127.0,3.0,3.0
766,amp100_freq5,100,5,5490.0,5493.0,6130.0,6133.0,3.0,3.0
767,amp180_freq26,180,26,5496.0,5499.0,6136.0,6139.0,3.0,3.0
768,amp180_freq5,180,5,5502.0,5505.0,6142.0,6145.0,3.0,3.0
769,amp180_freq5,180,5,5508.0,5511.0,6148.0,6151.0,3.0,3.0
770,amp180_freq26,180,26,5514.0,5517.0,6154.0,6157.0,3.0,3.0
771,amp180_freq5,180,5,5520.0,5523.0,6160.0,6163.0,3.0,3.0
772,amp180_freq26,180,26,5526.0,5529.0,6166.0,6169.0,3.0,3.0
773,amp180_freq5,180,5,5532.0,5535.0,6172.0,6175.0,3.0,3.0
774,amp180_freq5,180,5,5538.0,5541.0,6178.0,6181.0,3.0,3.0
775,amp180_freq5,180,5,5544.0,5547.0,6184.0,6187.0,3.0,3.0
776,amp100_freq26,100,26,5550.0,5553.0,6190.0,6193.0,3.0,3.0
777,amp100_freq5,100,5,5556.0,5559.0,6196.0,6199.0,3.0,3.0
778,amp250_freq5,250,5,5562.0,5565.0,6202.0,6205.0,3.0,3.0
779,amp100_freq5,100,5,5568.0,5571.0,6208.0,6211.0,3.0,3.0
780,amp180_freq26,180,26,5574.0,5577.0,6214.0,6217.0,3.0,3.0
781,amp250_freq26,250,26,5580.0,5583.0,6220.0,6223.0,3.0,3.0
782,amp250_freq26,250,26,5586.0,5589.0,6226.0,6229.0,3.0,3.0
783,amp100_freq5,100,5,5592.0,5595.0,6232.0,6235.0,3.0,3.0
784,amp180_freq26,180,26,5598.0,5601.0,6238.0,6241.0,3.0,3.0
785,amp250_freq5,250,5,5604.0,5607.0,6244.0,6247.0,3.0,3.0
786,amp180_freq26,180,26,5610.0,5613.0,6250.0,6253.0,3.0,3.0
787,amp250_freq26,250,26,5616.0,5619.0,6256.0,6259.0,3.0,3.0
788,amp250_freq5,250,5,5622.0,5625.0,6262.0,6265.0,3.0,3.0
789,amp100_freq26,100,26,5628.0,5631.0,6268.0,6271.0,3.0,3.0
790,amp180_freq5,180,5,5634.0,5637.0,6274.0,6277.0,3.0,3.0
791,amp100_freq26,100,26,5640.0,5643.0,6280.0,6283.0,3.0,3.0
792,amp250_freq5,250,5,5646.0,5649.0,6286.0,6289.0,3.0,3.0
793,amp180_freq5,180,5,5652.0,5655.0,6292.0,6295.0,3.0,3.0
794,amp250_freq5,250,5,5658.0,5661.0,6298.0,6301.0,3.0,3.0
795,amp250_freq5,250,5,5664.0,5667.0,6304.0,6307.0,3.0,3.0
796,amp250_freq26,250,26,5670.0,5673.0,6310.0,6313.0,3.0,3.0
797,amp250_freq26,250,26,5676.0,5679.0,6316.0,6319.0,3.0,3.0
798,amp180_freq26,180,26,5682.0,5685.0,6322.0,6325.0,3.0,3.0
799,amp250_freq5,250,5,5688.0,5691.0,6328.0,6331.0,3.0,3.0
800,amp180_freq26,180,26,5694.0,5697.0,6334.0,6337.0,3.0,3.0
801,amp100_freq5,100,5,5700.0,5703.0,6340.0,6343.0,3.0,3.0
802,amp100_freq26,100,26,5706.0,5709.0,6346.0,6349.0,3.0,3.0
803,amp100_freq5,100,5,5712.0,5715.0,6352.0,6355.0,3.0,3.0
804,amp100_freq26,100,26,5718.0,5721.0,6358.0,6361.0,3.0,3.0
805,amp250_freq5,250,5,5724.0,5727.0,6364.0,6367.0,3.0,3.0
806,amp250_freq26,250,26,5730.0,5733.0,6370.0,6373.0,3.0,3.0
807,amp180_freq5,180,5,5736.0,5739.0,6376.0,6379.0,3.0,3.0
808,amp180_freq26,180,26,5742.0,5745.0,6382.0,6385.0,3.0,3.0
809,amp250_freq5,250,5,5748.0,5751.0,6388.0,6391.0,3.0,3.0
810,amp100_freq5,100,5,5754.0,5757.0,6394.0,6397.0,3.0,3.0
811,amp180_freq5,180,5,5760.0,5763.0,6400.0,6403.0,3.0,3.0
812,amp250_freq26,250,26,5766.0,5769.0,6406.0,6409.0,3.0,3.0
813,amp250_freq26,250,26,5772.0,5775.0,6412.0,6415.0,3.0,3.0
814,amp250_freq5,250,5,5778.0,5781.0,6418.0,6421.0,3.0,3.0
815,amp250_freq5,250,5,5784.0,5787.0,6424.0,6427.0,3.0,3.0
816,amp100_freq26,100,26,5790.0,5793.0,6430.0,6433.0,3.0,3.0
817,amp100_freq26,100,26,5796.0,5799.0,6436.0,6439.0,3.0,3.0
818,amp180_freq5,180,5,5802.0,5805.0,6442.0,6445.0,3.0,3.0
819,amp180_freq26,180,26,5808.0,5811.0,6448.0,6451.0,3.0,3.0
820,amp100_freq5,100,5,5814.0,5817.0,6454.0,6457.0,3.0,3.0
821,amp100_freq5,100,5,5820.0,5823.0,6460.0,6463.0,3.0,3.0
822,amp100_freq26,100,26,5826.0,5829.0,6466.0,6469.0,3.0,3.0
823,amp250_freq5,250,5,5832.0,5835.0,6472.0,6475.0,3.0,3.0
824,amp180_freq26,180,26,5838.0,5841.0,6478.0,6481.0,3.0,3.0
825,amp250_freq26,250,26,5844.0,5847.0,6484.0,6487.0,3.0,3.0
826,amp180_freq26,180,26,5850.0,5853.0,6490.0,6493.0,3.0,3.0
827,amp250_freq26,250,26,5856.0,5859.0,6496.0,6499.0,3.0,3.0
828,amp180_freq26,180,26,5862.0,5865.0,6502.0,6505.0,3.0,3.0
829,amp100_freq26,100,26,5868.0,5871.0,6508.0,6511.0,3.0,3.0
830,amp100_freq26,100,26,5874.0,5877.0,6514.0,6517.0,3.0,3.0
831,amp250_freq26,250,26,5880.0,5883.0,6520.0,6523.0,3.0,3.0
832,amp180_freq26,180,26,5886.0,5889.0,6526.0,6529.0,3.0,3.0
833,amp180_freq5,180,5,5892.0,5895.0,6532.0,6535.0,3.0,3.0
834,amp100_freq26,100,26,5898.0,5901.0,6538.0,6541.0,3.0,3.0
835,amp180_freq5,180,5,5904.0,5907.0,6544.0,6547.0,3.0,3.0
836,amp180_freq26,180,26,5910.0,5913.0,6550.0,6553.0,3.0,3.0
837,amp100_freq5,100,5,5916.0,5919.0,6556.0,6559.0,3.0,3.0
838,amp180_freq5,180,5,5922.0,5925.0,6562.0,6565.0,3.0,3.0
839,amp180_freq26,180,26,5928.0,5931.0,6568.0,6571.0,3.0,3.0
840,amp250_freq26,250,26,5934.0,5937.0,6574.0,6577.0,3.0,3.0
841,amp250_freq26,250,26,5940.0,5943.0,6580.0,6583.0,3.0,3.0
842,amp100_freq26,100,26,5946.0,5949.0,6586.0,6589.0,3.0,3.0
843,amp100_freq5,100,5,5952.0,5955.0,6592.0,6595.0,3.0,3.0
844,amp250_freq26,250,26,5958.0,5961.0,6598.0,6601.0,3.0,3.0
845,amp250_freq26,250,26,5964.0,5967.0,6604.0,6607.0,3.0,3.0
846,amp100_freq5,100,5,5970.0,5973.0,6610.0,6613.0,3.0,3.0
847,amp250_freq26,250,26,5976.0,5979.0,6616.0,6619.0,3.0,3.0
848,amp180_freq26,180,26,5982.0,5985.0,6622.0,6625.0,3.0,3.0
849,amp250_freq5,250,5,5988.0,5991.0,6628.0,6631.0,3.0,3.0
850,amp180_freq5,180,5,5994.0,5997.0,6634.0,6637.0,3.0,3.0
851,amp180_freq26,180,26,6000.0,6003.0,6640.0,6643.0,3.0,3.0
852,amp180_freq5,180,5,6006.0,6009.0,6646.0,6649.0,3.0,3.0
853,amp100_freq5,100,5,6012.0,6015.0,6652.0,6655.0,3.0,3.0
854,amp100_freq5,100,5,6018.0,6021.0,6658.0,6661.0,3.0,3.0
855,amp180_freq5,180,5,6024.0,6027.0,6664.0,6667.0,3.0,3.0
856,amp250_freq5,250,5,6030.0,6033.0,6670.0,6673.0,3.0,3.0
857,amp100_freq5,100,5,6036.0,6039.0,6676.0,6679.0,3.0,3.0
858,amp250_freq26,250,26,6042.0,6045.0,6682.0,6685.0,3.0,3.0
859,amp250_freq5,250,5,6048.0,6051.0,6688.0,6691.0,3.0,3.0
860,amp100_freq26,100,26,6054.0,6057.0,6694.0,6697.0,3.0,3.0
861,amp250_freq5,250,5,6060.0,6063.0,6700.0,6703.0,3.0,3.0
862,amp250_freq5,250,5,6066.0,6069.0,6706.0,6709.0,3.0,3.0
863,amp180_freq5,180,5,6072.0,6075.0,6712.0,6715.0,3.0,3.0
864,amp100_freq5,100,5,6078.0,6081.0,6718.0,6721.0,3.0,3.0
865,amp100_freq5,100,5,6084.0,6087.0,6724.0,6727.0,3.0,3.0
866,amp100_freq5,100,5,6090.0,6093.0,6730.0,6733.0,3.0,3.0
867,amp100_freq5,100,5,6096.0,6099.0,6736.0,6739.0,3.0,3.0
868,amp250_freq5,250,5,6102.0,6105.0,6742.0,6745.0,3.0,3.0
869,amp180_freq26,180,26,6108.0,6111.0,6748.0,6751.0,3.0,3.0
870,amp250_freq5,250,5,6114.0,6117.0,6754.0,6757.0,3.0,3.0
871,amp180_freq5,180,5,6120.0,6123.0,6760.0,6763.0,3.0,3.0
872,amp250_freq26,250,26,6126.0,6129.0,6766.0,6769.0,3.0,3.0
873,amp180_freq26,180,26,6132.0,6135.0,6772.0,6775.0,3.0,3.0
874,amp180_freq26,180,26,6138.0,6141.0,6778.0,6781.0,3.0,3.0
875,amp250_freq26,250,26,6144.0,6147.0,6784.0,6787.0,3.0,3.0
876,amp180_freq26,180,26,6150.0,6153.0,6790.0,6793.0,3.0,3.0
877,amp180_freq26,180,26,6156.0,6159.0,6796.0,6799.0,3.0,3.0
878,amp100_freq5,100,5,6162.0,6165.0,6802.0,6805.0,3.0,3.0
879,amp180_freq26,180,26,6168.0,6171.0,6808.0,6811.0,3.0,3.0
880,amp180_freq5,180,5,6174.0,6177.0,6814.0,6817.0,3.0,3.0
881,amp100_freq5,100,5,6180.0,6183.0,6820.0,6823.0,3.0,3.0
882,amp250_freq26,250,26,6186.0,6189.0,6826.0,6829.0,3.0,3.0
883,amp100_freq5,100,5,6192.0,6195.0,6832.0,6835.0,3.0,3.0
884,amp180_freq26,180,26,6198.0,6201.0,6838.0,6841.0,3.0,3.0
885,amp100_freq26,100,26,6204.0,6207.0,6844.0,6847.0,3.0,3.0
886,amp250_freq5,250,5,6210.0,6213.0,6850.0,6853.0,3.0,3.0
887,amp180_freq5,180,5,6216.0,6219.0,6856.0,6859.0,3.0,3.0
888,amp100_freq26,100,26,6222.0,6225.0,6862.0,6865.0,3.0,3.0
889,amp180_freq26,180,26,6228.0,6231.0,6868.0,6871.0,3.0,3.0
890,amp180_freq5,180,5,6234.0,6237.0,6874.0,6877.0,3.0,3.0
891,amp250_freq5,250,5,6240.0,6243.0,6880.0,6883.0,3.0,3.0
892,amp250_freq26,250,26,6246.0,6249.0,6886.0,6889.0,3.0,3.0
893,amp100_freq26,100,26,6252.0,6255.0,6892.0,6895.0,3.0,3.0
894,amp100_freq26,100,26,6258.0,6261.0,6898.0,6901.0,3.0,3.0
895,amp180_freq26,180,26,6264.0,6267.0,6904.0,6907.0,3.0,3.0
896,amp100_freq5,100,5,6270.0,6273.0,6910.0,6913.0,3.0,3.0
897,amp180_freq26,180,26,6276.0,6279.0,6916.0,6919.0,3.0,3.0
898,amp250_freq26,250,26,6282.0,6285.0,6922.0,6925.0,3.0,3.0
899,amp250_freq26,250,26,6288.0,6291.0,6928.0,6931.0,3.0,3.0
900,amp180_freq5,180,5,6294.0,6297.0,6934.0,6937.0,3.0,3.0
901,amp100_freq5,100,5,6300.0,6303.0,6940.0,6943.0,3.0,3.0
902,amp180_freq5,180,5,6306.0,6309.0,6946.0,6949.0,3.0,3.0
903,amp250_freq26,250,26,6312.0,6315.0,6952.0,6955.0,3.0,3.0
904,amp180_freq5,180,5,6318.0,6321.0,6958.0,6961.0,3.0,3.0
905,amp100_freq5,100,5,6324.0,6327.0,6964.0,6967.0,3.0,3.0
906,amp250_freq26,250,26,6330.0,6333.0,6970.0,6973.0,3.0,3.0
907,amp180_freq5,180,5,6336.0,6339.0,6976.0,6979.0,3.0,3.0
908,amp100_freq26,100,26,6342.0,6345.0,6982.0,6985.0,3.0,3.0
909,amp250_freq5,250,5,6348.0,6351.0,6988.0,6991.0,3.0,3.0
910,amp250_freq26,250,26,6354.0,6357.0,6994.0,6997.0,3.0,3.0
911,amp180_freq5,180,5,6360.0,6363.0,7000.0,7003.0,3.0,3.0
912,amp100_freq26,100,26,6366.0,6369.0,7006.0,7009.0,3.0,3.0
913,amp250_freq5,250,5,6372.0,6375.0,7012.0,7015.0,3.0,3.0
914,amp100_freq26,100,26,6378.0,6381.0,7018.0,7021.0,3.0,3.0
915,amp250_freq26,250,26,6384.0,6387.0,7024.0,7027.0,3.0,3.0
916,amp250_freq26,250,26,6390.0,6393.0,7030.0,7033.0,3.0,3.0
917,amp180_freq5,180,5,6396.0,6399.0,7036.0,7039.0,3.0,3.0
918,amp100_freq26,100,26,6402.0,6405.0,7042.0,7045.0,3.0,3.0
919,amp250_freq26,250,26,6408.0,6411.0,7048.0,7051.0,3.0,3.0
920,amp180_freq5,180,5,6414.0,6417.0,7054.0,7057.0,3.0,3.0
921,amp180_freq26,180,26,6420.0,6423.0,7060.0,7063.0,3.0,3.0
922,amp250_freq5,250,5,6426.0,6429.0,7066.0,7069.0,3.0,3.0
923,amp180_freq26,180,26,6432.0,6435.0,7072.0,7075.0,3.0,3.0
924,amp180_freq26,180,26,6438.0,6441.0,7078.0,7081.0,3.0,3.0
925,amp100_freq26,100,26,6444.0,6447.0,7084.0,7087.0,3.0,3.0
926,amp180_freq5,180,5,6450.0,6453.0,7090.0,7093.0,3.0,3.0
927,amp100_freq5,100,5,6456.0,6459.0,7096.0,7099.0,3.0,3.0
928,amp180_freq26,180,26,6462.0,6465.0,7102.0,7105.0,3.0,3.0
929,amp180_freq26,180,26,6468.0,6471.0,7108.0,7111.0,3.0,3.0
930,amp250_freq26,250,26,6474.0,6477.0,7114.0,7117.0,3.0,3.0
931,amp250_freq5,250,5,6480.0,6483.0,7120.0,7123.0,3.0,3.0
932,amp250_freq26,250,26,6486.0,6489.0,7126.0,7129.0,3.0,3.0
933,amp180_freq5,180,5,6492.0,6495.0,7132.0,7135.0,3.0,3.0
934,amp250_freq5,250,5,6498.0,6501.0,7138.0,7141.0,3.0,3.0
935,amp250_freq26,250,26,6504.0,6507.0,7144.0,7147.0,3.0,3.0
936,amp250_freq5,250,5,6510.0,6513.0,7150.0,7153.0,3.0,3.0
937,amp180_freq26,180,26,6516.0,6519.0,7156.0,7159.0,3.0,3.0
938,amp100_freq5,100,5,6522.0,6525.0,7162.0,7165.0,3.0,3.0
939,amp180_freq26,180,26,6528.0,6531.0,7168.0,7171.0,3.0,3.0
940,amp180_freq26,180,26,6534.0,6537.0,7174.0,7177.0,3.0,3.0
941,amp180_freq26,180,26,6540.0,6543.0,7180.0,7183.0,3.0,3.0
942,amp250_freq26,250,26,6546.0,6549.0,7186.0,7189.0,3.0,3.0
943,amp180_freq26,180,26,6552.0,6555.0,7192.0,7195.0,3.0,3.0
944,amp250_freq26,250,26,6558.0,6561.0,7198.0,7201.0,3.0,3.0
945,amp180_freq5,180,5,6564.0,6567.0,7204.0,7207.0,3.0,3.0
946,amp250_freq26,250,26,6570.0,6573.0,7210.0,7213.0,3.0,3.0
947,amp100_freq5,100,5,6576.0,6579.0,7216.0,7219.0,3.0,3.0
948,amp100_freq26,100,26,6582.0,6585.0,7222.0,7225.0,3.0,3.0
949,amp250_freq26,250,26,6588.0,6591.0,7228.0,7231.0,3.0,3.0
950,amp100_freq26,100,26,6594.0,6597.0,7234.0,7237.0,3.0,3.0
951,amp250_freq26,250,26,6600.0,6603.0,7240.0,7243.0,3.0,3.0
952,amp100_freq26,100,26,6606.0,6609.0,7246.0,7249.0,3.0,3.0
953,amp250_freq5,250,5,6612.0,6615.0,7252.0,7255.0,3.0,3.0
954,amp100_freq26,100,26,6618.0,6621.0,7258.0,7261.0,3.0,3.0
955,amp250_freq26,250,26,6624.0,6627.0,7264.0,7267.0,3.0,3.0
956,amp250_freq5,250,5,6630.0,6633.0,7270.0,7273.0,3.0,3.0
957,amp100_freq26,100,26,6636.0,6639.0,7276.0,7279.0,3.0,3.0
958,amp250_freq5,250,5,6642.0,6645.0,7282.0,7285.0,3.0,3.0
959,amp180_freq5,180,5,6648.0,6651.0,7288.0,7291.0,3.0,3.0
960,amp250_freq26,250,26,6654.0,6657.0,7294.0,7297.0,3.0,3.0
961,amp250_freq5,250,5,6660.0,6663.0,7300.0,7303.0,3.0,3.0
962,amp250_freq5,250,5,6666.0,6669.0,7306.0,7309.0,3.0,3.0
963,amp250_freq5,250,5,6672.0,6675.0,7312.0,7315.0,3.0,3.0
964,amp250_freq26,250,26,6678.0,6681.0,7318.0,7321.0,3.0,3.0
965,amp100_freq5,100,5,6684.0,6687.0,7324.0,7327.0,3.0,3.0
966,amp250_freq5,250,5,6690.0,6693.0,7330.0,7333.0,3.0,3.0
967,amp180_freq5,180,5,6696.0,6699.0,7336.0,7339.0,3.0,3.0
968,amp180_freq26,180,26,6702.0,6705.0,7342.0,7345.0,3.0,3.0
969,amp100_freq5,100,5,6708.0,6711.0,7348.0,7351.0,3.0,3.0
970,amp180_freq5,180,5,6714.0,6717.0,7354.0,7357.0,3.0,3.0
971,amp100_freq26,100,26,6720.0,6723.0,7360.0,7363.0,3.0,3.0
972,amp250_freq26,250,26,6726.0,6729.0,7366.0,7369.0,3.0,3.0
973,amp100_freq5,100,5,6732.0,6735.0,7372.0,7375.0,3.0,3.0
974,amp180_freq5,180,5,6738.0,6741.0,7378.0,7381.0,3.0,3.0
975,amp180_freq26,180,26,6744.0,6747.0,7384.0,7387.0,3.0,3.0
976,amp250_freq26,250,26,6750.0,6753.0,7390.0,7393.0,3.0,3.0
977,amp180_freq5,180,5,6756.0,6759.0,7396.0,7399.0,3.0,3.0
978,amp180_freq26,180,26,6762.0,6765.0,7402.0,7405.0,3.0,3.0
979,amp100_freq5,100,5,6768.0,6771.0,7408.0,7411.0,3.0,3.0
980,amp100_freq5,100,5,6774.0,6777.0,7414.0,7417.0,3.0,3.0
981,amp100_freq5,100,5,6780.0,6783.0,7420.0,7423.0,3.0,3.0
982,amp250_freq5,250,5,6786.0,6789.0,7426.0,7429.0,3.0,3.0
983,amp250_freq26,250,26,6792.0,6795.0,7432.0,7435.0,3.0,3.0
984,amp250_freq26,250,26,6798.0,6801.0,7438.0,7441.0,3.0,3.0
985,amp100_freq5,100,5,6804.0,6807.0,7444.0,7447.0,3.0,3.0
986,amp250_freq5,250,5,6810.0,6813.0,7450.0,7453.0,3.0,3.0
987,amp100_freq5,100,5,6816.0,6819.0,7456.0,7459.0,3.0,3.0
988,amp250_freq26,250,26,6822.0,6825.0,7462.0,7465.0,3.0,3.0
989,amp100_freq5,100,5,6828.0,6831.0,7468.0,7471.0,3.0,3.0
990,amp250_freq5,250,5,6834.0,6837.0,7474.0,7477.0,3.0,3.0
991,amp100_freq26,100,26,6840.0,6843.0,7480.0,7483.0,3.0,3.0
992,amp250_freq5,250,5,6846.0,6849.0,7486.0,7489.0,3.0,3.0
993,amp180_freq26,180,26,6852.0,6855.0,7492.0,7495.0,3.0,3.0
994,amp180_freq5,180,5,6858.0,6861.0,7498.0,7501.0,3.0,3.0
995,amp100_freq5,100,5,6864.0,6867.0,7504.0,7507.0,3.0,3.0
996,amp180_freq5,180,5,6870.0,6873.0,7510.0,7513.0,3.0,3.0
997,amp250_freq5,250,5,6876.0,6879.0,7516.0,7519.0,3.0,3.0
998,amp100_freq5,100,5,6882.0,6885.0,7522.0,7525.0,3.0,3.0
999,amp180_freq26,180,26,6888.0,6891.0,7528.0,7531.0,3.0,3.0
1000,amp100_freq26,100,26,6894.0,6897.0,7534.0,7537.0,3.0,3.0
1001,amp100_freq5,100,5,6900.0,6903.0,7540.0,7543.0,3.0,3.0
1002,amp100_freq5,100,5,6906.0,6909.0,7546.0,7549.0,3.0,3.0
1003,amp100_freq26,100,26,6912.0,6915.0,7552.0,7555.0,3.0,3.0
1004,amp180_freq26,180,26,6918.0,6921.0,7558.0,7561.0,3.0,3.0
1005,amp180_freq26,180,26,6924.0,6927.0,7564.0,7567.0,3.0,3.0
1006,amp250_freq5,250,5,6930.0,6933.0,7570.0,7573.0,3.0,3.0
1007,amp180_freq26,180,26,6936.0,6939.0,7576.0,7579.0,3.0,3.0
1008,amp100_freq5,100,5,6942.0,6945.0,7582.0,7585.0,3.0,3.0
1009,amp180_freq5,180,5,6948.0,6951.0,7588.0,7591.0,3.0,3.0
1010,amp180_freq5,180,5,6954.0,6957.0,7594.0,7597.0,3.0,3.0
1011,amp250_freq5,250,5,6960.0,6963.0,7600.0,7603.0,3.0,3.0
1012,amp250_freq5,250,5,6966.0,6969.0,7606.0,7609.0,3.0,3.0
1013,amp250_freq5,250,5,6972.0,6975.0,7612.0,7615.0,3.0,3.0
1014,amp180_freq26,180,26,6978.0,6981.0,7618.0,7621.0,3.0,3.0
1015,amp180_freq5,180,5,6984.0,6987.0,7624.0,7627.0,3.0,3.0
1016,amp100_freq26,100,26,6990.0,6993.0,7630.0,7633.0,3.0,3.0
1017,amp180_freq26,180,26,6996.0,6999.0,7636.0,7639.0,3.0,3.0
1018,amp180_freq5,180,5,7002.0,7005.0,7642.0,7645.0,3.0,3.0
1019,amp100_freq26,100,26,7008.0,7011.0,7648.0,7651.0,3.0,3.0
1020,amp180_freq5,180,5,7014.0,7017.0,7654.0,7657.0,3.0,3.0
1021,amp250_freq26,250,26,7020.0,7023.0,7660.0,7663.0,3.0,3.0
1022,amp250_freq5,250,5,7026.0,7029.0,7666.0,7669.0,3.0,3.0
1023,amp100_freq5,100,5,7032.0,7035.0,7672.0,7675.0,3.0,3.0
1024,amp180_freq26,180,26,7038.0,7041.0,7678.0,7681.0,3.0,3.0
1025,amp250_freq5,250,5,7044.0,7047.0,7684.0,7687.0,3.0,3.0
1026,amp100_freq26,100,26,7050.0,7053.0,7690.0,7693.0,3.0,3.0
1027,amp250_freq26,250,26,7056.0,7059.0,7696.0,7699.0,3.0,3.0
1028,amp100_freq26,100,26,7062.0,7065.0,7702.0,7705.0,3.0,3.0
1029,amp180_freq26,180,26,7068.0,7071.0,7708.0,7711.0,3.0,3.0
1030,amp250_freq5,250,5,7074.0,7077.0,7714.0,7717.0,3.0,3.0
1031,amp180_freq26,180,26,7080.0,7083.0,7720.0,7723.0,3.0,3.0
1032,amp180_freq26,180,26,7086.0,7089.0,7726.0,7729.0,3.0,3.0
1033,amp250_freq5,250,5,7092.0,7095.0,7732.0,7735.0,3.0,3.0
1034,amp250_freq26,250,26,7098.0,7101.0,7738.0,7741.0,3.0,3.0
1035,amp250_freq5,250,5,7104.0,7107.0,7744.0,7747.0,3.0,3.0
1036,amp250_freq26,250,26,7110.0,7113.0,7750.0,7753.0,3.0,3.0
1037,amp250_freq5,250,5,7116.0,7119.0,7756.0,7759.0,3.0,3.0
1038,amp250_freq5,250,5,7122.0,7125.0,7762.0,7765.0,3.0,3.0
1039,amp100_freq26,100,26,7128.0,7131.0,7768.0,7771.0,3.0,3.0
1040,amp180_freq5,180,5,7134.0,7137.0,7774.0,7777.0,3.0,3.0
1041,amp180_freq5,180,5,7140.0,7143.0,7780.0,7783.0,3.0,3.0
1042,amp100_freq5,100,5,7146.0,7149.0,7786.0,7789.0,3.0,3.0
1043,amp180_freq5,180,5,7152.0,7155.0,7792.0,7795.0,3.0,3.0
1044,amp250_freq26,250,26,7158.0,7161.0,7798.0,7801.0,3.0,3.0
1045,amp180_freq5,180,5,7164.0,7167.0,7804.0,7807.0,3.0,3.0
1046,amp100_freq26,100,26,7170.0,7173.0,7810.0,7813.0,3.0,3.0
1047,amp180_freq5,180,5,7176.0,7179.0,7816.0,7819.0,3.0,3.0
1048,amp100_freq26,100,26,7182.0,7185.0,7822.0,7825.0,3.0,3.0
1049,amp180_freq26,180,26,7188.0,7191.0,7828.0,7831.0,3.0,3.0
1050,amp180_freq5,180,5,7194.0,7197.0,7834.0,7837.0,3.0,3.0
1051,amp180_freq5,180,5,7200.0,7203.0,7840.0,7843.0,3.0,3.0
1052,amp100_freq26,100,26,7206.0,7209.0,7846.0,7849.0,3.0,3.0
1053,amp100_freq5,100,5,7212.0,7215.0,7852.0,7855.0,3.0,3.0
1054,amp180_freq5,180,5,7218.0,7221.0,7858.0,7861.0,3.0,3.0
1055,amp180_freq5,180,5,7224.0,7227.0,7864.0,7867.0,3.0,3.0
1056,amp180_freq26,180,26,7230.0,7233.0,7870.0,7873.0,3.0,3.0
1057,amp250_freq5,250,5,7236.0,7239.0,7876.0,7879.0,3.0,3.0
1058,amp180_freq5,180,5,7242.0,7245.0,7882.0,7885.0,3.0,3.0
1059,amp100_freq26,100,26,7248.0,7251.0,7888.0,7891.0,3.0,3.0
1060,amp180_freq5,180,5,7254.0,7257.0,7894.0,7897.0,3.0,3.0
1061,amp100_freq5,100,5,7260.0,7263.0,7900.0,7903.0,3.0,3.0
1062,amp250_freq5,250,5,7266.0,7269.0,7906.0,7909.0,3.0,3.0
1063,amp250_freq26,250,26,7272.0,7275.0,7912.0,7915.0,3.0,3.0
1064,amp180_freq26,180,26,7278.0,7281.0,7918.0,7921.0,3.0,3.0
1065,amp180_freq5,180,5,7284.0,7287.0,7924.0,7927.0,3.0,3.0
1066,amp100_freq5,100,5,7290.0,7293.0,7930.0,7933.0,3.0,3.0
1067,amp250_freq5,250,5,7296.0,7299.0,7936.0,7939.0,3.0,3.0
1068,amp180_freq26,180,26,7302.0,7305.0,7942.0,7945.0,3.0,3.0
1069,amp250_freq5,250,5,7308.0,7311.0,7948.0,7951.0,3.0,3.0
1070,amp250_freq5,250,5,7314.0,7317.0,7954.0,7957.0,3.0,3.0
1071,amp100_freq26,100,26,7320.0,7323.0,7960.0,7963.0,3.0,3.0
1072,amp180_freq5,180,5,7326.0,7329.0,7966.0,7969.0,3.0,3.0
1073,amp100_freq5,100,5,7332.0,7335.0,7972.0,7975.0,3.0,3.0
1074,amp180_freq26,180,26,7338.0,7341.0,7978.0,7981.0,3.0,3.0
1075,amp180_freq5,180,5,7344.0,7347.0,7984.0,7987.0,3.0,3.0
1076,amp250_freq26,250,26,7350.0,7353.0,7990.0,7993.0,3.0,3.0
1077,amp180_freq26,180,26,7356.0,7359.0,7996.0,7999.0,3.0,3.0
1078,amp250_freq5,250,5,7362.0,7365.0,8002.0,8005.0,3.0,3.0
1079,amp250_freq26,250,26,7368.0,7371.0,8008.0,8011.0,3.0,3.0
1080,amp100_freq26,100,26,7374.0,7377.0,8014.0,8017.0,3.0,3.0
1081,amp180_freq5,180,5,7380.0,7383.0,8020.0,8023.0,3.0,3.0
1082,amp250_freq5,250,5,7386.0,7389.0,8026.0,8029.0,3.0,3.0
1083,amp100_freq5,100,5,7392.0,7395.0,8032.0,8035.0,3.0,3.0
1084,amp100_freq26,100,26,7398.0,7401.0,8038.0,8041.0,3.0,3.0
1085,amp180_freq26,180,26,7404.0,7407.0,8044.0,8047.0,3.0,3.0
1086,amp250_freq5,250,5,7410.0,7413.0,8050.0,8053.0,3.0,3.0
1087,amp250_freq26,250,26,7416.0,7419.0,8056.0,8059.0,3.0,3.0
1088,amp180_freq5,180,5,7422.0,7425.0,8062.0,8065.0,3.0,3.0
1089,amp250_freq5,250,5,7428.0,7431.0,8068.0,8071.0,3.0,3.0
1090,amp100_freq26,100,26,7434.0,7437.0,8074.0,8077.0,3.0,3.0
1091,amp100_freq5,100,5,7440.0,7443.0,8080.0,8083.0,3.0,3.0
1092,amp180_freq5,180,5,7446.0,7449.0,8086.0,8089.0,3.0,3.0
1093,amp180_freq26,180,26,7452.0,7455.0,8092.0,8095.0,3.0,3.0
1094,amp100_freq26,100,26,7458.0,7461.0,8098.0,8101.0,3.0,3.0
1095,amp180_freq5,180,5,7464.0,7467.0,8104.0,8107.0,3.0,3.0
1096,amp180_freq26,180,26,7470.0,7473.0,8110.0,8113.0,3.0,3.0
1097,amp180_freq26,180,26,7476.0,7479.0,8116.0,8119.0,3.0,3.0
1098,amp180_freq5,180,5,7482.0,7485.0,8122.0,8125.0,3.0,3.0
1099,amp180_freq26,180,26,7488.0,7491.0,8128.0,8131.0,3.0,3.0
1100,amp180_freq26,180,26,7494.0,7497.0,8134.0,8137.0,3.0,3.0
1101,amp100_freq5,100,5,7500.0,7503.0,8140.0,8143.0,3.0,3.0
1102,amp100_freq26,100,26,7506.0,7509.0,8146.0,8149.0,3.0,3.0
1103,amp180_freq5,180,5,7512.0,7515.0,8152.0,8155.0,3.0,3.0
1104,amp100_freq5,100,5,7518.0,7521.0,8158.0,8161.0,3.0,3.0
1105,amp100_freq26,100,26,7524.0,7527.0,8164.0,8167.0,3.0,3.0
1106,amp250_freq26,250,26,7530.0,7533.0,8170.0,8173.0,3.0,3.0
1107,amp180_freq26,180,26,7536.0,7539.0,8176.0,8179.0,3.0,3.0
1108,amp180_freq5,180,5,7542.0,7545.0,8182.0,8185.0,3.0,3.0
1109,amp100_freq5,100,5,7548.0,7551.0,8188.0,8191.0,3.0,3.0
1110,amp250_freq26,250,26,7554.0,7557.0,8194.0,8197.0,3.0,3.0
1111,amp180_freq5,180,5,7560.0,7563.0,8200.0,8203.0,3.0,3.0
1112,amp180_freq26,180,26,7566.0,7569.0,8206.0,8209.0,3.0,3.0
1113,amp250_freq26,250,26,7572.0,7575.0,8212.0,8215.0,3.0,3.0
1114,amp250_freq5,250,5,7578.0,7581.0,8218.0,8221.0,3.0,3.0
1115,amp100_freq5,100,5,7584.0,7587.0,8224.0,8227.0,3.0,3.0
1116,amp180_freq5,180,5,7590.0,7593.0,8230.0,8233.0,3.0,3.0
1117,amp100_freq5,100,5,7596.0,7599.0,8236.0,8239.0,3.0,3.0
1118,amp250_freq26,250,26,7602.0,7605.0,8242.0,8245.0,3.0,3.0
1119,amp100_freq5,100,5,7608.0,7611.0,8248.0,8251.0,3.0,3.0
1120,amp180_freq5,180,5,7614.0,7617.0,8254.0,8257.0,3.0,3.0
1121,amp100_freq26,100,26,7620.0,7623.0,8260.0,8263.0,3.0,3.0
1122,amp100_freq26,100,26,7626.0,7629.0,8266.0,8269.0,3.0,3.0
1123,amp100_freq26,100,26,7632.0,7635.0,8272.0,8275.0,3.0,3.0
1124,amp250_freq26,250,26,7638.0,7641.0,8278.0,8281.0,3.0,3.0
1125,amp180_freq5,180,5,7644.0,7647.0,8284.0,8287.0,3.0,3.0
1126,amp250_freq5,250,5,7650.0,7653.0,8290.0,8293.0,3.0,3.0
1127,amp250_freq26,250,26,7656.0,7659.0,8296.0,8299.0,3.0,3.0
1128,amp100_freq26,100,26,7662.0,7665.0,8302.0,8305.0,3.0,3.0
1129,amp180_freq26,180,26,7668.0,7671.0,8308.0,8311.0,3.0,3.0
1130,amp180_freq5,180,5,7674.0,7677.0,8314.0,8317.0,3.0,3.0
1131,amp100_freq5,100,5,7680.0,7683.0,8320.0,8323.0,3.0,3.0
1132,amp100_freq26,100,26,7686.0,7689.0,8326.0,8329.0,3.0,3.0
1133,amp100_freq26,100,26,7692.0,7695.0,8332.0,8335.0,3.0,3.0
1134,amp100_freq5,100,5,7698.0,7701.0,8338.0,8341.0,3.0,3.0
1135,amp100_freq5,100,5,7704.0,7707.0,8344.0,8347.0,3.0,3.0
1136,amp250_freq5,250,5,7710.0,7713.0,8350.0,8353.0,3.0,3.0
1137,amp250_freq5,250,5,7716.0,7719.0,8356.0,8359.0,3.0,3.0
1138,amp100_freq5,100,5,7722.0,7725.0,8362.0,8365.0,3.0,3.0
1139,amp250_freq26,250,26,7728.0,7731.0,8368.0,8371.0,3.0,3.0
1140,amp250_freq26,250,26,7734.0,7737.0,8374.0,8377.0,3.0,3.0
1141,amp180_freq26,180,26,7740.0,7743.0,8380.0,8383.0,3.0,3.0
1142,amp180_freq26,180,26,7746.0,7749.0,8386.0,8389.0,3.0,3.0
1143,amp180_freq26,180,26,7752.0,7755.0,8392.0,8395.0,3.0,3.0
1144,amp100_freq5,100,5,7758.0,7761.0,8398.0,8401.0,3.0,3.0
1145,amp250_freq5,250,5,7764.0,7767.0,8404.0,8407.0,3.0,3.0
1146,amp250_freq26,250,26,7770.0,7773.0,8410.0,8413.0,3.0,3.0
1147,amp100_freq5,100,5,7776.0,7779.0,8416.0,8419.0,3.0,3.0
1148,amp250_freq5,250,5,7782.0,7785.0,8422.0,8425.0,3.0,3.0
1149,amp100_freq26,100,26,7788.0,7791.0,8428.0,8431.0,3.0,3.0
1150,amp250_freq5,250,5,7794.0,7797.0,8434.0,8437.0,3.0,3.0
1151,amp250_freq26,250,26,7800.0,7803.0,8440.0,8443.0,3.0,3.0
1152,amp250_freq26,250,26,7806.0,7809.0,8446.0,8449.0,3.0,3.0
1153,amp250_freq26,250,26,7812.0,7815.0,8452.0,8455.0,3.0,3.0
1154,amp250_freq26,250,26,7818.0,7821.0,8458.0,8461.0,3.0,3.0
1155,amp180_freq5,180,5,7824.0,7827.0,8464.0,8467.0,3.0,3.0
1156,amp250_freq26,250,26,7830.0,7833.0,8470.0,8473.0,3.0,3.0
1157,amp180_freq5,180,5,7836.0,7839.0,8476.0,8479.0,3.0,3.0
1158,amp180_freq5,180,5,7842.0,7845.0,8482.0,8485.0,3.0,3.0
1159,amp180_freq5,180,5,7848.0,7851.0,8488.0,8491.0,3.0,3.0
1160,amp250_freq26,250,26,7854.0,7857.0,8494.0,8497.0,3.0,3.0
1161,amp180_freq5,180,5,7860.0,7863.0,8500.0,8503.0,3.0,3.0
1162,amp100_freq5,100,5,7866.0,7869.0,8506.0,8509.0,3.0,3.0
1163,amp250_freq5,250,5,7872.0,7875.0,8512.0,8515.0,3.0,3.0
1164,amp250_freq26,250,26,7878.0,7881.0,8518.0,8521.0,3.0,3.0
1165,amp250_freq26,250,26,7884.0,7887.0,8524.0,8527.0,3.0,3.0
1166,amp100_freq26,100,26,7890.0,7893.0,8530.0,8533.0,3.0,3.0
1167,amp180_freq5,180,5,7896.0,7899.0,8536.0,8539.0,3.0,3.0
1168,amp100_freq26,100,26,7902.0,7905.0,8542.0,8545.0,3.0,3.0
1169,amp180_freq5,180,5,7908.0,7911.0,8548.0,8551.0,3.0,3.0
1170,amp250_freq5,250,5,7914.0,7917.0,8554.0,8557.0,3.0,3.0
1171,amp250_freq26,250,26,7920.0,7923.0,8560.0,8563.0,3.0,3.0
1172,amp100_freq5,100,5,7926.0,7929.0,8566.0,8569.0,3.0,3.0
1173,amp180_freq5,180,5,7932.0,7935.0,8572.0,8575.0,3.0,3.0
1174,amp100_freq26,100,26,7938.0,7941.0,8578.0,8581.0,3.0,3.0
1175,amp250_freq26,250,26,7944.0,7947.0,8584.0,8587.0,3.0,3.0
1176,amp250_freq26,250,26,7950.0,7953.0,8590.0,8593.0,3.0,3.0
1177,amp180_freq5,180,5,7956.0,7959.0,8596.0,8599.0,3.0,3.0
1178,amp100_freq5,100,5,7962.0,7965.0,8602.0,8605.0,3.0,3.0
1179,amp100_freq26,100,26,7968.0,7971.0,8608.0,8611.0,3.0,3.0
1180,amp250_freq5,250,5,7974.0,7977.0,8614.0,8617.0,3.0,3.0
1181,amp100_freq26,100,26,7980.0,7983.0,8620.0,8623.0,3.0,3.0
1182,amp250_freq26,250,26,7986.0,7989.0,8626.0,8629.0,3.0,3.0
1183,amp180_freq26,180,26,7992.0,7995.0,8632.0,8635.0,3.0,3.0
1184,amp180_freq5,180,5,7998.0,8001.0,8638.0,8641.0,3.0,3.0
1185,amp180_freq5,180,5,8004.0,8007.0,8644.0,8647.0,3.0,3.0
1186,amp180_freq5,180,5,8010.0,8013.0,8650.0,8653.0,3.0,3.0
1187,amp180_freq26,180,26,8016.0,8019.0,8656.0,8659.0,3.0,3.0
1188,amp250_freq26,250,26,8022.0,8025.0,8662.0,8665.0,3.0,3.0
1189,amp250_freq26,250,26,8028.0,8031.0,8668.0,8671.0,3.0,3.0
1190,amp180_freq5,180,5,8034.0,8037.0,8674.0,8677.0,3.0,3.0
1191,amp100_freq26,100,26,8040.0,8043.0,8680.0,8683.0,3.0,3.0
1192,amp100_freq5,100,5,8046.0,8049.0,8686.0,8689.0,3.0,3.0
1193,amp180_freq26,180,26,8052.0,8055.0,8692.0,8695.0,3.0,3.0
1194,amp180_freq5,180,5,8058.0,8061.0,8698.0,8701.0,3.0,3.0
1195,amp100_freq26,100,26,8064.0,8067.0,8704.0,8707.0,3.0,3.0
1196,amp250_freq5,250,5,8070.0,8073.0,8710.0,8713.0,3.0,3.0
1197,amp100_freq5,100,5,8076.0,8079.0,8716.0,8719.0,3.0,3.0
1198,amp180_freq26,180,26,8082.0,8085.0,8722.0,8725.0,3.0,3.0
1199,amp100_freq5,100,5,8088.0,8091.0,8728.0,8731.0,3.0,3.0
1200,amp180_freq26,180,26,8094.0,8097.0,8734.0,8737.0,3.0,3.0
