trial_number,config_index,expected_start_time_s,expected_end_time_s,amplitude,freq,condition,pin,on_time_s,off_time_s,recording_start_time_s,recording_end_time_s
1,0,900.0,903.0,180,5,amp180_freq5,12,3.0,3.0,1540.0,1543.0
2,1,906.0,909.0,250,5,amp250_freq5,12,3.0,3.0,1546.0,1549.0
3,2,912.0,915.0,180,5,amp180_freq5,12,3.0,3.0,1552.0,1555.0
4,3,918.0,921.0,250,5,amp250_freq5,12,3.0,3.0,1558.0,1561.0
5,4,924.0,927.0,250,5,amp250_freq5,12,3.0,3.0,1564.0,1567.0
6,5,930.0,933.0,250,26,amp250_freq26,12,3.0,3.0,1570.0,1573.0
7,6,936.0,939.0,250,26,amp250_freq26,12,3.0,3.0,1576.0,1579.0
8,7,942.0,945.0,180,26,amp180_freq26,12,3.0,3.0,1582.0,1585.0
9,8,948.0,951.0,250,5,amp250_freq5,12,3.0,3.0,1588.0,1591.0
10,9,954.0,957.0,250,26,amp250_freq26,12,3.0,3.0,1594.0,1597.0
11,10,960.0,963.0,180,5,amp180_freq5,12,3.0,3.0,1600.0,1603.0
12,11,966.0,969.0,100,5,amp100_freq5,12,3.0,3.0,1606.0,1609.0
13,12,972.0,975.0,100,5,amp100_freq5,12,3.0,3.0,1612.0,1615.0
14,13,978.0,981.0,100,26,amp100_freq26,12,3.0,3.0,1618.0,1621.0
15,14,984.0,987.0,100,26,amp100_freq26,12,3.0,3.0,1624.0,1627.0
16,15,990.0,993.0,180,26,amp180_freq26,12,3.0,3.0,1630.0,1633.0
17,16,996.0,999.0,180,5,amp180_freq5,12,3.0,3.0,1636.0,1639.0
18,17,1002.0,1005.0,100,5,amp100_freq5,12,3.0,3.0,1642.0,1645.0
19,18,1008.0,1011.0,250,26,amp250_freq26,12,3.0,3.0,1648.0,1651.0
20,19,1014.0,1017.0,180,26,amp180_freq26,12,3.0,3.0,1654.0,1657.0
21,20,1020.0,1023.0,100,5,amp100_freq5,12,3.0,3.0,1660.0,1663.0
22,21,1026.0,1029.0,250,5,amp250_freq5,12,3.0,3.0,1666.0,1669.0
23,22,1032.0,1035.0,180,5,amp180_freq5,12,3.0,3.0,1672.0,1675.0
24,23,1038.0,1041.0,100,5,amp100_freq5,12,3.0,3.0,1678.0,1681.0
25,24,1044.0,1047.0,250,26,amp250_freq26,12,3.0,3.0,1684.0,1687.0
26,25,1050.0,1053.0,100,5,amp100_freq5,12,3.0,3.0,1690.0,1693.0
27,26,1056.0,1059.0,100,5,amp100_freq5,12,3.0,3.0,1696.0,1699.0
28,27,1062.0,1065.0,180,26,amp180_freq26,12,3.0,3.0,1702.0,1705.0
29,28,1068.0,1071.0,100,5,amp100_freq5,12,3.0,3.0,1708.0,1711.0
30,29,1074.0,1077.0,180,26,amp180_freq26,12,3.0,3.0,1714.0,1717.0
31,30,1080.0,1083.0,100,5,amp100_freq5,12,3.0,3.0,1720.0,1723.0
32,31,1086.0,1089.0,100,26,amp100_freq26,12,3.0,3.0,1726.0,1729.0
33,32,1092.0,1095.0,180,26,amp180_freq26,12,3.0,3.0,1732.0,1735.0
34,33,1098.0,1101.0,100,5,amp100_freq5,12,3.0,3.0,1738.0,1741.0
35,34,1104.0,1107.0,250,5,amp250_freq5,12,3.0,3.0,1744.0,1747.0
36,35,1110.0,1113.0,180,26,amp180_freq26,12,3.0,3.0,1750.0,1753.0
37,36,1116.0,1119.0,180,26,amp180_freq26,12,3.0,3.0,1756.0,1759.0
38,37,1122.0,1125.0,250,5,amp250_freq5,12,3.0,3.0,1762.0,1765.0
39,38,1128.0,1131.0,100,26,amp100_freq26,12,3.0,3.0,1768.0,1771.0
40,39,1134.0,1137.0,180,26,amp180_freq26,12,3.0,3.0,1774.0,1777.0
41,40,1140.0,1143.0,180,26,amp180_freq26,12,3.0,3.0,1780.0,1783.0
42,41,1146.0,1149.0,180,26,amp180_freq26,12,3.0,3.0,1786.0,1789.0
43,42,1152.0,1155.0,100,5,amp100_freq5,12,3.0,3.0,1792.0,1795.0
44,43,1158.0,1161.0,180,26,amp180_freq26,12,3.0,3.0,1798.0,1801.0
45,44,1164.0,1167.0,180,5,amp180_freq5,12,3.0,3.0,1804.0,1807.0
46,45,1170.0,1173.0,100,5,amp100_freq5,12,3.0,3.0,1810.0,1813.0
47,46,1176.0,1179.0,100,5,amp100_freq5,12,3.0,3.0,1816.0,1819.0
48,47,1182.0,1185.0,100,5,amp100_freq5,12,3.0,3.0,1822.0,1825.0
49,48,1188.0,1191.0,100,5,amp100_freq5,12,3.0,3.0,1828.0,1831.0
50,49,1194.0,1197.0,250,5,amp250_freq5,12,3.0,3.0,1834.0,1837.0
51,50,1200.0,1203.0,180,26,amp180_freq26,12,3.0,3.0,1840.0,1843.0
52,51,1206.0,1209.0,250,5,amp250_freq5,12,3.0,3.0,1846.0,1849.0
53,52,1212.0,1215.0,180,5,amp180_freq5,12,3.0,3.0,1852.0,1855.0
54,53,1218.0,1221.0,250,5,amp250_freq5,12,3.0,3.0,1858.0,1861.0
55,54,1224.0,1227.0,250,26,amp250_freq26,12,3.0,3.0,1864.0,1867.0
56,55,1230.0,1233.0,180,26,amp180_freq26,12,3.0,3.0,1870.0,1873.0
57,56,1236.0,1239.0,100,5,amp100_freq5,12,3.0,3.0,1876.0,1879.0
58,57,1242.0,1245.0,100,26,amp100_freq26,12,3.0,3.0,1882.0,1885.0
59,58,1248.0,1251.0,100,5,amp100_freq5,12,3.0,3.0,1888.0,1891.0
60,59,1254.0,1257.0,180,5,amp180_freq5,12,3.0,3.0,1894.0,1897.0
61,60,1260.0,1263.0,180,26,amp180_freq26,12,3.0,3.0,1900.0,1903.0
62,61,1266.0,1269.0,250,5,amp250_freq5,12,3.0,3.0,1906.0,1909.0
63,62,1272.0,1275.0,180,5,amp180_freq5,12,3.0,3.0,1912.0,1915.0
64,63,1278.0,1281.0,100,26,amp100_freq26,12,3.0,3.0,1918.0,1921.0
65,64,1284.0,1287.0,250,5,amp250_freq5,12,3.0,3.0,1924.0,1927.0
66,65,1290.0,1293.0,180,5,amp180_freq5,12,3.0,3.0,1930.0,1933.0
67,66,1296.0,1299.0,250,5,amp250_freq5,12,3.0,3.0,1936.0,1939.0
68,67,1302.0,1305.0,100,26,amp100_freq26,12,3.0,3.0,1942.0,1945.0
69,68,1308.0,1311.0,100,26,amp100_freq26,12,3.0,3.0,1948.0,1951.0
70,69,1314.0,1317.0,250,5,amp250_freq5,12,3.0,3.0,1954.0,1957.0
71,70,1320.0,1323.0,100,26,amp100_freq26,12,3.0,3.0,1960.0,1963.0
72,71,1326.0,1329.0,250,26,amp250_freq26,12,3.0,3.0,1966.0,1969.0
73,72,1332.0,1335.0,250,5,amp250_freq5,12,3.0,3.0,1972.0,1975.0
74,73,1338.0,1341.0,100,26,amp100_freq26,12,3.0,3.0,1978.0,1981.0
75,74,1344.0,1347.0,180,26,amp180_freq26,12,3.0,3.0,1984.0,1987.0
76,75,1350.0,1353.0,100,26,amp100_freq26,12,3.0,3.0,1990.0,1993.0
77,76,1356.0,1359.0,100,26,amp100_freq26,12,3.0,3.0,1996.0,1999.0
78,77,1362.0,1365.0,180,5,amp180_freq5,12,3.0,3.0,2002.0,2005.0
79,78,1368.0,1371.0,100,26,amp100_freq26,12,3.0,3.0,2008.0,2011.0
80,79,1374.0,1377.0,180,26,amp180_freq26,12,3.0,3.0,2014.0,2017.0
81,80,1380.0,1383.0,250,5,amp250_freq5,12,3.0,3.0,2020.0,2023.0
82,81,1386.0,1389.0,180,26,amp180_freq26,12,3.0,3.0,2026.0,2029.0
83,82,1392.0,1395.0,100,5,amp100_freq5,12,3.0,3.0,2032.0,2035.0
84,83,1398.0,1401.0,180,5,amp180_freq5,12,3.0,3.0,2038.0,2041.0
85,84,1404.0,1407.0,250,5,amp250_freq5,12,3.0,3.0,2044.0,2047.0
86,85,1410.0,1413.0,180,26,amp180_freq26,12,3.0,3.0,2050.0,2053.0
87,86,1416.0,1419.0,100,26,amp100_freq26,12,3.0,3.0,2056.0,2059.0
88,87,1422.0,1425.0,100,5,amp100_freq5,12,3.0,3.0,2062.0,2065.0
89,88,1428.0,1431.0,180,26,amp180_freq26,12,3.0,3.0,2068.0,2071.0
90,89,1434.0,1437.0,180,5,amp180_freq5,12,3.0,3.0,2074.0,2077.0
91,90,1440.0,1443.0,180,26,amp180_freq26,12,3.0,3.0,2080.0,2083.0
92,91,1446.0,1449.0,100,26,amp100_freq26,12,3.0,3.0,2086.0,2089.0
93,92,1452.0,1455.0,180,26,amp180_freq26,12,3.0,3.0,2092.0,2095.0
94,93,1458.0,1461.0,250,5,amp250_freq5,12,3.0,3.0,2098.0,2101.0
95,94,1464.0,1467.0,100,5,amp100_freq5,12,3.0,3.0,2104.0,2107.0
96,95,1470.0,1473.0,100,26,amp100_freq26,12,3.0,3.0,2110.0,2113.0
97,96,1476.0,1479.0,250,5,amp250_freq5,12,3.0,3.0,2116.0,2119.0
98,97,1482.0,1485.0,250,5,amp250_freq5,12,3.0,3.0,2122.0,2125.0
99,98,1488.0,1491.0,100,5,amp100_freq5,12,3.0,3.0,2128.0,2131.0
100,99,1494.0,1497.0,250,5,amp250_freq5,12,3.0,3.0,2134.0,2137.0
101,100,1500.0,1503.0,180,26,amp180_freq26,12,3.0,3.0,2140.0,2143.0
102,101,1506.0,1509.0,100,5,amp100_freq5,12,3.0,3.0,2146.0,2149.0
103,102,1512.0,1515.0,100,26,amp100_freq26,12,3.0,3.0,2152.0,2155.0
104,103,1518.0,1521.0,100,26,amp100_freq26,12,3.0,3.0,2158.0,2161.0
105,104,1524.0,1527.0,100,26,amp100_freq26,12,3.0,3.0,2164.0,2167.0
106,105,1530.0,1533.0,180,26,amp180_freq26,12,3.0,3.0,2170.0,2173.0
107,106,1536.0,1539.0,250,5,amp250_freq5,12,3.0,3.0,2176.0,2179.0
108,107,1542.0,1545.0,180,5,amp180_freq5,12,3.0,3.0,2182.0,2185.0
109,108,1548.0,1551.0,250,5,amp250_freq5,12,3.0,3.0,2188.0,2191.0
110,109,1554.0,1557.0,100,26,amp100_freq26,12,3.0,3.0,2194.0,2197.0
111,110,1560.0,1563.0,250,5,amp250_freq5,12,3.0,3.0,2200.0,2203.0
112,111,1566.0,1569.0,250,5,amp250_freq5,12,3.0,3.0,2206.0,2209.0
113,112,1572.0,1575.0,100,5,amp100_freq5,12,3.0,3.0,2212.0,2215.0
114,113,1578.0,1581.0,250,5,amp250_freq5,12,3.0,3.0,2218.0,2221.0
115,114,1584.0,1587.0,250,5,amp250_freq5,12,3.0,3.0,2224.0,2227.0
116,115,1590.0,1593.0,100,26,amp100_freq26,12,3.0,3.0,2230.0,2233.0
117,116,1596.0,1599.0,100,5,amp100_freq5,12,3.0,3.0,2236.0,2239.0
118,117,1602.0,1605.0,250,26,amp250_freq26,12,3.0,3.0,2242.0,2245.0
119,118,1608.0,1611.0,250,26,amp250_freq26,12,3.0,3.0,2248.0,2251.0
120,119,1614.0,1617.0,100,5,amp100_freq5,12,3.0,3.0,2254.0,2257.0
121,120,1620.0,1623.0,250,5,amp250_freq5,12,3.0,3.0,2260.0,2263.0
122,121,1626.0,1629.0,100,26,amp100_freq26,12,3.0,3.0,2266.0,2269.0
123,122,1632.0,1635.0,250,5,amp250_freq5,12,3.0,3.0,2272.0,2275.0
124,123,1638.0,1641.0,180,26,amp180_freq26,12,3.0,3.0,2278.0,2281.0
125,124,1644.0,1647.0,250,5,amp250_freq5,12,3.0,3.0,2284.0,2287.0
126,125,1650.0,1653.0,100,5,amp100_freq5,12,3.0,3.0,2290.0,2293.0
127,126,1656.0,1659.0,180,26,amp180_freq26,12,3.0,3.0,2296.0,2299.0
128,127,1662.0,1665.0,100,5,amp100_freq5,12,3.0,3.0,2302.0,2305.0
129,128,1668.0,1671.0,180,26,amp180_freq26,12,3.0,3.0,2308.0,2311.0
130,129,1674.0,1677.0,250,5,amp250_freq5,12,3.0,3.0,2314.0,2317.0
131,130,1680.0,1683.0,250,26,amp250_freq26,12,3.0,3.0,2320.0,2323.0
132,131,1686.0,1689.0,250,26,amp250_freq26,12,3.0,3.0,2326.0,2329.0
133,132,1692.0,1695.0,250,5,amp250_freq5,12,3.0,3.0,2332.0,2335.0
134,133,1698.0,1701.0,180,26,amp180_freq26,12,3.0,3.0,2338.0,2341.0
135,134,1704.0,1707.0,180,5,amp180_freq5,12,3.0,3.0,2344.0,2347.0
136,135,1710.0,1713.0,250,26,amp250_freq26,12,3.0,3.0,2350.0,2353.0
137,136,1716.0,1719.0,100,26,amp100_freq26,12,3.0,3.0,2356.0,2359.0
138,137,1722.0,1725.0,180,5,amp180_freq5,12,3.0,3.0,2362.0,2365.0
139,138,1728.0,1731.0,180,5,amp180_freq5,12,3.0,3.0,2368.0,2371.0
140,139,1734.0,1737.0,100,26,amp100_freq26,12,3.0,3.0,2374.0,2377.0
141,140,1740.0,1743.0,250,26,amp250_freq26,12,3.0,3.0,2380.0,2383.0
142,141,1746.0,1749.0,250,26,amp250_freq26,12,3.0,3.0,2386.0,2389.0
143,142,1752.0,1755.0,180,26,amp180_freq26,12,3.0,3.0,2392.0,2395.0
144,143,1758.0,1761.0,250,26,amp250_freq26,12,3.0,3.0,2398.0,2401.0
145,144,1764.0,1767.0,180,5,amp180_freq5,12,3.0,3.0,2404.0,2407.0
146,145,1770.0,1773.0,180,5,amp180_freq5,12,3.0,3.0,2410.0,2413.0
147,146,1776.0,1779.0,250,5,amp250_freq5,12,3.0,3.0,2416.0,2419.0
148,147,1782.0,1785.0,100,5,amp100_freq5,12,3.0,3.0,2422.0,2425.0
149,148,1788.0,1791.0,180,26,amp180_freq26,12,3.0,3.0,2428.0,2431.0
150,149,1794.0,1797.0,180,5,amp180_freq5,12,3.0,3.0,2434.0,2437.0
151,150,1800.0,1803.0,180,26,amp180_freq26,12,3.0,3.0,2440.0,2443.0
152,151,1806.0,1809.0,250,26,amp250_freq26,12,3.0,3.0,2446.0,2449.0
153,152,1812.0,1815.0,180,26,amp180_freq26,12,3.0,3.0,2452.0,2455.0
154,153,1818.0,1821.0,180,5,amp180_freq5,12,3.0,3.0,2458.0,2461.0
155,154,1824.0,1827.0,100,26,amp100_freq26,12,3.0,3.0,2464.0,2467.0
156,155,1830.0,1833.0,250,5,amp250_freq5,12,3.0,3.0,2470.0,2473.0
157,156,1836.0,1839.0,100,5,amp100_freq5,12,3.0,3.0,2476.0,2479.0
158,157,1842.0,1845.0,100,5,amp100_freq5,12,3.0,3.0,2482.0,2485.0
159,158,1848.0,1851.0,100,26,amp100_freq26,12,3.0,3.0,2488.0,2491.0
160,159,1854.0,1857.0,180,26,amp180_freq26,12,3.0,3.0,2494.0,2497.0
161,160,1860.0,1863.0,180,26,amp180_freq26,12,3.0,3.0,2500.0,2503.0
162,161,1866.0,1869.0,100,5,amp100_freq5,12,3.0,3.0,2506.0,2509.0
163,162,1872.0,1875.0,250,26,amp250_freq26,12,3.0,3.0,2512.0,2515.0
164,163,1878.0,1881.0,250,5,amp250_freq5,12,3.0,3.0,2518.0,2521.0
165,164,1884.0,1887.0,250,5,amp250_freq5,12,3.0,3.0,2524.0,2527.0
166,165,1890.0,1893.0,100,26,amp100_freq26,12,3.0,3.0,2530.0,2533.0
167,166,1896.0,1899.0,180,26,amp180_freq26,12,3.0,3.0,2536.0,2539.0
168,167,1902.0,1905.0,180,5,amp180_freq5,12,3.0,3.0,2542.0,2545.0
169,168,1908.0,1911.0,250,26,amp250_freq26,12,3.0,3.0,2548.0,2551.0
170,169,1914.0,1917.0,100,26,amp100_freq26,12,3.0,3.0,2554.0,2557.0
171,170,1920.0,1923.0,250,26,amp250_freq26,12,3.0,3.0,2560.0,2563.0
172,171,1926.0,1929.0,100,5,amp100_freq5,12,3.0,3.0,2566.0,2569.0
173,172,1932.0,1935.0,180,5,amp180_freq5,12,3.0,3.0,2572.0,2575.0
174,173,1938.0,1941.0,180,5,amp180_freq5,12,3.0,3.0,2578.0,2581.0
175,174,1944.0,1947.0,100,5,amp100_freq5,12,3.0,3.0,2584.0,2587.0
176,175,1950.0,1953.0,180,26,amp180_freq26,12,3.0,3.0,2590.0,2593.0
177,176,1956.0,1959.0,100,5,amp100_freq5,12,3.0,3.0,2596.0,2599.0
178,177,1962.0,1965.0,250,5,amp250_freq5,12,3.0,3.0,2602.0,2605.0
179,178,1968.0,1971.0,100,26,amp100_freq26,12,3.0,3.0,2608.0,2611.0
180,179,1974.0,1977.0,250,26,amp250_freq26,12,3.0,3.0,2614.0,2617.0
181,180,1980.0,1983.0,250,26,amp250_freq26,12,3.0,3.0,2620.0,2623.0
182,181,1986.0,1989.0,100,5,amp100_freq5,12,3.0,3.0,2626.0,2629.0
183,182,1992.0,1995.0,250,5,amp250_freq5,12,3.0,3.0,2632.0,2635.0
184,183,1998.0,2001.0,100,26,amp100_freq26,12,3.0,3.0,2638.0,2641.0
185,184,2004.0,2007.0,250,26,amp250_freq26,12,3.0,3.0,2644.0,2647.0
186,185,2010.0,2013.0,180,26,amp180_freq26,12,3.0,3.0,2650.0,2653.0
187,186,2016.0,2019.0,100,26,amp100_freq26,12,3.0,3.0,2656.0,2659.0
188,187,2022.0,2025.0,180,26,amp180_freq26,12,3.0,3.0,2662.0,2665.0
189,188,2028.0,2031.0,100,5,amp100_freq5,12,3.0,3.0,2668.0,2671.0
190,189,2034.0,2037.0,180,26,amp180_freq26,12,3.0,3.0,2674.0,2677.0
191,190,2040.0,2043.0,250,26,amp250_freq26,12,3.0,3.0,2680.0,2683.0
192,191,2046.0,2049.0,250,5,amp250_freq5,12,3.0,3.0,2686.0,2689.0
193,192,2052.0,2055.0,100,26,amp100_freq26,12,3.0,3.0,2692.0,2695.0
194,193,2058.0,2061.0,100,26,amp100_freq26,12,3.0,3.0,2698.0,2701.0
195,194,2064.0,2067.0,250,26,amp250_freq26,12,3.0,3.0,2704.0,2707.0
196,195,2070.0,2073.0,250,26,amp250_freq26,12,3.0,3.0,2710.0,2713.0
197,196,2076.0,2079.0,250,5,amp250_freq5,12,3.0,3.0,2716.0,2719.0
198,197,2082.0,2085.0,250,5,amp250_freq5,12,3.0,3.0,2722.0,2725.0
199,198,2088.0,2091.0,100,5,amp100_freq5,12,3.0,3.0,2728.0,2731.0
200,199,2094.0,2097.0,100,26,amp100_freq26,12,3.0,3.0,2734.0,2737.0
201,200,2100.0,2103.0,250,5,amp250_freq5,12,3.0,3.0,2740.0,2743.0
202,201,2106.0,2109.0,180,5,amp180_freq5,12,3.0,3.0,2746.0,2749.0
203,202,2112.0,2115.0,180,26,amp180_freq26,12,3.0,3.0,2752.0,2755.0
204,203,2118.0,2121.0,100,5,amp100_freq5,12,3.0,3.0,2758.0,2761.0
205,204,2124.0,2127.0,180,5,amp180_freq5,12,3.0,3.0,2764.0,2767.0
206,205,2130.0,2133.0,100,26,amp100_freq26,12,3.0,3.0,2770.0,2773.0
207,206,2136.0,2139.0,100,26,amp100_freq26,12,3.0,3.0,2776.0,2779.0
208,207,2142.0,2145.0,180,5,amp180_freq5,12,3.0,3.0,2782.0,2785.0
209,208,2148.0,2151.0,180,26,amp180_freq26,12,3.0,3.0,2788.0,2791.0
210,209,2154.0,2157.0,180,5,amp180_freq5,12,3.0,3.0,2794.0,2797.0
211,210,2160.0,2163.0,100,5,amp100_freq5,12,3.0,3.0,2800.0,2803.0
212,211,2166.0,2169.0,180,26,amp180_freq26,12,3.0,3.0,2806.0,2809.0
213,212,2172.0,2175.0,100,5,amp100_freq5,12,3.0,3.0,2812.0,2815.0
214,213,2178.0,2181.0,250,26,amp250_freq26,12,3.0,3.0,2818.0,2821.0
215,214,2184.0,2187.0,250,5,amp250_freq5,12,3.0,3.0,2824.0,2827.0
216,215,2190.0,2193.0,180,26,amp180_freq26,12,3.0,3.0,2830.0,2833.0
217,216,2196.0,2199.0,250,26,amp250_freq26,12,3.0,3.0,2836.0,2839.0
218,217,2202.0,2205.0,100,5,amp100_freq5,12,3.0,3.0,2842.0,2845.0
219,218,2208.0,2211.0,250,5,amp250_freq5,12,3.0,3.0,2848.0,2851.0
220,219,2214.0,2217.0,250,5,amp250_freq5,12,3.0,3.0,2854.0,2857.0
221,220,2220.0,2223.0,250,26,amp250_freq26,12,3.0,3.0,2860.0,2863.0
222,221,2226.0,2229.0,100,5,amp100_freq5,12,3.0,3.0,2866.0,2869.0
223,222,2232.0,2235.0,180,5,amp180_freq5,12,3.0,3.0,2872.0,2875.0
224,223,2238.0,2241.0,100,26,amp100_freq26,12,3.0,3.0,2878.0,2881.0
225,224,2244.0,2247.0,180,5,amp180_freq5,12,3.0,3.0,2884.0,2887.0
226,225,2250.0,2253.0,250,5,amp250_freq5,12,3.0,3.0,2890.0,2893.0
227,226,2256.0,2259.0,180,26,amp180_freq26,12,3.0,3.0,2896.0,2899.0
228,227,2262.0,2265.0,100,5,amp100_freq5,12,3.0,3.0,2902.0,2905.0
229,228,2268.0,2271.0,250,26,amp250_freq26,12,3.0,3.0,2908.0,2911.0
230,229,2274.0,2277.0,180,5,amp180_freq5,12,3.0,3.0,2914.0,2917.0
231,230,2280.0,2283.0,180,5,amp180_freq5,12,3.0,3.0,2920.0,2923.0
232,231,2286.0,2289.0,100,5,amp100_freq5,12,3.0,3.0,2926.0,2929.0
233,232,2292.0,2295.0,250,26,amp250_freq26,12,3.0,3.0,2932.0,2935.0
234,233,2298.0,2301.0,100,5,amp100_freq5,12,3.0,3.0,2938.0,2941.0
235,234,2304.0,2307.0,180,26,amp180_freq26,12,3.0,3.0,2944.0,2947.0
236,235,2310.0,2313.0,180,5,amp180_freq5,12,3.0,3.0,2950.0,2953.0
237,236,2316.0,2319.0,180,26,amp180_freq26,12,3.0,3.0,2956.0,2959.0
238,237,2322.0,2325.0,250,5,amp250_freq5,12,3.0,3.0,2962.0,2965.0
239,238,2328.0,2331.0,100,26,amp100_freq26,12,3.0,3.0,2968.0,2971.0
240,239,2334.0,2337.0,100,5,amp100_freq5,12,3.0,3.0,2974.0,2977.0
241,240,2340.0,2343.0,100,26,amp100_freq26,12,3.0,3.0,2980.0,2983.0
242,241,2346.0,2349.0,250,26,amp250_freq26,12,3.0,3.0,2986.0,2989.0
243,242,2352.0,2355.0,250,26,amp250_freq26,12,3.0,3.0,2992.0,2995.0
244,243,2358.0,2361.0,250,5,amp250_freq5,12,3.0,3.0,2998.0,3001.0
245,244,2364.0,2367.0,180,26,amp180_freq26,12,3.0,3.0,3004.0,3007.0
246,245,2370.0,2373.0,100,26,amp100_freq26,12,3.0,3.0,3010.0,3013.0
247,246,2376.0,2379.0,100,26,amp100_freq26,12,3.0,3.0,3016.0,3019.0
248,247,2382.0,2385.0,100,26,amp100_freq26,12,3.0,3.0,3022.0,3025.0
249,248,2388.0,2391.0,180,5,amp180_freq5,12,3.0,3.0,3028.0,3031.0
250,249,2394.0,2397.0,180,26,amp180_freq26,12,3.0,3.0,3034.0,3037.0
251,250,2400.0,2403.0,250,26,amp250_freq26,12,3.0,3.0,3040.0,3043.0
252,251,2406.0,2409.0,100,26,amp100_freq26,12,3.0,3.0,3046.0,3049.0
253,252,2412.0,2415.0,100,26,amp100_freq26,12,3.0,3.0,3052.0,3055.0
254,253,2418.0,2421.0,100,5,amp100_freq5,12,3.0,3.0,3058.0,3061.0
255,254,2424.0,2427.0,180,5,amp180_freq5,12,3.0,3.0,3064.0,3067.0
256,255,2430.0,2433.0,100,26,amp100_freq26,12,3.0,3.0,3070.0,3073.0
257,256,2436.0,2439.0,100,5,amp100_freq5,12,3.0,3.0,3076.0,3079.0
258,257,2442.0,2445.0,180,5,amp180_freq5,12,3.0,3.0,3082.0,3085.0
259,258,2448.0,2451.0,180,5,amp180_freq5,12,3.0,3.0,3088.0,3091.0
260,259,2454.0,2457.0,180,5,amp180_freq5,12,3.0,3.0,3094.0,3097.0
261,260,2460.0,2463.0,100,26,amp100_freq26,12,3.0,3.0,3100.0,3103.0
262,261,2466.0,2469.0,100,5,amp100_freq5,12,3.0,3.0,3106.0,3109.0
263,262,2472.0,2475.0,250,5,amp250_freq5,12,3.0,3.0,3112.0,3115.0
264,263,2478.0,2481.0,100,5,amp100_freq5,12,3.0,3.0,3118.0,3121.0
265,264,2484.0,2487.0,250,5,amp250_freq5,12,3.0,3.0,3124.0,3127.0
266,265,2490.0,2493.0,180,26,amp180_freq26,12,3.0,3.0,3130.0,3133.0
267,266,2496.0,2499.0,100,5,amp100_freq5,12,3.0,3.0,3136.0,3139.0
268,267,2502.0,2505.0,250,5,amp250_freq5,12,3.0,3.0,3142.0,3145.0
269,268,2508.0,2511.0,250,26,amp250_freq26,12,3.0,3.0,3148.0,3151.0
270,269,2514.0,2517.0,250,5,amp250_freq5,12,3.0,3.0,3154.0,3157.0
271,270,2520.0,2523.0,100,5,amp100_freq5,12,3.0,3.0,3160.0,3163.0
272,271,2526.0,2529.0,250,26,amp250_freq26,12,3.0,3.0,3166.0,3169.0
273,272,2532.0,2535.0,100,26,amp100_freq26,12,3.0,3.0,3172.0,3175.0
274,273,2538.0,2541.0,250,26,amp250_freq26,12,3.0,3.0,3178.0,3181.0
275,274,2544.0,2547.0,180,26,amp180_freq26,12,3.0,3.0,3184.0,3187.0
276,275,2550.0,2553.0,100,5,amp100_freq5,12,3.0,3.0,3190.0,3193.0
277,276,2556.0,2559.0,250,5,amp250_freq5,12,3.0,3.0,3196.0,3199.0
278,277,2562.0,2565.0,250,5,amp250_freq5,12,3.0,3.0,3202.0,3205.0
279,278,2568.0,2571.0,180,26,amp180_freq26,12,3.0,3.0,3208.0,3211.0
280,279,2574.0,2577.0,100,26,amp100_freq26,12,3.0,3.0,3214.0,3217.0
281,280,2580.0,2583.0,180,5,amp180_freq5,12,3.0,3.0,3220.0,3223.0
282,281,2586.0,2589.0,180,26,amp180_freq26,12,3.0,3.0,3226.0,3229.0
283,282,2592.0,2595.0,250,26,amp250_freq26,12,3.0,3.0,3232.0,3235.0
284,283,2598.0,2601.0,250,26,amp250_freq26,12,3.0,3.0,3238.0,3241.0
285,284,2604.0,2607.0,250,26,amp250_freq26,12,3.0,3.0,3244.0,3247.0
286,285,2610.0,2613.0,180,5,amp180_freq5,12,3.0,3.0,3250.0,3253.0
287,286,2616.0,2619.0,100,26,amp100_freq26,12,3.0,3.0,3256.0,3259.0
288,287,2622.0,2625.0,250,26,amp250_freq26,12,3.0,3.0,3262.0,3265.0
289,288,2628.0,2631.0,100,26,amp100_freq26,12,3.0,3.0,3268.0,3271.0
290,289,2634.0,2637.0,100,5,amp100_freq5,12,3.0,3.0,3274.0,3277.0
291,290,2640.0,2643.0,100,5,amp100_freq5,12,3.0,3.0,3280.0,3283.0
292,291,2646.0,2649.0,100,26,amp100_freq26,12,3.0,3.0,3286.0,3289.0
293,292,2652.0,2655.0,250,26,amp250_freq26,12,3.0,3.0,3292.0,3295.0
294,293,2658.0,2661.0,180,5,amp180_freq5,12,3.0,3.0,3298.0,3301.0
295,294,2664.0,2667.0,250,26,amp250_freq26,12,3.0,3.0,3304.0,3307.0
296,295,2670.0,2673.0,250,26,amp250_freq26,12,3.0,3.0,3310.0,3313.0
297,296,2676.0,2679.0,180,5,amp180_freq5,12,3.0,3.0,3316.0,3319.0
298,297,2682.0,2685.0,100,5,amp100_freq5,12,3.0,3.0,3322.0,3325.0
299,298,2688.0,2691.0,180,5,amp180_freq5,12,3.0,3.0,3328.0,3331.0
300,299,2694.0,2697.0,100,5,amp100_freq5,12,3.0,3.0,3334.0,3337.0
301,300,2700.0,2703.0,100,26,amp100_freq26,12,3.0,3.0,3340.0,3343.0
302,301,2706.0,2709.0,180,5,amp180_freq5,12,3.0,3.0,3346.0,3349.0
303,302,2712.0,2715.0,100,5,amp100_freq5,12,3.0,3.0,3352.0,3355.0
304,303,2718.0,2721.0,250,26,amp250_freq26,12,3.0,3.0,3358.0,3361.0
305,304,2724.0,2727.0,250,5,amp250_freq5,12,3.0,3.0,3364.0,3367.0
306,305,2730.0,2733.0,250,5,amp250_freq5,12,3.0,3.0,3370.0,3373.0
307,306,2736.0,2739.0,100,26,amp100_freq26,12,3.0,3.0,3376.0,3379.0
308,307,2742.0,2745.0,250,26,amp250_freq26,12,3.0,3.0,3382.0,3385.0
309,308,2748.0,2751.0,100,5,amp100_freq5,12,3.0,3.0,3388.0,3391.0
310,309,2754.0,2757.0,180,5,amp180_freq5,12,3.0,3.0,3394.0,3397.0
311,310,2760.0,2763.0,180,26,amp180_freq26,12,3.0,3.0,3400.0,3403.0
312,311,2766.0,2769.0,180,26,amp180_freq26,12,3.0,3.0,3406.0,3409.0
313,312,2772.0,2775.0,250,26,amp250_freq26,12,3.0,3.0,3412.0,3415.0
314,313,2778.0,2781.0,180,5,amp180_freq5,12,3.0,3.0,3418.0,3421.0
315,314,2784.0,2787.0,250,5,amp250_freq5,12,3.0,3.0,3424.0,3427.0
316,315,2790.0,2793.0,100,26,amp100_freq26,12,3.0,3.0,3430.0,3433.0
317,316,2796.0,2799.0,250,5,amp250_freq5,12,3.0,3.0,3436.0,3439.0
318,317,2802.0,2805.0,180,26,amp180_freq26,12,3.0,3.0,3442.0,3445.0
319,318,2808.0,2811.0,180,26,amp180_freq26,12,3.0,3.0,3448.0,3451.0
320,319,2814.0,2817.0,180,26,amp180_freq26,12,3.0,3.0,3454.0,3457.0
321,320,2820.0,2823.0,100,26,amp100_freq26,12,3.0,3.0,3460.0,3463.0
322,321,2826.0,2829.0,250,26,amp250_freq26,12,3.0,3.0,3466.0,3469.0
323,322,2832.0,2835.0,100,26,amp100_freq26,12,3.0,3.0,3472.0,3475.0
324,323,2838.0,2841.0,100,26,amp100_freq26,12,3.0,3.0,3478.0,3481.0
325,324,2844.0,2847.0,100,5,amp100_freq5,12,3.0,3.0,3484.0,3487.0
326,325,2850.0,2853.0,100,5,amp100_freq5,12,3.0,3.0,3490.0,3493.0
327,326,2856.0,2859.0,100,26,amp100_freq26,12,3.0,3.0,3496.0,3499.0
328,327,2862.0,2865.0,250,26,amp250_freq26,12,3.0,3.0,3502.0,3505.0
329,328,2868.0,2871.0,100,5,amp100_freq5,12,3.0,3.0,3508.0,3511.0
330,329,2874.0,2877.0,250,26,amp250_freq26,12,3.0,3.0,3514.0,3517.0
331,330,2880.0,2883.0,100,26,amp100_freq26,12,3.0,3.0,3520.0,3523.0
332,331,2886.0,2889.0,180,5,amp180_freq5,12,3.0,3.0,3526.0,3529.0
333,332,2892.0,2895.0,250,26,amp250_freq26,12,3.0,3.0,3532.0,3535.0
334,333,2898.0,2901.0,250,26,amp250_freq26,12,3.0,3.0,3538.0,3541.0
335,334,2904.0,2907.0,100,5,amp100_freq5,12,3.0,3.0,3544.0,3547.0
336,335,2910.0,2913.0,180,5,amp180_freq5,12,3.0,3.0,3550.0,3553.0
337,336,2916.0,2919.0,250,26,amp250_freq26,12,3.0,3.0,3556.0,3559.0
338,337,2922.0,2925.0,180,5,amp180_freq5,12,3.0,3.0,3562.0,3565.0
339,338,2928.0,2931.0,100,5,amp100_freq5,12,3.0,3.0,3568.0,3571.0
340,339,2934.0,2937.0,180,26,amp180_freq26,12,3.0,3.0,3574.0,3577.0
341,340,2940.0,2943.0,100,5,amp100_freq5,12,3.0,3.0,3580.0,3583.0
342,341,2946.0,2949.0,100,26,amp100_freq26,12,3.0,3.0,3586.0,3589.0
343,342,2952.0,2955.0,250,5,amp250_freq5,12,3.0,3.0,3592.0,3595.0
344,343,2958.0,2961.0,100,5,amp100_freq5,12,3.0,3.0,3598.0,3601.0
345,344,2964.0,2967.0,180,26,amp180_freq26,12,3.0,3.0,3604.0,3607.0
346,345,2970.0,2973.0,180,5,amp180_freq5,12,3.0,3.0,3610.0,3613.0
347,346,2976.0,2979.0,100,5,amp100_freq5,12,3.0,3.0,3616.0,3619.0
348,347,2982.0,2985.0,180,26,amp180_freq26,12,3.0,3.0,3622.0,3625.0
349,348,2988.0,2991.0,180,26,amp180_freq26,12,3.0,3.0,3628.0,3631.0
350,349,2994.0,2997.0,100,26,amp100_freq26,12,3.0,3.0,3634.0,3637.0
351,350,3000.0,3003.0,100,5,amp100_freq5,12,3.0,3.0,3640.0,3643.0
352,351,3006.0,3009.0,250,5,amp250_freq5,12,3.0,3.0,3646.0,3649.0
353,352,3012.0,3015.0,250,26,amp250_freq26,12,3.0,3.0,3652.0,3655.0
354,353,3018.0,3021.0,250,5,amp250_freq5,12,3.0,3.0,3658.0,3661.0
355,354,3024.0,3027.0,100,26,amp100_freq26,12,3.0,3.0,3664.0,3667.0
356,355,3030.0,3033.0,100,5,amp100_freq5,12,3.0,3.0,3670.0,3673.0
357,356,3036.0,3039.0,250,5,amp250_freq5,12,3.0,3.0,3676.0,3679.0
358,357,3042.0,3045.0,250,5,amp250_freq5,12,3.0,3.0,3682.0,3685.0
359,358,3048.0,3051.0,180,26,amp180_freq26,12,3.0,3.0,3688.0,3691.0
360,359,3054.0,3057.0,180,26,amp180_freq26,12,3.0,3.0,3694.0,3697.0
361,360,3060.0,3063.0,100,26,amp100_freq26,12,3.0,3.0,3700.0,3703.0
362,361,3066.0,3069.0,180,26,amp180_freq26,12,3.0,3.0,3706.0,3709.0
363,362,3072.0,3075.0,100,5,amp100_freq5,12,3.0,3.0,3712.0,3715.0
364,363,3078.0,3081.0,100,26,amp100_freq26,12,3.0,3.0,3718.0,3721.0
365,364,3084.0,3087.0,100,5,amp100_freq5,12,3.0,3.0,3724.0,3727.0
366,365,3090.0,3093.0,250,26,amp250_freq26,12,3.0,3.0,3730.0,3733.0
367,366,3096.0,3099.0,100,26,amp100_freq26,12,3.0,3.0,3736.0,3739.0
368,367,3102.0,3105.0,100,5,amp100_freq5,12,3.0,3.0,3742.0,3745.0
369,368,3108.0,3111.0,100,26,amp100_freq26,12,3.0,3.0,3748.0,3751.0
370,369,3114.0,3117.0,100,5,amp100_freq5,12,3.0,3.0,3754.0,3757.0
371,370,3120.0,3123.0,250,26,amp250_freq26,12,3.0,3.0,3760.0,3763.0
372,371,3126.0,3129.0,100,26,amp100_freq26,12,3.0,3.0,3766.0,3769.0
373,372,3132.0,3135.0,100,26,amp100_freq26,12,3.0,3.0,3772.0,3775.0
374,373,3138.0,3141.0,250,5,amp250_freq5,12,3.0,3.0,3778.0,3781.0
375,374,3144.0,3147.0,250,26,amp250_freq26,12,3.0,3.0,3784.0,3787.0
376,375,3150.0,3153.0,180,5,amp180_freq5,12,3.0,3.0,3790.0,3793.0
377,376,3156.0,3159.0,100,26,amp100_freq26,12,3.0,3.0,3796.0,3799.0
378,377,3162.0,3165.0,100,26,amp100_freq26,12,3.0,3.0,3802.0,3805.0
379,378,3168.0,3171.0,180,26,amp180_freq26,12,3.0,3.0,3808.0,3811.0
380,379,3174.0,3177.0,250,5,amp250_freq5,12,3.0,3.0,3814.0,3817.0
381,380,3180.0,3183.0,250,5,amp250_freq5,12,3.0,3.0,3820.0,3823.0
382,381,3186.0,3189.0,180,26,amp180_freq26,12,3.0,3.0,3826.0,3829.0
383,382,3192.0,3195.0,100,5,amp100_freq5,12,3.0,3.0,3832.0,3835.0
384,383,3198.0,3201.0,250,26,amp250_freq26,12,3.0,3.0,3838.0,3841.0
385,384,3204.0,3207.0,180,26,amp180_freq26,12,3.0,3.0,3844.0,3847.0
386,385,3210.0,3213.0,250,26,amp250_freq26,12,3.0,3.0,3850.0,3853.0
387,386,3216.0,3219.0,100,5,amp100_freq5,12,3.0,3.0,3856.0,3859.0
388,387,3222.0,3225.0,180,5,amp180_freq5,12,3.0,3.0,3862.0,3865.0
389,388,3228.0,3231.0,180,26,amp180_freq26,12,3.0,3.0,3868.0,3871.0
390,389,3234.0,3237.0,250,5,amp250_freq5,12,3.0,3.0,3874.0,3877.0
391,390,3240.0,3243.0,100,26,amp100_freq26,12,3.0,3.0,3880.0,3883.0
392,391,3246.0,3249.0,250,26,amp250_freq26,12,3.0,3.0,3886.0,3889.0
393,392,3252.0,3255.0,180,5,amp180_freq5,12,3.0,3.0,3892.0,3895.0
394,393,3258.0,3261.0,180,26,amp180_freq26,12,3.0,3.0,3898.0,3901.0
395,394,3264.0,3267.0,180,5,amp180_freq5,12,3.0,3.0,3904.0,3907.0
396,395,3270.0,3273.0,180,26,amp180_freq26,12,3.0,3.0,3910.0,3913.0
397,396,3276.0,3279.0,250,5,amp250_freq5,12,3.0,3.0,3916.0,3919.0
398,397,3282.0,3285.0,100,5,amp100_freq5,12,3.0,3.0,3922.0,3925.0
399,398,3288.0,3291.0,100,26,amp100_freq26,12,3.0,3.0,3928.0,3931.0
400,399,3294.0,3297.0,250,26,amp250_freq26,12,3.0,3.0,3934.0,3937.0
401,400,3300.0,3303.0,180,26,amp180_freq26,12,3.0,3.0,3940.0,3943.0
402,401,3306.0,3309.0,250,26,amp250_freq26,12,3.0,3.0,3946.0,3949.0
403,402,3312.0,3315.0,100,5,amp100_freq5,12,3.0,3.0,3952.0,3955.0
404,403,3318.0,3321.0,250,5,amp250_freq5,12,3.0,3.0,3958.0,3961.0
405,404,3324.0,3327.0,100,5,amp100_freq5,12,3.0,3.0,3964.0,3967.0
406,405,3330.0,3333.0,250,5,amp250_freq5,12,3.0,3.0,3970.0,3973.0
407,406,3336.0,3339.0,100,26,amp100_freq26,12,3.0,3.0,3976.0,3979.0
408,407,3342.0,3345.0,100,5,amp100_freq5,12,3.0,3.0,3982.0,3985.0
409,408,3348.0,3351.0,100,5,amp100_freq5,12,3.0,3.0,3988.0,3991.0
410,409,3354.0,3357.0,100,26,amp100_freq26,12,3.0,3.0,3994.0,3997.0
411,410,3360.0,3363.0,100,26,amp100_freq26,12,3.0,3.0,4000.0,4003.0
412,411,3366.0,3369.0,180,26,amp180_freq26,12,3.0,3.0,4006.0,4009.0
413,412,3372.0,3375.0,180,5,amp180_freq5,12,3.0,3.0,4012.0,4015.0
414,413,3378.0,3381.0,250,26,amp250_freq26,12,3.0,3.0,4018.0,4021.0
415,414,3384.0,3387.0,250,5,amp250_freq5,12,3.0,3.0,4024.0,4027.0
416,415,3390.0,3393.0,250,26,amp250_freq26,12,3.0,3.0,4030.0,4033.0
417,416,3396.0,3399.0,180,26,amp180_freq26,12,3.0,3.0,4036.0,4039.0
418,417,3402.0,3405.0,250,26,amp250_freq26,12,3.0,3.0,4042.0,4045.0
419,418,3408.0,3411.0,250,26,amp250_freq26,12,3.0,3.0,4048.0,4051.0
420,419,3414.0,3417.0,250,5,amp250_freq5,12,3.0,3.0,4054.0,4057.0
421,420,3420.0,3423.0,180,26,amp180_freq26,12,3.0,3.0,4060.0,4063.0
422,421,3426.0,3429.0,250,26,amp250_freq26,12,3.0,3.0,4066.0,4069.0
423,422,3432.0,3435.0,180,5,amp180_freq5,12,3.0,3.0,4072.0,4075.0
424,423,3438.0,3441.0,250,26,amp250_freq26,12,3.0,3.0,4078.0,4081.0
425,424,3444.0,3447.0,250,26,amp250_freq26,12,3.0,3.0,4084.0,4087.0
426,425,3450.0,3453.0,180,5,amp180_freq5,12,3.0,3.0,4090.0,4093.0
427,426,3456.0,3459.0,250,5,amp250_freq5,12,3.0,3.0,4096.0,4099.0
428,427,3462.0,3465.0,100,26,amp100_freq26,12,3.0,3.0,4102.0,4105.0
429,428,3468.0,3471.0,180,5,amp180_freq5,12,3.0,3.0,4108.0,4111.0
430,429,3474.0,3477.0,100,26,amp100_freq26,12,3.0,3.0,4114.0,4117.0
431,430,3480.0,3483.0,250,5,amp250_freq5,12,3.0,3.0,4120.0,4123.0
432,431,3486.0,3489.0,100,26,amp100_freq26,12,3.0,3.0,4126.0,4129.0
433,432,3492.0,3495.0,100,26,amp100_freq26,12,3.0,3.0,4132.0,4135.0
434,433,3498.0,3501.0,180,26,amp180_freq26,12,3.0,3.0,4138.0,4141.0
435,434,3504.0,3507.0,100,26,amp100_freq26,12,3.0,3.0,4144.0,4147.0
436,435,3510.0,3513.0,250,5,amp250_freq5,12,3.0,3.0,4150.0,4153.0
437,436,3516.0,3519.0,100,26,amp100_freq26,12,3.0,3.0,4156.0,4159.0
438,437,3522.0,3525.0,180,26,amp180_freq26,12,3.0,3.0,4162.0,4165.0
439,438,3528.0,3531.0,180,5,amp180_freq5,12,3.0,3.0,4168.0,4171.0
440,439,3534.0,3537.0,180,5,amp180_freq5,12,3.0,3.0,4174.0,4177.0
441,440,3540.0,3543.0,250,26,amp250_freq26,12,3.0,3.0,4180.0,4183.0
442,441,3546.0,3549.0,180,26,amp180_freq26,12,3.0,3.0,4186.0,4189.0
443,442,3552.0,3555.0,100,5,amp100_freq5,12,3.0,3.0,4192.0,4195.0
444,443,3558.0,3561.0,250,5,amp250_freq5,12,3.0,3.0,4198.0,4201.0
445,444,3564.0,3567.0,180,26,amp180_freq26,12,3.0,3.0,4204.0,4207.0
446,445,3570.0,3573.0,250,5,amp250_freq5,12,3.0,3.0,4210.0,4213.0
447,446,3576.0,3579.0,180,26,amp180_freq26,12,3.0,3.0,4216.0,4219.0
448,447,3582.0,3585.0,180,5,amp180_freq5,12,3.0,3.0,4222.0,4225.0
449,448,3588.0,3591.0,250,26,amp250_freq26,12,3.0,3.0,4228.0,4231.0
450,449,3594.0,3597.0,100,26,amp100_freq26,12,3.0,3.0,4234.0,4237.0
451,450,3600.0,3603.0,100,5,amp100_freq5,12,3.0,3.0,4240.0,4243.0
452,451,3606.0,3609.0,180,5,amp180_freq5,12,3.0,3.0,4246.0,4249.0
453,452,3612.0,3615.0,100,26,amp100_freq26,12,3.0,3.0,4252.0,4255.0
454,453,3618.0,3621.0,250,26,amp250_freq26,12,3.0,3.0,4258.0,4261.0
455,454,3624.0,3627.0,250,5,amp250_freq5,12,3.0,3.0,4264.0,4267.0
456,455,3630.0,3633.0,250,5,amp250_freq5,12,3.0,3.0,4270.0,4273.0
457,456,3636.0,3639.0,250,26,amp250_freq26,12,3.0,3.0,4276.0,4279.0
458,457,3642.0,3645.0,180,5,amp180_freq5,12,3.0,3.0,4282.0,4285.0
459,458,3648.0,3651.0,180,26,amp180_freq26,12,3.0,3.0,4288.0,4291.0
460,459,3654.0,3657.0,250,26,amp250_freq26,12,3.0,3.0,4294.0,4297.0
461,460,3660.0,3663.0,100,26,amp100_freq26,12,3.0,3.0,4300.0,4303.0
462,461,3666.0,3669.0,180,26,amp180_freq26,12,3.0,3.0,4306.0,4309.0
463,462,3672.0,3675.0,100,5,amp100_freq5,12,3.0,3.0,4312.0,4315.0
464,463,3678.0,3681.0,250,26,amp250_freq26,12,3.0,3.0,4318.0,4321.0
465,464,3684.0,3687.0,250,26,amp250_freq26,12,3.0,3.0,4324.0,4327.0
466,465,3690.0,3693.0,180,26,amp180_freq26,12,3.0,3.0,4330.0,4333.0
467,466,3696.0,3699.0,180,26,amp180_freq26,12,3.0,3.0,4336.0,4339.0
468,467,3702.0,3705.0,100,5,amp100_freq5,12,3.0,3.0,4342.0,4345.0
469,468,3708.0,3711.0,250,26,amp250_freq26,12,3.0,3.0,4348.0,4351.0
470,469,3714.0,3717.0,180,5,amp180_freq5,12,3.0,3.0,4354.0,4357.0
471,470,3720.0,3723.0,180,5,amp180_freq5,12,3.0,3.0,4360.0,4363.0
472,471,3726.0,3729.0,180,26,amp180_freq26,12,3.0,3.0,4366.0,4369.0
473,472,3732.0,3735.0,250,26,amp250_freq26,12,3.0,3.0,4372.0,4375.0
474,473,3738.0,3741.0,100,5,amp100_freq5,12,3.0,3.0,4378.0,4381.0
475,474,3744.0,3747.0,180,5,amp180_freq5,12,3.0,3.0,4384.0,4387.0
476,475,3750.0,3753.0,250,26,amp250_freq26,12,3.0,3.0,4390.0,4393.0
477,476,3756.0,3759.0,250,5,amp250_freq5,12,3.0,3.0,4396.0,4399.0
478,477,3762.0,3765.0,180,5,amp180_freq5,12,3.0,3.0,4402.0,4405.0
479,478,3768.0,3771.0,180,5,amp180_freq5,12,3.0,3.0,4408.0,4411.0
480,479,3774.0,3777.0,250,5,amp250_freq5,12,3.0,3.0,4414.0,4417.0
481,480,3780.0,3783.0,100,5,amp100_freq5,12,3.0,3.0,4420.0,4423.0
482,481,3786.0,3789.0,180,26,amp180_freq26,12,3.0,3.0,4426.0,4429.0
483,482,3792.0,3795.0,180,5,amp180_freq5,12,3.0,3.0,4432.0,4435.0
484,483,3798.0,3801.0,250,5,amp250_freq5,12,3.0,3.0,4438.0,4441.0
485,484,3804.0,3807.0,180,5,amp180_freq5,12,3.0,3.0,4444.0,4447.0
486,485,3810.0,3813.0,100,5,amp100_freq5,12,3.0,3.0,4450.0,4453.0
487,486,3816.0,3819.0,180,26,amp180_freq26,12,3.0,3.0,4456.0,4459.0
488,487,3822.0,3825.0,100,26,amp100_freq26,12,3.0,3.0,4462.0,4465.0
489,488,3828.0,3831.0,100,5,amp100_freq5,12,3.0,3.0,4468.0,4471.0
490,489,3834.0,3837.0,180,5,amp180_freq5,12,3.0,3.0,4474.0,4477.0
491,490,3840.0,3843.0,180,26,amp180_freq26,12,3.0,3.0,4480.0,4483.0
492,491,3846.0,3849.0,180,5,amp180_freq5,12,3.0,3.0,4486.0,4489.0
493,492,3852.0,3855.0,250,5,amp250_freq5,12,3.0,3.0,4492.0,4495.0
494,493,3858.0,3861.0,100,26,amp100_freq26,12,3.0,3.0,4498.0,4501.0
495,494,3864.0,3867.0,100,5,amp100_freq5,12,3.0,3.0,4504.0,4507.0
496,495,3870.0,3873.0,180,26,amp180_freq26,12,3.0,3.0,4510.0,4513.0
497,496,3876.0,3879.0,180,5,amp180_freq5,12,3.0,3.0,4516.0,4519.0
498,497,3882.0,3885.0,250,5,amp250_freq5,12,3.0,3.0,4522.0,4525.0
499,498,3888.0,3891.0,250,5,amp250_freq5,12,3.0,3.0,4528.0,4531.0
500,499,3894.0,3897.0,250,26,amp250_freq26,12,3.0,3.0,4534.0,4537.0
501,500,3900.0,3903.0,100,26,amp100_freq26,12,3.0,3.0,4540.0,4543.0
502,501,3906.0,3909.0,250,26,amp250_freq26,12,3.0,3.0,4546.0,4549.0
503,502,3912.0,3915.0,180,5,amp180_freq5,12,3.0,3.0,4552.0,4555.0
504,503,3918.0,3921.0,100,26,amp100_freq26,12,3.0,3.0,4558.0,4561.0
505,504,3924.0,3927.0,100,26,amp100_freq26,12,3.0,3.0,4564.0,4567.0
506,505,3930.0,3933.0,180,5,amp180_freq5,12,3.0,3.0,4570.0,4573.0
507,506,3936.0,3939.0,100,26,amp100_freq26,12,3.0,3.0,4576.0,4579.0
508,507,3942.0,3945.0,180,26,amp180_freq26,12,3.0,3.0,4582.0,4585.0
509,508,3948.0,3951.0,100,5,amp100_freq5,12,3.0,3.0,4588.0,4591.0
510,509,3954.0,3957.0,250,26,amp250_freq26,12,3.0,3.0,4594.0,4597.0
511,510,3960.0,3963.0,100,26,amp100_freq26,12,3.0,3.0,4600.0,4603.0
512,511,3966.0,3969.0,100,5,amp100_freq5,12,3.0,3.0,4606.0,4609.0
513,512,3972.0,3975.0,250,5,amp250_freq5,12,3.0,3.0,4612.0,4615.0
514,513,3978.0,3981.0,180,26,amp180_freq26,12,3.0,3.0,4618.0,4621.0
515,514,3984.0,3987.0,100,5,amp100_freq5,12,3.0,3.0,4624.0,4627.0
516,515,3990.0,3993.0,250,26,amp250_freq26,12,3.0,3.0,4630.0,4633.0
517,516,3996.0,3999.0,100,5,amp100_freq5,12,3.0,3.0,4636.0,4639.0
518,517,4002.0,4005.0,100,26,amp100_freq26,12,3.0,3.0,4642.0,4645.0
519,518,4008.0,4011.0,250,26,amp250_freq26,12,3.0,3.0,4648.0,4651.0
520,519,4014.0,4017.0,180,26,amp180_freq26,12,3.0,3.0,4654.0,4657.0
521,520,4020.0,4023.0,180,5,amp180_freq5,12,3.0,3.0,4660.0,4663.0
522,521,4026.0,4029.0,100,26,amp100_freq26,12,3.0,3.0,4666.0,4669.0
523,522,4032.0,4035.0,100,26,amp100_freq26,12,3.0,3.0,4672.0,4675.0
524,523,4038.0,4041.0,180,5,amp180_freq5,12,3.0,3.0,4678.0,4681.0
525,524,4044.0,4047.0,180,5,amp180_freq5,12,3.0,3.0,4684.0,4687.0
526,525,4050.0,4053.0,180,26,amp180_freq26,12,3.0,3.0,4690.0,4693.0
527,526,4056.0,4059.0,100,5,amp100_freq5,12,3.0,3.0,4696.0,4699.0
528,527,4062.0,4065.0,250,5,amp250_freq5,12,3.0,3.0,4702.0,4705.0
529,528,4068.0,4071.0,250,5,amp250_freq5,12,3.0,3.0,4708.0,4711.0
530,529,4074.0,4077.0,250,26,amp250_freq26,12,3.0,3.0,4714.0,4717.0
531,530,4080.0,4083.0,100,26,amp100_freq26,12,3.0,3.0,4720.0,4723.0
532,531,4086.0,4089.0,180,5,amp180_freq5,12,3.0,3.0,4726.0,4729.0
533,532,4092.0,4095.0,100,26,amp100_freq26,12,3.0,3.0,4732.0,4735.0
534,533,4098.0,4101.0,100,5,amp100_freq5,12,3.0,3.0,4738.0,4741.0
535,534,4104.0,4107.0,100,26,amp100_freq26,12,3.0,3.0,4744.0,4747.0
536,535,4110.0,4113.0,100,5,amp100_freq5,12,3.0,3.0,4750.0,4753.0
537,536,4116.0,4119.0,250,26,amp250_freq26,12,3.0,3.0,4756.0,4759.0
538,537,4122.0,4125.0,250,5,amp250_freq5,12,3.0,3.0,4762.0,4765.0
539,538,4128.0,4131.0,100,5,amp100_freq5,12,3.0,3.0,4768.0,4771.0
540,539,4134.0,4137.0,100,26,amp100_freq26,12,3.0,3.0,4774.0,4777.0
541,540,4140.0,4143.0,180,5,amp180_freq5,12,3.0,3.0,4780.0,4783.0
542,541,4146.0,4149.0,250,5,amp250_freq5,12,3.0,3.0,4786.0,4789.0
543,542,4152.0,4155.0,100,26,amp100_freq26,12,3.0,3.0,4792.0,4795.0
544,543,4158.0,4161.0,180,5,amp180_freq5,12,3.0,3.0,4798.0,4801.0
545,544,4164.0,4167.0,100,5,amp100_freq5,12,3.0,3.0,4804.0,4807.0
546,545,4170.0,4173.0,180,26,amp180_freq26,12,3.0,3.0,4810.0,4813.0
547,546,4176.0,4179.0,100,5,amp100_freq5,12,3.0,3.0,4816.0,4819.0
548,547,4182.0,4185.0,180,26,amp180_freq26,12,3.0,3.0,4822.0,4825.0
549,548,4188.0,4191.0,180,5,amp180_freq5,12,3.0,3.0,4828.0,4831.0
550,549,4194.0,4197.0,250,5,amp250_freq5,12,3.0,3.0,4834.0,4837.0
551,550,4200.0,4203.0,100,5,amp100_freq5,12,3.0,3.0,4840.0,4843.0
552,551,4206.0,4209.0,180,5,amp180_freq5,12,3.0,3.0,4846.0,4849.0
553,552,4212.0,4215.0,180,5,amp180_freq5,12,3.0,3.0,4852.0,4855.0
554,553,4218.0,4221.0,250,5,amp250_freq5,12,3.0,3.0,4858.0,4861.0
555,554,4224.0,4227.0,250,26,amp250_freq26,12,3.0,3.0,4864.0,4867.0
556,555,4230.0,4233.0,100,5,amp100_freq5,12,3.0,3.0,4870.0,4873.0
557,556,4236.0,4239.0,250,5,amp250_freq5,12,3.0,3.0,4876.0,4879.0
558,557,4242.0,4245.0,180,26,amp180_freq26,12,3.0,3.0,4882.0,4885.0
559,558,4248.0,4251.0,250,5,amp250_freq5,12,3.0,3.0,4888.0,4891.0
560,559,4254.0,4257.0,100,26,amp100_freq26,12,3.0,3.0,4894.0,4897.0
561,560,4260.0,4263.0,180,26,amp180_freq26,12,3.0,3.0,4900.0,4903.0
562,561,4266.0,4269.0,180,5,amp180_freq5,12,3.0,3.0,4906.0,4909.0
563,562,4272.0,4275.0,100,26,amp100_freq26,12,3.0,3.0,4912.0,4915.0
564,563,4278.0,4281.0,180,26,amp180_freq26,12,3.0,3.0,4918.0,4921.0
565,564,4284.0,4287.0,100,26,amp100_freq26,12,3.0,3.0,4924.0,4927.0
566,565,4290.0,4293.0,180,5,amp180_freq5,12,3.0,3.0,4930.0,4933.0
567,566,4296.0,4299.0,100,5,amp100_freq5,12,3.0,3.0,4936.0,4939.0
568,567,4302.0,4305.0,250,5,amp250_freq5,12,3.0,3.0,4942.0,4945.0
569,568,4308.0,4311.0,180,26,amp180_freq26,12,3.0,3.0,4948.0,4951.0
570,569,4314.0,4317.0,250,26,amp250_freq26,12,3.0,3.0,4954.0,4957.0
571,570,4320.0,4323.0,180,5,amp180_freq5,12,3.0,3.0,4960.0,4963.0
572,571,4326.0,4329.0,180,5,amp180_freq5,12,3.0,3.0,4966.0,4969.0
573,572,4332.0,4335.0,250,5,amp250_freq5,12,3.0,3.0,4972.0,4975.0
574,573,4338.0,4341.0,100,26,amp100_freq26,12,3.0,3.0,4978.0,4981.0
575,574,4344.0,4347.0,100,26,amp100_freq26,12,3.0,3.0,4984.0,4987.0
576,575,4350.0,4353.0,180,5,amp180_freq5,12,3.0,3.0,4990.0,4993.0
577,576,4356.0,4359.0,100,26,amp100_freq26,12,3.0,3.0,4996.0,4999.0
578,577,4362.0,4365.0,180,5,amp180_freq5,12,3.0,3.0,5002.0,5005.0
579,578,4368.0,4371.0,180,26,amp180_freq26,12,3.0,3.0,5008.0,5011.0
580,579,4374.0,4377.0,180,26,amp180_freq26,12,3.0,3.0,5014.0,5017.0
581,580,4380.0,4383.0,180,5,amp180_freq5,12,3.0,3.0,5020.0,5023.0
582,581,4386.0,4389.0,250,26,amp250_freq26,12,3.0,3.0,5026.0,5029.0
583,582,4392.0,4395.0,100,26,amp100_freq26,12,3.0,3.0,5032.0,5035.0
584,583,4398.0,4401.0,250,26,amp250_freq26,12,3.0,3.0,5038.0,5041.0
585,584,4404.0,4407.0,250,5,amp250_freq5,12,3.0,3.0,5044.0,5047.0
586,585,4410.0,4413.0,100,5,amp100_freq5,12,3.0,3.0,5050.0,5053.0
587,586,4416.0,4419.0,100,26,amp100_freq26,12,3.0,3.0,5056.0,5059.0
588,587,4422.0,4425.0,250,26,amp250_freq26,12,3.0,3.0,5062.0,5065.0
589,588,4428.0,4431.0,250,26,amp250_freq26,12,3.0,3.0,5068.0,5071.0
590,589,4434.0,4437.0,100,5,amp100_freq5,12,3.0,3.0,5074.0,5077.0
591,590,4440.0,4443.0,250,5,amp250_freq5,12,3.0,3.0,5080.0,5083.0
592,591,4446.0,4449.0,100,5,amp100_freq5,12,3.0,3.0,5086.0,5089.0
593,592,4452.0,4455.0,100,5,amp100_freq5,12,3.0,3.0,5092.0,5095.0
594,593,4458.0,4461.0,250,5,amp250_freq5,12,3.0,3.0,5098.0,5101.0
595,594,4464.0,4467.0,250,5,amp250_freq5,12,3.0,3.0,5104.0,5107.0
596,595,4470.0,4473.0,100,26,amp100_freq26,12,3.0,3.0,5110.0,5113.0
597,596,4476.0,4479.0,250,5,amp250_freq5,12,3.0,3.0,5116.0,5119.0
598,597,4482.0,4485.0,250,5,amp250_freq5,12,3.0,3.0,5122.0,5125.0
599,598,4488.0,4491.0,250,5,amp250_freq5,12,3.0,3.0,5128.0,5131.0
600,599,4494.0,4497.0,180,5,amp180_freq5,12,3.0,3.0,5134.0,5137.0
601,600,4500.0,4503.0,250,26,amp250_freq26,12,3.0,3.0,5140.0,5143.0
602,601,4506.0,4509.0,180,26,amp180_freq26,12,3.0,3.0,5146.0,5149.0
603,602,4512.0,4515.0,100,26,amp100_freq26,12,3.0,3.0,5152.0,5155.0
604,603,4518.0,4521.0,100,26,amp100_freq26,12,3.0,3.0,5158.0,5161.0
605,604,4524.0,4527.0,250,5,amp250_freq5,12,3.0,3.0,5164.0,5167.0
606,605,4530.0,4533.0,250,5,amp250_freq5,12,3.0,3.0,5170.0,5173.0
607,606,4536.0,4539.0,180,5,amp180_freq5,12,3.0,3.0,5176.0,5179.0
608,607,4542.0,4545.0,250,5,amp250_freq5,12,3.0,3.0,5182.0,5185.0
609,608,4548.0,4551.0,180,5,amp180_freq5,12,3.0,3.0,5188.0,5191.0
610,609,4554.0,4557.0,100,26,amp100_freq26,12,3.0,3.0,5194.0,5197.0
611,610,4560.0,4563.0,180,5,amp180_freq5,12,3.0,3.0,5200.0,5203.0
612,611,4566.0,4569.0,250,26,amp250_freq26,12,3.0,3.0,5206.0,5209.0
613,612,4572.0,4575.0,100,5,amp100_freq5,12,3.0,3.0,5212.0,5215.0
614,613,4578.0,4581.0,100,26,amp100_freq26,12,3.0,3.0,5218.0,5221.0
615,614,4584.0,4587.0,180,26,amp180_freq26,12,3.0,3.0,5224.0,5227.0
616,615,4590.0,4593.0,100,26,amp100_freq26,12,3.0,3.0,5230.0,5233.0
617,616,4596.0,4599.0,250,26,amp250_freq26,12,3.0,3.0,5236.0,5239.0
618,617,4602.0,4605.0,250,5,amp250_freq5,12,3.0,3.0,5242.0,5245.0
619,618,4608.0,4611.0,250,26,amp250_freq26,12,3.0,3.0,5248.0,5251.0
620,619,4614.0,4617.0,100,26,amp100_freq26,12,3.0,3.0,5254.0,5257.0
621,620,4620.0,4623.0,250,26,amp250_freq26,12,3.0,3.0,5260.0,5263.0
622,621,4626.0,4629.0,100,5,amp100_freq5,12,3.0,3.0,5266.0,5269.0
623,622,4632.0,4635.0,180,26,amp180_freq26,12,3.0,3.0,5272.0,5275.0
624,623,4638.0,4641.0,250,5,amp250_freq5,12,3.0,3.0,5278.0,5281.0
625,624,4644.0,4647.0,250,26,amp250_freq26,12,3.0,3.0,5284.0,5287.0
626,625,4650.0,4653.0,180,5,amp180_freq5,12,3.0,3.0,5290.0,5293.0
627,626,4656.0,4659.0,100,5,amp100_freq5,12,3.0,3.0,5296.0,5299.0
628,627,4662.0,4665.0,250,26,amp250_freq26,12,3.0,3.0,5302.0,5305.0
629,628,4668.0,4671.0,100,26,amp100_freq26,12,3.0,3.0,5308.0,5311.0
630,629,4674.0,4677.0,180,26,amp180_freq26,12,3.0,3.0,5314.0,5317.0
631,630,4680.0,4683.0,100,5,amp100_freq5,12,3.0,3.0,5320.0,5323.0
632,631,4686.0,4689.0,100,5,amp100_freq5,12,3.0,3.0,5326.0,5329.0
633,632,4692.0,4695.0,100,5,amp100_freq5,12,3.0,3.0,5332.0,5335.0
634,633,4698.0,4701.0,100,26,amp100_freq26,12,3.0,3.0,5338.0,5341.0
635,634,4704.0,4707.0,180,5,amp180_freq5,12,3.0,3.0,5344.0,5347.0
636,635,4710.0,4713.0,100,26,amp100_freq26,12,3.0,3.0,5350.0,5353.0
637,636,4716.0,4719.0,180,5,amp180_freq5,12,3.0,3.0,5356.0,5359.0
638,637,4722.0,4725.0,180,26,amp180_freq26,12,3.0,3.0,5362.0,5365.0
639,638,4728.0,4731.0,250,26,amp250_freq26,12,3.0,3.0,5368.0,5371.0
640,639,4734.0,4737.0,250,26,amp250_freq26,12,3.0,3.0,5374.0,5377.0
641,640,4740.0,4743.0,250,5,amp250_freq5,12,3.0,3.0,5380.0,5383.0
642,641,4746.0,4749.0,100,5,amp100_freq5,12,3.0,3.0,5386.0,5389.0
643,642,4752.0,4755.0,180,26,amp180_freq26,12,3.0,3.0,5392.0,5395.0
644,643,4758.0,4761.0,250,26,amp250_freq26,12,3.0,3.0,5398.0,5401.0
645,644,4764.0,4767.0,100,5,amp100_freq5,12,3.0,3.0,5404.0,5407.0
646,645,4770.0,4773.0,100,5,amp100_freq5,12,3.0,3.0,5410.0,5413.0
647,646,4776.0,4779.0,250,5,amp250_freq5,12,3.0,3.0,5416.0,5419.0
648,647,4782.0,4785.0,100,26,amp100_freq26,12,3.0,3.0,5422.0,5425.0
649,648,4788.0,4791.0,100,5,amp100_freq5,12,3.0,3.0,5428.0,5431.0
650,649,4794.0,4797.0,100,26,amp100_freq26,12,3.0,3.0,5434.0,5437.0
651,650,4800.0,4803.0,250,26,amp250_freq26,12,3.0,3.0,5440.0,5443.0
652,651,4806.0,4809.0,180,5,amp180_freq5,12,3.0,3.0,5446.0,5449.0
653,652,4812.0,4815.0,250,5,amp250_freq5,12,3.0,3.0,5452.0,5455.0
654,653,4818.0,4821.0,180,26,amp180_freq26,12,3.0,3.0,5458.0,5461.0
655,654,4824.0,4827.0,100,5,amp100_freq5,12,3.0,3.0,5464.0,5467.0
656,655,4830.0,4833.0,100,26,amp100_freq26,12,3.0,3.0,5470.0,5473.0
657,656,4836.0,4839.0,180,5,amp180_freq5,12,3.0,3.0,5476.0,5479.0
658,657,4842.0,4845.0,250,5,amp250_freq5,12,3.0,3.0,5482.0,5485.0
659,658,4848.0,4851.0,180,26,amp180_freq26,12,3.0,3.0,5488.0,5491.0
660,659,4854.0,4857.0,100,26,amp100_freq26,12,3.0,3.0,5494.0,5497.0
661,660,4860.0,4863.0,180,5,amp180_freq5,12,3.0,3.0,5500.0,5503.0
662,661,4866.0,4869.0,250,26,amp250_freq26,12,3.0,3.0,5506.0,5509.0
663,662,4872.0,4875.0,180,26,amp180_freq26,12,3.0,3.0,5512.0,5515.0
664,663,4878.0,4881.0,180,5,amp180_freq5,12,3.0,3.0,5518.0,5521.0
665,664,4884.0,4887.0,250,26,amp250_freq26,12,3.0,3.0,5524.0,5527.0
666,665,4890.0,4893.0,100,26,amp100_freq26,12,3.0,3.0,5530.0,5533.0
667,666,4896.0,4899.0,100,5,amp100_freq5,12,3.0,3.0,5536.0,5539.0
668,667,4902.0,4905.0,180,26,amp180_freq26,12,3.0,3.0,5542.0,5545.0
669,668,4908.0,4911.0,180,26,amp180_freq26,12,3.0,3.0,5548.0,5551.0
670,669,4914.0,4917.0,100,26,amp100_freq26,12,3.0,3.0,5554.0,5557.0
671,670,4920.0,4923.0,100,5,amp100_freq5,12,3.0,3.0,5560.0,5563.0
672,671,4926.0,4929.0,100,5,amp100_freq5,12,3.0,3.0,5566.0,5569.0
673,672,4932.0,4935.0,250,5,amp250_freq5,12,3.0,3.0,5572.0,5575.0
674,673,4938.0,4941.0,180,26,amp180_freq26,12,3.0,3.0,5578.0,5581.0
675,674,4944.0,4947.0,180,5,amp180_freq5,12,3.0,3.0,5584.0,5587.0
676,675,4950.0,4953.0,100,26,amp100_freq26,12,3.0,3.0,5590.0,5593.0
677,676,4956.0,4959.0,250,26,amp250_freq26,12,3.0,3.0,5596.0,5599.0
678,677,4962.0,4965.0,100,5,amp100_freq5,12,3.0,3.0,5602.0,5605.0
679,678,4968.0,4971.0,250,26,amp250_freq26,12,3.0,3.0,5608.0,5611.0
680,679,4974.0,4977.0,250,5,amp250_freq5,12,3.0,3.0,5614.0,5617.0
681,680,4980.0,4983.0,180,26,amp180_freq26,12,3.0,3.0,5620.0,5623.0
682,681,4986.0,4989.0,180,26,amp180_freq26,12,3.0,3.0,5626.0,5629.0
683,682,4992.0,4995.0,250,5,amp250_freq5,12,3.0,3.0,5632.0,5635.0
684,683,4998.0,5001.0,250,5,amp250_freq5,12,3.0,3.0,5638.0,5641.0
685,684,5004.0,5007.0,180,5,amp180_freq5,12,3.0,3.0,5644.0,5647.0
686,685,5010.0,5013.0,100,26,amp100_freq26,12,3.0,3.0,5650.0,5653.0
687,686,5016.0,5019.0,100,5,amp100_freq5,12,3.0,3.0,5656.0,5659.0
688,687,5022.0,5025.0,100,26,amp100_freq26,12,3.0,3.0,5662.0,5665.0
689,688,5028.0,5031.0,100,26,amp100_freq26,12,3.0,3.0,5668.0,5671.0
690,689,5034.0,5037.0,180,5,amp180_freq5,12,3.0,3.0,5674.0,5677.0
691,690,5040.0,5043.0,250,26,amp250_freq26,12,3.0,3.0,5680.0,5683.0
692,691,5046.0,5049.0,100,26,amp100_freq26,12,3.0,3.0,5686.0,5689.0
693,692,5052.0,5055.0,100,26,amp100_freq26,12,3.0,3.0,5692.0,5695.0
694,693,5058.0,5061.0,180,26,amp180_freq26,12,3.0,3.0,5698.0,5701.0
695,694,5064.0,5067.0,180,5,amp180_freq5,12,3.0,3.0,5704.0,5707.0
696,695,5070.0,5073.0,180,26,amp180_freq26,12,3.0,3.0,5710.0,5713.0
697,696,5076.0,5079.0,100,26,amp100_freq26,12,3.0,3.0,5716.0,5719.0
698,697,5082.0,5085.0,100,5,amp100_freq5,12,3.0,3.0,5722.0,5725.0
699,698,5088.0,5091.0,250,5,amp250_freq5,12,3.0,3.0,5728.0,5731.0
700,699,5094.0,5097.0,100,26,amp100_freq26,12,3.0,3.0,5734.0,5737.0
701,700,5100.0,5103.0,250,5,amp250_freq5,12,3.0,3.0,5740.0,5743.0
702,701,5106.0,5109.0,250,26,amp250_freq26,12,3.0,3.0,5746.0,5749.0
703,702,5112.0,5115.0,180,5,amp180_freq5,12,3.0,3.0,5752.0,5755.0
704,703,5118.0,5121.0,180,5,amp180_freq5,12,3.0,3.0,5758.0,5761.0
705,704,5124.0,5127.0,100,5,amp100_freq5,12,3.0,3.0,5764.0,5767.0
706,705,5130.0,5133.0,180,26,amp180_freq26,12,3.0,3.0,5770.0,5773.0
707,706,5136.0,5139.0,250,26,amp250_freq26,12,3.0,3.0,5776.0,5779.0
708,707,5142.0,5145.0,100,5,amp100_freq5,12,3.0,3.0,5782.0,5785.0
709,708,5148.0,5151.0,180,5,amp180_freq5,12,3.0,3.0,5788.0,5791.0
710,709,5154.0,5157.0,250,5,amp250_freq5,12,3.0,3.0,5794.0,5797.0
711,710,5160.0,5163.0,250,5,amp250_freq5,12,3.0,3.0,5800.0,5803.0
712,711,5166.0,5169.0,180,26,amp180_freq26,12,3.0,3.0,5806.0,5809.0
713,712,5172.0,5175.0,250,5,amp250_freq5,12,3.0,3.0,5812.0,5815.0
714,713,5178.0,5181.0,100,5,amp100_freq5,12,3.0,3.0,5818.0,5821.0
715,714,5184.0,5187.0,250,26,amp250_freq26,12,3.0,3.0,5824.0,5827.0
716,715,5190.0,5193.0,180,26,amp180_freq26,12,3.0,3.0,5830.0,5833.0
717,716,5196.0,5199.0,250,26,amp250_freq26,12,3.0,3.0,5836.0,5839.0
718,717,5202.0,5205.0,250,5,amp250_freq5,12,3.0,3.0,5842.0,5845.0
719,718,5208.0,5211.0,180,26,amp180_freq26,12,3.0,3.0,5848.0,5851.0
720,719,5214.0,5217.0,100,26,amp100_freq26,12,3.0,3.0,5854.0,5857.0
721,720,5220.0,5223.0,180,26,amp180_freq26,12,3.0,3.0,5860.0,5863.0
722,721,5226.0,5229.0,180,5,amp180_freq5,12,3.0,3.0,5866.0,5869.0
723,722,5232.0,5235.0,180,26,amp180_freq26,12,3.0,3.0,5872.0,5875.0
724,723,5238.0,5241.0,180,5,amp180_freq5,12,3.0,3.0,5878.0,5881.0
725,724,5244.0,5247.0,180,26,amp180_freq26,12,3.0,3.0,5884.0,5887.0
726,725,5250.0,5253.0,180,26,amp180_freq26,12,3.0,3.0,5890.0,5893.0
727,726,5256.0,5259.0,250,5,amp250_freq5,12,3.0,3.0,5896.0,5899.0
728,727,5262.0,5265.0,250,26,amp250_freq26,12,3.0,3.0,5902.0,5905.0
729,728,5268.0,5271.0,250,26,amp250_freq26,12,3.0,3.0,5908.0,5911.0
730,729,5274.0,5277.0,250,26,amp250_freq26,12,3.0,3.0,5914.0,5917.0
731,730,5280.0,5283.0,180,5,amp180_freq5,12,3.0,3.0,5920.0,5923.0
732,731,5286.0,5289.0,250,5,amp250_freq5,12,3.0,3.0,5926.0,5929.0
733,732,5292.0,5295.0,100,5,amp100_freq5,12,3.0,3.0,5932.0,5935.0
734,733,5298.0,5301.0,100,26,amp100_freq26,12,3.0,3.0,5938.0,5941.0
735,734,5304.0,5307.0,100,26,amp100_freq26,12,3.0,3.0,5944.0,5947.0
736,735,5310.0,5313.0,250,26,amp250_freq26,12,3.0,3.0,5950.0,5953.0
737,736,5316.0,5319.0,100,26,amp100_freq26,12,3.0,3.0,5956.0,5959.0
738,737,5322.0,5325.0,100,5,amp100_freq5,12,3.0,3.0,5962.0,5965.0
739,738,5328.0,5331.0,180,5,amp180_freq5,12,3.0,3.0,5968.0,5971.0
740,739,5334.0,5337.0,180,5,amp180_freq5,12,3.0,3.0,5974.0,5977.0
741,740,5340.0,5343.0,100,5,amp100_freq5,12,3.0,3.0,5980.0,5983.0
742,741,5346.0,5349.0,180,5,amp180_freq5,12,3.0,3.0,5986.0,5989.0
743,742,5352.0,5355.0,250,26,amp250_freq26,12,3.0,3.0,5992.0,5995.0
744,743,5358.0,5361.0,250,5,amp250_freq5,12,3.0,3.0,5998.0,6001.0
745,744,5364.0,5367.0,100,5,amp100_freq5,12,3.0,3.0,6004.0,6007.0
746,745,5370.0,5373.0,250,5,amp250_freq5,12,3.0,3.0,6010.0,6013.0
747,746,5376.0,5379.0,250,26,amp250_freq26,12,3.0,3.0,6016.0,6019.0
748,747,5382.0,5385.0,250,26,amp250_freq26,12,3.0,3.0,6022.0,6025.0
749,748,5388.0,5391.0,250,5,amp250_freq5,12,3.0,3.0,6028.0,6031.0
750,749,5394.0,5397.0,180,5,amp180_freq5,12,3.0,3.0,6034.0,6037.0
751,750,5400.0,5403.0,250,5,amp250_freq5,12,3.0,3.0,6040.0,6043.0
752,751,5406.0,5409.0,250,26,amp250_freq26,12,3.0,3.0,6046.0,6049.0
753,752,5412.0,5415.0,250,26,amp250_freq26,12,3.0,3.0,6052.0,6055.0
754,753,5418.0,5421.0,100,5,amp100_freq5,12,3.0,3.0,6058.0,6061.0
755,754,5424.0,5427.0,250,26,amp250_freq26,12,3.0,3.0,6064.0,6067.0
756,755,5430.0,5433.0,100,26,amp100_freq26,12,3.0,3.0,6070.0,6073.0
757,756,5436.0,5439.0,100,26,amp100_freq26,12,3.0,3.0,6076.0,6079.0
758,757,5442.0,5445.0,250,26,amp250_freq26,12,3.0,3.0,6082.0,6085.0
759,758,5448.0,5451.0,100,26,amp100_freq26,12,3.0,3.0,6088.0,6091.0
760,759,5454.0,5457.0,100,26,amp100_freq26,12,3.0,3.0,6094.0,6097.0
761,760,5460.0,5463.0,180,26,amp180_freq26,12,3.0,3.0,6100.0,6103.0
762,761,5466.0,5469.0,250,5,amp250_freq5,12,3.0,3.0,6106.0,6109.0
763,762,5472.0,5475.0,100,5,amp100_freq5,12,3.0,3.0,6112.0,6115.0
764,763,5478.0,5481.0,250,26,amp250_freq26,12,3.0,3.0,6118.0,6121.0
765,764,5484.0,5487.0,250,5,amp250_freq5,12,3.0,3.0,6124.0,6127.0
766,765,5490.0,5493.0,100,5,amp100_freq5,12,3.0,3.0,6130.0,6133.0
767,766,5496.0,5499.0,180,26,amp180_freq26,12,3.0,3.0,6136.0,6139.0
768,767,5502.0,5505.0,180,5,amp180_freq5,12,3.0,3.0,6142.0,6145.0
769,768,5508.0,5511.0,180,5,amp180_freq5,12,3.0,3.0,6148.0,6151.0
770,769,5514.0,5517.0,180,26,amp180_freq26,12,3.0,3.0,6154.0,6157.0
771,770,5520.0,5523.0,180,5,amp180_freq5,12,3.0,3.0,6160.0,6163.0
772,771,5526.0,5529.0,180,26,amp180_freq26,12,3.0,3.0,6166.0,6169.0
773,772,5532.0,5535.0,180,5,amp180_freq5,12,3.0,3.0,6172.0,6175.0
774,773,5538.0,5541.0,180,5,amp180_freq5,12,3.0,3.0,6178.0,6181.0
775,774,5544.0,5547.0,180,5,amp180_freq5,12,3.0,3.0,6184.0,6187.0
776,775,5550.0,5553.0,100,26,amp100_freq26,12,3.0,3.0,6190.0,6193.0
777,776,5556.0,5559.0,100,5,amp100_freq5,12,3.0,3.0,6196.0,6199.0
778,777,5562.0,5565.0,250,5,amp250_freq5,12,3.0,3.0,6202.0,6205.0
779,778,5568.0,5571.0,100,5,amp100_freq5,12,3.0,3.0,6208.0,6211.0
780,779,5574.0,5577.0,180,26,amp180_freq26,12,3.0,3.0,6214.0,6217.0
781,780,5580.0,5583.0,250,26,amp250_freq26,12,3.0,3.0,6220.0,6223.0
782,781,5586.0,5589.0,250,26,amp250_freq26,12,3.0,3.0,6226.0,6229.0
783,782,5592.0,5595.0,100,5,amp100_freq5,12,3.0,3.0,6232.0,6235.0
784,783,5598.0,5601.0,180,26,amp180_freq26,12,3.0,3.0,6238.0,6241.0
785,784,5604.0,5607.0,250,5,amp250_freq5,12,3.0,3.0,6244.0,6247.0
786,785,5610.0,5613.0,180,26,amp180_freq26,12,3.0,3.0,6250.0,6253.0
787,786,5616.0,5619.0,250,26,amp250_freq26,12,3.0,3.0,6256.0,6259.0
788,787,5622.0,5625.0,250,5,amp250_freq5,12,3.0,3.0,6262.0,6265.0
789,788,5628.0,5631.0,100,26,amp100_freq26,12,3.0,3.0,6268.0,6271.0
790,789,5634.0,5637.0,180,5,amp180_freq5,12,3.0,3.0,6274.0,6277.0
791,790,5640.0,5643.0,100,26,amp100_freq26,12,3.0,3.0,6280.0,6283.0
792,791,5646.0,5649.0,250,5,amp250_freq5,12,3.0,3.0,6286.0,6289.0
793,792,5652.0,5655.0,180,5,amp180_freq5,12,3.0,3.0,6292.0,6295.0
794,793,5658.0,5661.0,250,5,amp250_freq5,12,3.0,3.0,6298.0,6301.0
795,794,5664.0,5667.0,250,5,amp250_freq5,12,3.0,3.0,6304.0,6307.0
796,795,5670.0,5673.0,250,26,amp250_freq26,12,3.0,3.0,6310.0,6313.0
797,796,5676.0,5679.0,250,26,amp250_freq26,12,3.0,3.0,6316.0,6319.0
798,797,5682.0,5685.0,180,26,amp180_freq26,12,3.0,3.0,6322.0,6325.0
799,798,5688.0,5691.0,250,5,amp250_freq5,12,3.0,3.0,6328.0,6331.0
800,799,5694.0,5697.0,180,26,amp180_freq26,12,3.0,3.0,6334.0,6337.0
801,800,5700.0,5703.0,100,5,amp100_freq5,12,3.0,3.0,6340.0,6343.0
802,801,5706.0,5709.0,100,26,amp100_freq26,12,3.0,3.0,6346.0,6349.0
803,802,5712.0,5715.0,100,5,amp100_freq5,12,3.0,3.0,6352.0,6355.0
804,803,5718.0,5721.0,100,26,amp100_freq26,12,3.0,3.0,6358.0,6361.0
805,804,5724.0,5727.0,250,5,amp250_freq5,12,3.0,3.0,6364.0,6367.0
806,805,5730.0,5733.0,250,26,amp250_freq26,12,3.0,3.0,6370.0,6373.0
807,806,5736.0,5739.0,180,5,amp180_freq5,12,3.0,3.0,6376.0,6379.0
808,807,5742.0,5745.0,180,26,amp180_freq26,12,3.0,3.0,6382.0,6385.0
809,808,5748.0,5751.0,250,5,amp250_freq5,12,3.0,3.0,6388.0,6391.0
810,809,5754.0,5757.0,100,5,amp100_freq5,12,3.0,3.0,6394.0,6397.0
811,810,5760.0,5763.0,180,5,amp180_freq5,12,3.0,3.0,6400.0,6403.0
812,811,5766.0,5769.0,250,26,amp250_freq26,12,3.0,3.0,6406.0,6409.0
813,812,5772.0,5775.0,250,26,amp250_freq26,12,3.0,3.0,6412.0,6415.0
814,813,5778.0,5781.0,250,5,amp250_freq5,12,3.0,3.0,6418.0,6421.0
815,814,5784.0,5787.0,250,5,amp250_freq5,12,3.0,3.0,6424.0,6427.0
816,815,5790.0,5793.0,100,26,amp100_freq26,12,3.0,3.0,6430.0,6433.0
817,816,5796.0,5799.0,100,26,amp100_freq26,12,3.0,3.0,6436.0,6439.0
818,817,5802.0,5805.0,180,5,amp180_freq5,12,3.0,3.0,6442.0,6445.0
819,818,5808.0,5811.0,180,26,amp180_freq26,12,3.0,3.0,6448.0,6451.0
820,819,5814.0,5817.0,100,5,amp100_freq5,12,3.0,3.0,6454.0,6457.0
821,820,5820.0,5823.0,100,5,amp100_freq5,12,3.0,3.0,6460.0,6463.0
822,821,5826.0,5829.0,100,26,amp100_freq26,12,3.0,3.0,6466.0,6469.0
823,822,5832.0,5835.0,250,5,amp250_freq5,12,3.0,3.0,6472.0,6475.0
824,823,5838.0,5841.0,180,26,amp180_freq26,12,3.0,3.0,6478.0,6481.0
825,824,5844.0,5847.0,250,26,amp250_freq26,12,3.0,3.0,6484.0,6487.0
826,825,5850.0,5853.0,180,26,amp180_freq26,12,3.0,3.0,6490.0,6493.0
827,826,5856.0,5859.0,250,26,amp250_freq26,12,3.0,3.0,6496.0,6499.0
828,827,5862.0,5865.0,180,26,amp180_freq26,12,3.0,3.0,6502.0,6505.0
829,828,5868.0,5871.0,100,26,amp100_freq26,12,3.0,3.0,6508.0,6511.0
830,829,5874.0,5877.0,100,26,amp100_freq26,12,3.0,3.0,6514.0,6517.0
831,830,5880.0,5883.0,250,26,amp250_freq26,12,3.0,3.0,6520.0,6523.0
832,831,5886.0,5889.0,180,26,amp180_freq26,12,3.0,3.0,6526.0,6529.0
833,832,5892.0,5895.0,180,5,amp180_freq5,12,3.0,3.0,6532.0,6535.0
834,833,5898.0,5901.0,100,26,amp100_freq26,12,3.0,3.0,6538.0,6541.0
835,834,5904.0,5907.0,180,5,amp180_freq5,12,3.0,3.0,6544.0,6547.0
836,835,5910.0,5913.0,180,26,amp180_freq26,12,3.0,3.0,6550.0,6553.0
837,836,5916.0,5919.0,100,5,amp100_freq5,12,3.0,3.0,6556.0,6559.0
838,837,5922.0,5925.0,180,5,amp180_freq5,12,3.0,3.0,6562.0,6565.0
839,838,5928.0,5931.0,180,26,amp180_freq26,12,3.0,3.0,6568.0,6571.0
840,839,5934.0,5937.0,250,26,amp250_freq26,12,3.0,3.0,6574.0,6577.0
841,840,5940.0,5943.0,250,26,amp250_freq26,12,3.0,3.0,6580.0,6583.0
842,841,5946.0,5949.0,100,26,amp100_freq26,12,3.0,3.0,6586.0,6589.0
843,842,5952.0,5955.0,100,5,amp100_freq5,12,3.0,3.0,6592.0,6595.0
844,843,5958.0,5961.0,250,26,amp250_freq26,12,3.0,3.0,6598.0,6601.0
845,844,5964.0,5967.0,250,26,amp250_freq26,12,3.0,3.0,6604.0,6607.0
846,845,5970.0,5973.0,100,5,amp100_freq5,12,3.0,3.0,6610.0,6613.0
847,846,5976.0,5979.0,250,26,amp250_freq26,12,3.0,3.0,6616.0,6619.0
848,847,5982.0,5985.0,180,26,amp180_freq26,12,3.0,3.0,6622.0,6625.0
849,848,5988.0,5991.0,250,5,amp250_freq5,12,3.0,3.0,6628.0,6631.0
850,849,5994.0,5997.0,180,5,amp180_freq5,12,3.0,3.0,6634.0,6637.0
851,850,6000.0,6003.0,180,26,amp180_freq26,12,3.0,3.0,6640.0,6643.0
852,851,6006.0,6009.0,180,5,amp180_freq5,12,3.0,3.0,6646.0,6649.0
853,852,6012.0,6015.0,100,5,amp100_freq5,12,3.0,3.0,6652.0,6655.0
854,853,6018.0,6021.0,100,5,amp100_freq5,12,3.0,3.0,6658.0,6661.0
855,854,6024.0,6027.0,180,5,amp180_freq5,12,3.0,3.0,6664.0,6667.0
856,855,6030.0,6033.0,250,5,amp250_freq5,12,3.0,3.0,6670.0,6673.0
857,856,6036.0,6039.0,100,5,amp100_freq5,12,3.0,3.0,6676.0,6679.0
858,857,6042.0,6045.0,250,26,amp250_freq26,12,3.0,3.0,6682.0,6685.0
859,858,6048.0,6051.0,250,5,amp250_freq5,12,3.0,3.0,6688.0,6691.0
860,859,6054.0,6057.0,100,26,amp100_freq26,12,3.0,3.0,6694.0,6697.0
861,860,6060.0,6063.0,250,5,amp250_freq5,12,3.0,3.0,6700.0,6703.0
862,861,6066.0,6069.0,250,5,amp250_freq5,12,3.0,3.0,6706.0,6709.0
863,862,6072.0,6075.0,180,5,amp180_freq5,12,3.0,3.0,6712.0,6715.0
864,863,6078.0,6081.0,100,5,amp100_freq5,12,3.0,3.0,6718.0,6721.0
865,864,6084.0,6087.0,100,5,amp100_freq5,12,3.0,3.0,6724.0,6727.0
866,865,6090.0,6093.0,100,5,amp100_freq5,12,3.0,3.0,6730.0,6733.0
867,866,6096.0,6099.0,100,5,amp100_freq5,12,3.0,3.0,6736.0,6739.0
868,867,6102.0,6105.0,250,5,amp250_freq5,12,3.0,3.0,6742.0,6745.0
869,868,6108.0,6111.0,180,26,amp180_freq26,12,3.0,3.0,6748.0,6751.0
870,869,6114.0,6117.0,250,5,amp250_freq5,12,3.0,3.0,6754.0,6757.0
871,870,6120.0,6123.0,180,5,amp180_freq5,12,3.0,3.0,6760.0,6763.0
872,871,6126.0,6129.0,250,26,amp250_freq26,12,3.0,3.0,6766.0,6769.0
873,872,6132.0,6135.0,180,26,amp180_freq26,12,3.0,3.0,6772.0,6775.0
874,873,6138.0,6141.0,180,26,amp180_freq26,12,3.0,3.0,6778.0,6781.0
875,874,6144.0,6147.0,250,26,amp250_freq26,12,3.0,3.0,6784.0,6787.0
876,875,6150.0,6153.0,180,26,amp180_freq26,12,3.0,3.0,6790.0,6793.0
877,876,6156.0,6159.0,180,26,amp180_freq26,12,3.0,3.0,6796.0,6799.0
878,877,6162.0,6165.0,100,5,amp100_freq5,12,3.0,3.0,6802.0,6805.0
879,878,6168.0,6171.0,180,26,amp180_freq26,12,3.0,3.0,6808.0,6811.0
880,879,6174.0,6177.0,180,5,amp180_freq5,12,3.0,3.0,6814.0,6817.0
881,880,6180.0,6183.0,100,5,amp100_freq5,12,3.0,3.0,6820.0,6823.0
882,881,6186.0,6189.0,250,26,amp250_freq26,12,3.0,3.0,6826.0,6829.0
883,882,6192.0,6195.0,100,5,amp100_freq5,12,3.0,3.0,6832.0,6835.0
884,883,6198.0,6201.0,180,26,amp180_freq26,12,3.0,3.0,6838.0,6841.0
885,884,6204.0,6207.0,100,26,amp100_freq26,12,3.0,3.0,6844.0,6847.0
886,885,6210.0,6213.0,250,5,amp250_freq5,12,3.0,3.0,6850.0,6853.0
887,886,6216.0,6219.0,180,5,amp180_freq5,12,3.0,3.0,6856.0,6859.0
888,887,6222.0,6225.0,100,26,amp100_freq26,12,3.0,3.0,6862.0,6865.0
889,888,6228.0,6231.0,180,26,amp180_freq26,12,3.0,3.0,6868.0,6871.0
890,889,6234.0,6237.0,180,5,amp180_freq5,12,3.0,3.0,6874.0,6877.0
891,890,6240.0,6243.0,250,5,amp250_freq5,12,3.0,3.0,6880.0,6883.0
892,891,6246.0,6249.0,250,26,amp250_freq26,12,3.0,3.0,6886.0,6889.0
893,892,6252.0,6255.0,100,26,amp100_freq26,12,3.0,3.0,6892.0,6895.0
894,893,6258.0,6261.0,100,26,amp100_freq26,12,3.0,3.0,6898.0,6901.0
895,894,6264.0,6267.0,180,26,amp180_freq26,12,3.0,3.0,6904.0,6907.0
896,895,6270.0,6273.0,100,5,amp100_freq5,12,3.0,3.0,6910.0,6913.0
897,896,6276.0,6279.0,180,26,amp180_freq26,12,3.0,3.0,6916.0,6919.0
898,897,6282.0,6285.0,250,26,amp250_freq26,12,3.0,3.0,6922.0,6925.0
899,898,6288.0,6291.0,250,26,amp250_freq26,12,3.0,3.0,6928.0,6931.0
900,899,6294.0,6297.0,180,5,amp180_freq5,12,3.0,3.0,6934.0,6937.0
901,900,6300.0,6303.0,100,5,amp100_freq5,12,3.0,3.0,6940.0,6943.0
902,901,6306.0,6309.0,180,5,amp180_freq5,12,3.0,3.0,6946.0,6949.0
903,902,6312.0,6315.0,250,26,amp250_freq26,12,3.0,3.0,6952.0,6955.0
904,903,6318.0,6321.0,180,5,amp180_freq5,12,3.0,3.0,6958.0,6961.0
905,904,6324.0,6327.0,100,5,amp100_freq5,12,3.0,3.0,6964.0,6967.0
906,905,6330.0,6333.0,250,26,amp250_freq26,12,3.0,3.0,6970.0,6973.0
907,906,6336.0,6339.0,180,5,amp180_freq5,12,3.0,3.0,6976.0,6979.0
908,907,6342.0,6345.0,100,26,amp100_freq26,12,3.0,3.0,6982.0,6985.0
909,908,6348.0,6351.0,250,5,amp250_freq5,12,3.0,3.0,6988.0,6991.0
910,909,6354.0,6357.0,250,26,amp250_freq26,12,3.0,3.0,6994.0,6997.0
911,910,6360.0,6363.0,180,5,amp180_freq5,12,3.0,3.0,7000.0,7003.0
912,911,6366.0,6369.0,100,26,amp100_freq26,12,3.0,3.0,7006.0,7009.0
913,912,6372.0,6375.0,250,5,amp250_freq5,12,3.0,3.0,7012.0,7015.0
914,913,6378.0,6381.0,100,26,amp100_freq26,12,3.0,3.0,7018.0,7021.0
915,914,6384.0,6387.0,250,26,amp250_freq26,12,3.0,3.0,7024.0,7027.0
916,915,6390.0,6393.0,250,26,amp250_freq26,12,3.0,3.0,7030.0,7033.0
917,916,6396.0,6399.0,180,5,amp180_freq5,12,3.0,3.0,7036.0,7039.0
918,917,6402.0,6405.0,100,26,amp100_freq26,12,3.0,3.0,7042.0,7045.0
919,918,6408.0,6411.0,250,26,amp250_freq26,12,3.0,3.0,7048.0,7051.0
920,919,6414.0,6417.0,180,5,amp180_freq5,12,3.0,3.0,7054.0,7057.0
921,920,6420.0,6423.0,180,26,amp180_freq26,12,3.0,3.0,7060.0,7063.0
922,921,6426.0,6429.0,250,5,amp250_freq5,12,3.0,3.0,7066.0,7069.0
923,922,6432.0,6435.0,180,26,amp180_freq26,12,3.0,3.0,7072.0,7075.0
924,923,6438.0,6441.0,180,26,amp180_freq26,12,3.0,3.0,7078.0,7081.0
925,924,6444.0,6447.0,100,26,amp100_freq26,12,3.0,3.0,7084.0,7087.0
926,925,6450.0,6453.0,180,5,amp180_freq5,12,3.0,3.0,7090.0,7093.0
927,926,6456.0,6459.0,100,5,amp100_freq5,12,3.0,3.0,7096.0,7099.0
928,927,6462.0,6465.0,180,26,amp180_freq26,12,3.0,3.0,7102.0,7105.0
929,928,6468.0,6471.0,180,26,amp180_freq26,12,3.0,3.0,7108.0,7111.0
930,929,6474.0,6477.0,250,26,amp250_freq26,12,3.0,3.0,7114.0,7117.0
931,930,6480.0,6483.0,250,5,amp250_freq5,12,3.0,3.0,7120.0,7123.0
932,931,6486.0,6489.0,250,26,amp250_freq26,12,3.0,3.0,7126.0,7129.0
933,932,6492.0,6495.0,180,5,amp180_freq5,12,3.0,3.0,7132.0,7135.0
934,933,6498.0,6501.0,250,5,amp250_freq5,12,3.0,3.0,7138.0,7141.0
935,934,6504.0,6507.0,250,26,amp250_freq26,12,3.0,3.0,7144.0,7147.0
936,935,6510.0,6513.0,250,5,amp250_freq5,12,3.0,3.0,7150.0,7153.0
937,936,6516.0,6519.0,180,26,amp180_freq26,12,3.0,3.0,7156.0,7159.0
938,937,6522.0,6525.0,100,5,amp100_freq5,12,3.0,3.0,7162.0,7165.0
939,938,6528.0,6531.0,180,26,amp180_freq26,12,3.0,3.0,7168.0,7171.0
940,939,6534.0,6537.0,180,26,amp180_freq26,12,3.0,3.0,7174.0,7177.0
941,940,6540.0,6543.0,180,26,amp180_freq26,12,3.0,3.0,7180.0,7183.0
942,941,6546.0,6549.0,250,26,amp250_freq26,12,3.0,3.0,7186.0,7189.0
943,942,6552.0,6555.0,180,26,amp180_freq26,12,3.0,3.0,7192.0,7195.0
944,943,6558.0,6561.0,250,26,amp250_freq26,12,3.0,3.0,7198.0,7201.0
945,944,6564.0,6567.0,180,5,amp180_freq5,12,3.0,3.0,7204.0,7207.0
946,945,6570.0,6573.0,250,26,amp250_freq26,12,3.0,3.0,7210.0,7213.0
947,946,6576.0,6579.0,100,5,amp100_freq5,12,3.0,3.0,7216.0,7219.0
948,947,6582.0,6585.0,100,26,amp100_freq26,12,3.0,3.0,7222.0,7225.0
949,948,6588.0,6591.0,250,26,amp250_freq26,12,3.0,3.0,7228.0,7231.0
950,949,6594.0,6597.0,100,26,amp100_freq26,12,3.0,3.0,7234.0,7237.0
951,950,6600.0,6603.0,250,26,amp250_freq26,12,3.0,3.0,7240.0,7243.0
952,951,6606.0,6609.0,100,26,amp100_freq26,12,3.0,3.0,7246.0,7249.0
953,952,6612.0,6615.0,250,5,amp250_freq5,12,3.0,3.0,7252.0,7255.0
954,953,6618.0,6621.0,100,26,amp100_freq26,12,3.0,3.0,7258.0,7261.0
955,954,6624.0,6627.0,250,26,amp250_freq26,12,3.0,3.0,7264.0,7267.0
956,955,6630.0,6633.0,250,5,amp250_freq5,12,3.0,3.0,7270.0,7273.0
957,956,6636.0,6639.0,100,26,amp100_freq26,12,3.0,3.0,7276.0,7279.0
958,957,6642.0,6645.0,250,5,amp250_freq5,12,3.0,3.0,7282.0,7285.0
959,958,6648.0,6651.0,180,5,amp180_freq5,12,3.0,3.0,7288.0,7291.0
960,959,6654.0,6657.0,250,26,amp250_freq26,12,3.0,3.0,7294.0,7297.0
961,960,6660.0,6663.0,250,5,amp250_freq5,12,3.0,3.0,7300.0,7303.0
962,961,6666.0,6669.0,250,5,amp250_freq5,12,3.0,3.0,7306.0,7309.0
963,962,6672.0,6675.0,250,5,amp250_freq5,12,3.0,3.0,7312.0,7315.0
964,963,6678.0,6681.0,250,26,amp250_freq26,12,3.0,3.0,7318.0,7321.0
965,964,6684.0,6687.0,100,5,amp100_freq5,12,3.0,3.0,7324.0,7327.0
966,965,6690.0,6693.0,250,5,amp250_freq5,12,3.0,3.0,7330.0,7333.0
967,966,6696.0,6699.0,180,5,amp180_freq5,12,3.0,3.0,7336.0,7339.0
968,967,6702.0,6705.0,180,26,amp180_freq26,12,3.0,3.0,7342.0,7345.0
969,968,6708.0,6711.0,100,5,amp100_freq5,12,3.0,3.0,7348.0,7351.0
970,969,6714.0,6717.0,180,5,amp180_freq5,12,3.0,3.0,7354.0,7357.0
971,970,6720.0,6723.0,100,26,amp100_freq26,12,3.0,3.0,7360.0,7363.0
972,971,6726.0,6729.0,250,26,amp250_freq26,12,3.0,3.0,7366.0,7369.0
973,972,6732.0,6735.0,100,5,amp100_freq5,12,3.0,3.0,7372.0,7375.0
974,973,6738.0,6741.0,180,5,amp180_freq5,12,3.0,3.0,7378.0,7381.0
975,974,6744.0,6747.0,180,26,amp180_freq26,12,3.0,3.0,7384.0,7387.0
976,975,6750.0,6753.0,250,26,amp250_freq26,12,3.0,3.0,7390.0,7393.0
977,976,6756.0,6759.0,180,5,amp180_freq5,12,3.0,3.0,7396.0,7399.0
978,977,6762.0,6765.0,180,26,amp180_freq26,12,3.0,3.0,7402.0,7405.0
979,978,6768.0,6771.0,100,5,amp100_freq5,12,3.0,3.0,7408.0,7411.0
980,979,6774.0,6777.0,100,5,amp100_freq5,12,3.0,3.0,7414.0,7417.0
981,980,6780.0,6783.0,100,5,amp100_freq5,12,3.0,3.0,7420.0,7423.0
982,981,6786.0,6789.0,250,5,amp250_freq5,12,3.0,3.0,7426.0,7429.0
983,982,6792.0,6795.0,250,26,amp250_freq26,12,3.0,3.0,7432.0,7435.0
984,983,6798.0,6801.0,250,26,amp250_freq26,12,3.0,3.0,7438.0,7441.0
985,984,6804.0,6807.0,100,5,amp100_freq5,12,3.0,3.0,7444.0,7447.0
986,985,6810.0,6813.0,250,5,amp250_freq5,12,3.0,3.0,7450.0,7453.0
987,986,6816.0,6819.0,100,5,amp100_freq5,12,3.0,3.0,7456.0,7459.0
988,987,6822.0,6825.0,250,26,amp250_freq26,12,3.0,3.0,7462.0,7465.0
989,988,6828.0,6831.0,100,5,amp100_freq5,12,3.0,3.0,7468.0,7471.0
990,989,6834.0,6837.0,250,5,amp250_freq5,12,3.0,3.0,7474.0,7477.0
991,990,6840.0,6843.0,100,26,amp100_freq26,12,3.0,3.0,7480.0,7483.0
992,991,6846.0,6849.0,250,5,amp250_freq5,12,3.0,3.0,7486.0,7489.0
993,992,6852.0,6855.0,180,26,amp180_freq26,12,3.0,3.0,7492.0,7495.0
994,993,6858.0,6861.0,180,5,amp180_freq5,12,3.0,3.0,7498.0,7501.0
995,994,6864.0,6867.0,100,5,amp100_freq5,12,3.0,3.0,7504.0,7507.0
996,995,6870.0,6873.0,180,5,amp180_freq5,12,3.0,3.0,7510.0,7513.0
997,996,6876.0,6879.0,250,5,amp250_freq5,12,3.0,3.0,7516.0,7519.0
998,997,6882.0,6885.0,100,5,amp100_freq5,12,3.0,3.0,7522.0,7525.0
999,998,6888.0,6891.0,180,26,amp180_freq26,12,3.0,3.0,7528.0,7531.0
1000,999,6894.0,6897.0,100,26,amp100_freq26,12,3.0,3.0,7534.0,7537.0
1001,1000,6900.0,6903.0,100,5,amp100_freq5,12,3.0,3.0,7540.0,7543.0
1002,1001,6906.0,6909.0,100,5,amp100_freq5,12,3.0,3.0,7546.0,7549.0
1003,1002,6912.0,6915.0,100,26,amp100_freq26,12,3.0,3.0,7552.0,7555.0
1004,1003,6918.0,6921.0,180,26,amp180_freq26,12,3.0,3.0,7558.0,7561.0
1005,1004,6924.0,6927.0,180,26,amp180_freq26,12,3.0,3.0,7564.0,7567.0
1006,1005,6930.0,6933.0,250,5,amp250_freq5,12,3.0,3.0,7570.0,7573.0
1007,1006,6936.0,6939.0,180,26,amp180_freq26,12,3.0,3.0,7576.0,7579.0
1008,1007,6942.0,6945.0,100,5,amp100_freq5,12,3.0,3.0,7582.0,7585.0
1009,1008,6948.0,6951.0,180,5,amp180_freq5,12,3.0,3.0,7588.0,7591.0
1010,1009,6954.0,6957.0,180,5,amp180_freq5,12,3.0,3.0,7594.0,7597.0
1011,1010,6960.0,6963.0,250,5,amp250_freq5,12,3.0,3.0,7600.0,7603.0
1012,1011,6966.0,6969.0,250,5,amp250_freq5,12,3.0,3.0,7606.0,7609.0
1013,1012,6972.0,6975.0,250,5,amp250_freq5,12,3.0,3.0,7612.0,7615.0
1014,1013,6978.0,6981.0,180,26,amp180_freq26,12,3.0,3.0,7618.0,7621.0
1015,1014,6984.0,6987.0,180,5,amp180_freq5,12,3.0,3.0,7624.0,7627.0
1016,1015,6990.0,6993.0,100,26,amp100_freq26,12,3.0,3.0,7630.0,7633.0
1017,1016,6996.0,6999.0,180,26,amp180_freq26,12,3.0,3.0,7636.0,7639.0
1018,1017,7002.0,7005.0,180,5,amp180_freq5,12,3.0,3.0,7642.0,7645.0
1019,1018,7008.0,7011.0,100,26,amp100_freq26,12,3.0,3.0,7648.0,7651.0
1020,1019,7014.0,7017.0,180,5,amp180_freq5,12,3.0,3.0,7654.0,7657.0
1021,1020,7020.0,7023.0,250,26,amp250_freq26,12,3.0,3.0,7660.0,7663.0
1022,1021,7026.0,7029.0,250,5,amp250_freq5,12,3.0,3.0,7666.0,7669.0
1023,1022,7032.0,7035.0,100,5,amp100_freq5,12,3.0,3.0,7672.0,7675.0
1024,1023,7038.0,7041.0,180,26,amp180_freq26,12,3.0,3.0,7678.0,7681.0
1025,1024,7044.0,7047.0,250,5,amp250_freq5,12,3.0,3.0,7684.0,7687.0
1026,1025,7050.0,7053.0,100,26,amp100_freq26,12,3.0,3.0,7690.0,7693.0
1027,1026,7056.0,7059.0,250,26,amp250_freq26,12,3.0,3.0,7696.0,7699.0
1028,1027,7062.0,7065.0,100,26,amp100_freq26,12,3.0,3.0,7702.0,7705.0
1029,1028,7068.0,7071.0,180,26,amp180_freq26,12,3.0,3.0,7708.0,7711.0
1030,1029,7074.0,7077.0,250,5,amp250_freq5,12,3.0,3.0,7714.0,7717.0
1031,1030,7080.0,7083.0,180,26,amp180_freq26,12,3.0,3.0,7720.0,7723.0
1032,1031,7086.0,7089.0,180,26,amp180_freq26,12,3.0,3.0,7726.0,7729.0
1033,1032,7092.0,7095.0,250,5,amp250_freq5,12,3.0,3.0,7732.0,7735.0
1034,1033,7098.0,7101.0,250,26,amp250_freq26,12,3.0,3.0,7738.0,7741.0
1035,1034,7104.0,7107.0,250,5,amp250_freq5,12,3.0,3.0,7744.0,7747.0
1036,1035,7110.0,7113.0,250,26,amp250_freq26,12,3.0,3.0,7750.0,7753.0
1037,1036,7116.0,7119.0,250,5,amp250_freq5,12,3.0,3.0,7756.0,7759.0
1038,1037,7122.0,7125.0,250,5,amp250_freq5,12,3.0,3.0,7762.0,7765.0
1039,1038,7128.0,7131.0,100,26,amp100_freq26,12,3.0,3.0,7768.0,7771.0
1040,1039,7134.0,7137.0,180,5,amp180_freq5,12,3.0,3.0,7774.0,7777.0
1041,1040,7140.0,7143.0,180,5,amp180_freq5,12,3.0,3.0,7780.0,7783.0
1042,1041,7146.0,7149.0,100,5,amp100_freq5,12,3.0,3.0,7786.0,7789.0
1043,1042,7152.0,7155.0,180,5,amp180_freq5,12,3.0,3.0,7792.0,7795.0
1044,1043,7158.0,7161.0,250,26,amp250_freq26,12,3.0,3.0,7798.0,7801.0
1045,1044,7164.0,7167.0,180,5,amp180_freq5,12,3.0,3.0,7804.0,7807.0
1046,1045,7170.0,7173.0,100,26,amp100_freq26,12,3.0,3.0,7810.0,7813.0
1047,1046,7176.0,7179.0,180,5,amp180_freq5,12,3.0,3.0,7816.0,7819.0
1048,1047,7182.0,7185.0,100,26,amp100_freq26,12,3.0,3.0,7822.0,7825.0
1049,1048,7188.0,7191.0,180,26,amp180_freq26,12,3.0,3.0,7828.0,7831.0
1050,1049,7194.0,7197.0,180,5,amp180_freq5,12,3.0,3.0,7834.0,7837.0
1051,1050,7200.0,7203.0,180,5,amp180_freq5,12,3.0,3.0,7840.0,7843.0
1052,1051,7206.0,7209.0,100,26,amp100_freq26,12,3.0,3.0,7846.0,7849.0
1053,1052,7212.0,7215.0,100,5,amp100_freq5,12,3.0,3.0,7852.0,7855.0
1054,1053,7218.0,7221.0,180,5,amp180_freq5,12,3.0,3.0,7858.0,7861.0
1055,1054,7224.0,7227.0,180,5,amp180_freq5,12,3.0,3.0,7864.0,7867.0
1056,1055,7230.0,7233.0,180,26,amp180_freq26,12,3.0,3.0,7870.0,7873.0
1057,1056,7236.0,7239.0,250,5,amp250_freq5,12,3.0,3.0,7876.0,7879.0
1058,1057,7242.0,7245.0,180,5,amp180_freq5,12,3.0,3.0,7882.0,7885.0
1059,1058,7248.0,7251.0,100,26,amp100_freq26,12,3.0,3.0,7888.0,7891.0
1060,1059,7254.0,7257.0,180,5,amp180_freq5,12,3.0,3.0,7894.0,7897.0
1061,1060,7260.0,7263.0,100,5,amp100_freq5,12,3.0,3.0,7900.0,7903.0
1062,1061,7266.0,7269.0,250,5,amp250_freq5,12,3.0,3.0,7906.0,7909.0
1063,1062,7272.0,7275.0,250,26,amp250_freq26,12,3.0,3.0,7912.0,7915.0
1064,1063,7278.0,7281.0,180,26,amp180_freq26,12,3.0,3.0,7918.0,7921.0
1065,1064,7284.0,7287.0,180,5,amp180_freq5,12,3.0,3.0,7924.0,7927.0
1066,1065,7290.0,7293.0,100,5,amp100_freq5,12,3.0,3.0,7930.0,7933.0
1067,1066,7296.0,7299.0,250,5,amp250_freq5,12,3.0,3.0,7936.0,7939.0
1068,1067,7302.0,7305.0,180,26,amp180_freq26,12,3.0,3.0,7942.0,7945.0
1069,1068,7308.0,7311.0,250,5,amp250_freq5,12,3.0,3.0,7948.0,7951.0
1070,1069,7314.0,7317.0,250,5,amp250_freq5,12,3.0,3.0,7954.0,7957.0
1071,1070,7320.0,7323.0,100,26,amp100_freq26,12,3.0,3.0,7960.0,7963.0
1072,1071,7326.0,7329.0,180,5,amp180_freq5,12,3.0,3.0,7966.0,7969.0
1073,1072,7332.0,7335.0,100,5,amp100_freq5,12,3.0,3.0,7972.0,7975.0
1074,1073,7338.0,7341.0,180,26,amp180_freq26,12,3.0,3.0,7978.0,7981.0
1075,1074,7344.0,7347.0,180,5,amp180_freq5,12,3.0,3.0,7984.0,7987.0
1076,1075,7350.0,7353.0,250,26,amp250_freq26,12,3.0,3.0,7990.0,7993.0
1077,1076,7356.0,7359.0,180,26,amp180_freq26,12,3.0,3.0,7996.0,7999.0
1078,1077,7362.0,7365.0,250,5,amp250_freq5,12,3.0,3.0,8002.0,8005.0
1079,1078,7368.0,7371.0,250,26,amp250_freq26,12,3.0,3.0,8008.0,8011.0
1080,1079,7374.0,7377.0,100,26,amp100_freq26,12,3.0,3.0,8014.0,8017.0
1081,1080,7380.0,7383.0,180,5,amp180_freq5,12,3.0,3.0,8020.0,8023.0
1082,1081,7386.0,7389.0,250,5,amp250_freq5,12,3.0,3.0,8026.0,8029.0
1083,1082,7392.0,7395.0,100,5,amp100_freq5,12,3.0,3.0,8032.0,8035.0
1084,1083,7398.0,7401.0,100,26,amp100_freq26,12,3.0,3.0,8038.0,8041.0
1085,1084,7404.0,7407.0,180,26,amp180_freq26,12,3.0,3.0,8044.0,8047.0
1086,1085,7410.0,7413.0,250,5,amp250_freq5,12,3.0,3.0,8050.0,8053.0
1087,1086,7416.0,7419.0,250,26,amp250_freq26,12,3.0,3.0,8056.0,8059.0
1088,1087,7422.0,7425.0,180,5,amp180_freq5,12,3.0,3.0,8062.0,8065.0
1089,1088,7428.0,7431.0,250,5,amp250_freq5,12,3.0,3.0,8068.0,8071.0
1090,1089,7434.0,7437.0,100,26,amp100_freq26,12,3.0,3.0,8074.0,8077.0
1091,1090,7440.0,7443.0,100,5,amp100_freq5,12,3.0,3.0,8080.0,8083.0
1092,1091,7446.0,7449.0,180,5,amp180_freq5,12,3.0,3.0,8086.0,8089.0
1093,1092,7452.0,7455.0,180,26,amp180_freq26,12,3.0,3.0,8092.0,8095.0
1094,1093,7458.0,7461.0,100,26,amp100_freq26,12,3.0,3.0,8098.0,8101.0
1095,1094,7464.0,7467.0,180,5,amp180_freq5,12,3.0,3.0,8104.0,8107.0
1096,1095,7470.0,7473.0,180,26,amp180_freq26,12,3.0,3.0,8110.0,8113.0
1097,1096,7476.0,7479.0,180,26,amp180_freq26,12,3.0,3.0,8116.0,8119.0
1098,1097,7482.0,7485.0,180,5,amp180_freq5,12,3.0,3.0,8122.0,8125.0
1099,1098,7488.0,7491.0,180,26,amp180_freq26,12,3.0,3.0,8128.0,8131.0
1100,1099,7494.0,7497.0,180,26,amp180_freq26,12,3.0,3.0,8134.0,8137.0
1101,1100,7500.0,7503.0,100,5,amp100_freq5,12,3.0,3.0,8140.0,8143.0
1102,1101,7506.0,7509.0,100,26,amp100_freq26,12,3.0,3.0,8146.0,8149.0
1103,1102,7512.0,7515.0,180,5,amp180_freq5,12,3.0,3.0,8152.0,8155.0
1104,1103,7518.0,7521.0,100,5,amp100_freq5,12,3.0,3.0,8158.0,8161.0
1105,1104,7524.0,7527.0,100,26,amp100_freq26,12,3.0,3.0,8164.0,8167.0
1106,1105,7530.0,7533.0,250,26,amp250_freq26,12,3.0,3.0,8170.0,8173.0
1107,1106,7536.0,7539.0,180,26,amp180_freq26,12,3.0,3.0,8176.0,8179.0
1108,1107,7542.0,7545.0,180,5,amp180_freq5,12,3.0,3.0,8182.0,8185.0
1109,1108,7548.0,7551.0,100,5,amp100_freq5,12,3.0,3.0,8188.0,8191.0
1110,1109,7554.0,7557.0,250,26,amp250_freq26,12,3.0,3.0,8194.0,8197.0
1111,1110,7560.0,7563.0,180,5,amp180_freq5,12,3.0,3.0,8200.0,8203.0
1112,1111,7566.0,7569.0,180,26,amp180_freq26,12,3.0,3.0,8206.0,8209.0
1113,1112,7572.0,7575.0,250,26,amp250_freq26,12,3.0,3.0,8212.0,8215.0
1114,1113,7578.0,7581.0,250,5,amp250_freq5,12,3.0,3.0,8218.0,8221.0
1115,1114,7584.0,7587.0,100,5,amp100_freq5,12,3.0,3.0,8224.0,8227.0
1116,1115,7590.0,7593.0,180,5,amp180_freq5,12,3.0,3.0,8230.0,8233.0
1117,1116,7596.0,7599.0,100,5,amp100_freq5,12,3.0,3.0,8236.0,8239.0
1118,1117,7602.0,7605.0,250,26,amp250_freq26,12,3.0,3.0,8242.0,8245.0
1119,1118,7608.0,7611.0,100,5,amp100_freq5,12,3.0,3.0,8248.0,8251.0
1120,1119,7614.0,7617.0,180,5,amp180_freq5,12,3.0,3.0,8254.0,8257.0
1121,1120,7620.0,7623.0,100,26,amp100_freq26,12,3.0,3.0,8260.0,8263.0
1122,1121,7626.0,7629.0,100,26,amp100_freq26,12,3.0,3.0,8266.0,8269.0
1123,1122,7632.0,7635.0,100,26,amp100_freq26,12,3.0,3.0,8272.0,8275.0
1124,1123,7638.0,7641.0,250,26,amp250_freq26,12,3.0,3.0,8278.0,8281.0
1125,1124,7644.0,7647.0,180,5,amp180_freq5,12,3.0,3.0,8284.0,8287.0
1126,1125,7650.0,7653.0,250,5,amp250_freq5,12,3.0,3.0,8290.0,8293.0
1127,1126,7656.0,7659.0,250,26,amp250_freq26,12,3.0,3.0,8296.0,8299.0
1128,1127,7662.0,7665.0,100,26,amp100_freq26,12,3.0,3.0,8302.0,8305.0
1129,1128,7668.0,7671.0,180,26,amp180_freq26,12,3.0,3.0,8308.0,8311.0
1130,1129,7674.0,7677.0,180,5,amp180_freq5,12,3.0,3.0,8314.0,8317.0
1131,1130,7680.0,7683.0,100,5,amp100_freq5,12,3.0,3.0,8320.0,8323.0
1132,1131,7686.0,7689.0,100,26,amp100_freq26,12,3.0,3.0,8326.0,8329.0
1133,1132,7692.0,7695.0,100,26,amp100_freq26,12,3.0,3.0,8332.0,8335.0
1134,1133,7698.0,7701.0,100,5,amp100_freq5,12,3.0,3.0,8338.0,8341.0
1135,1134,7704.0,7707.0,100,5,amp100_freq5,12,3.0,3.0,8344.0,8347.0
1136,1135,7710.0,7713.0,250,5,amp250_freq5,12,3.0,3.0,8350.0,8353.0
1137,1136,7716.0,7719.0,250,5,amp250_freq5,12,3.0,3.0,8356.0,8359.0
1138,1137,7722.0,7725.0,100,5,amp100_freq5,12,3.0,3.0,8362.0,8365.0
1139,1138,7728.0,7731.0,250,26,amp250_freq26,12,3.0,3.0,8368.0,8371.0
1140,1139,7734.0,7737.0,250,26,amp250_freq26,12,3.0,3.0,8374.0,8377.0
1141,1140,7740.0,7743.0,180,26,amp180_freq26,12,3.0,3.0,8380.0,8383.0
1142,1141,7746.0,7749.0,180,26,amp180_freq26,12,3.0,3.0,8386.0,8389.0
1143,1142,7752.0,7755.0,180,26,amp180_freq26,12,3.0,3.0,8392.0,8395.0
1144,1143,7758.0,7761.0,100,5,amp100_freq5,12,3.0,3.0,8398.0,8401.0
1145,1144,7764.0,7767.0,250,5,amp250_freq5,12,3.0,3.0,8404.0,8407.0
1146,1145,7770.0,7773.0,250,26,amp250_freq26,12,3.0,3.0,8410.0,8413.0
1147,1146,7776.0,7779.0,100,5,amp100_freq5,12,3.0,3.0,8416.0,8419.0
1148,1147,7782.0,7785.0,250,5,amp250_freq5,12,3.0,3.0,8422.0,8425.0
1149,1148,7788.0,7791.0,100,26,amp100_freq26,12,3.0,3.0,8428.0,8431.0
1150,1149,7794.0,7797.0,250,5,amp250_freq5,12,3.0,3.0,8434.0,8437.0
1151,1150,7800.0,7803.0,250,26,amp250_freq26,12,3.0,3.0,8440.0,8443.0
1152,1151,7806.0,7809.0,250,26,amp250_freq26,12,3.0,3.0,8446.0,8449.0
1153,1152,7812.0,7815.0,250,26,amp250_freq26,12,3.0,3.0,8452.0,8455.0
1154,1153,7818.0,7821.0,250,26,amp250_freq26,12,3.0,3.0,8458.0,8461.0
1155,1154,7824.0,7827.0,180,5,amp180_freq5,12,3.0,3.0,8464.0,8467.0
1156,1155,7830.0,7833.0,250,26,amp250_freq26,12,3.0,3.0,8470.0,8473.0
1157,1156,7836.0,7839.0,180,5,amp180_freq5,12,3.0,3.0,8476.0,8479.0
1158,1157,7842.0,7845.0,180,5,amp180_freq5,12,3.0,3.0,8482.0,8485.0
1159,1158,7848.0,7851.0,180,5,amp180_freq5,12,3.0,3.0,8488.0,8491.0
1160,1159,7854.0,7857.0,250,26,amp250_freq26,12,3.0,3.0,8494.0,8497.0
1161,1160,7860.0,7863.0,180,5,amp180_freq5,12,3.0,3.0,8500.0,8503.0
1162,1161,7866.0,7869.0,100,5,amp100_freq5,12,3.0,3.0,8506.0,8509.0
1163,1162,7872.0,7875.0,250,5,amp250_freq5,12,3.0,3.0,8512.0,8515.0
1164,1163,7878.0,7881.0,250,26,amp250_freq26,12,3.0,3.0,8518.0,8521.0
1165,1164,7884.0,7887.0,250,26,amp250_freq26,12,3.0,3.0,8524.0,8527.0
1166,1165,7890.0,7893.0,100,26,amp100_freq26,12,3.0,3.0,8530.0,8533.0
1167,1166,7896.0,7899.0,180,5,amp180_freq5,12,3.0,3.0,8536.0,8539.0
1168,1167,7902.0,7905.0,100,26,amp100_freq26,12,3.0,3.0,8542.0,8545.0
1169,1168,7908.0,7911.0,180,5,amp180_freq5,12,3.0,3.0,8548.0,8551.0
1170,1169,7914.0,7917.0,250,5,amp250_freq5,12,3.0,3.0,8554.0,8557.0
1171,1170,7920.0,7923.0,250,26,amp250_freq26,12,3.0,3.0,8560.0,8563.0
1172,1171,7926.0,7929.0,100,5,amp100_freq5,12,3.0,3.0,8566.0,8569.0
1173,1172,7932.0,7935.0,180,5,amp180_freq5,12,3.0,3.0,8572.0,8575.0
1174,1173,7938.0,7941.0,100,26,amp100_freq26,12,3.0,3.0,8578.0,8581.0
1175,1174,7944.0,7947.0,250,26,amp250_freq26,12,3.0,3.0,8584.0,8587.0
1176,1175,7950.0,7953.0,250,26,amp250_freq26,12,3.0,3.0,8590.0,8593.0
1177,1176,7956.0,7959.0,180,5,amp180_freq5,12,3.0,3.0,8596.0,8599.0
1178,1177,7962.0,7965.0,100,5,amp100_freq5,12,3.0,3.0,8602.0,8605.0
1179,1178,7968.0,7971.0,100,26,amp100_freq26,12,3.0,3.0,8608.0,8611.0
1180,1179,7974.0,7977.0,250,5,amp250_freq5,12,3.0,3.0,8614.0,8617.0
1181,1180,7980.0,7983.0,100,26,amp100_freq26,12,3.0,3.0,8620.0,8623.0
1182,1181,7986.0,7989.0,250,26,amp250_freq26,12,3.0,3.0,8626.0,8629.0
1183,1182,7992.0,7995.0,180,26,amp180_freq26,12,3.0,3.0,8632.0,8635.0
1184,1183,7998.0,8001.0,180,5,amp180_freq5,12,3.0,3.0,8638.0,8641.0
1185,1184,8004.0,8007.0,180,5,amp180_freq5,12,3.0,3.0,8644.0,8647.0
1186,1185,8010.0,8013.0,180,5,amp180_freq5,12,3.0,3.0,8650.0,8653.0
1187,1186,8016.0,8019.0,180,26,amp180_freq26,12,3.0,3.0,8656.0,8659.0
1188,1187,8022.0,8025.0,250,26,amp250_freq26,12,3.0,3.0,8662.0,8665.0
1189,1188,8028.0,8031.0,250,26,amp250_freq26,12,3.0,3.0,8668.0,8671.0
1190,1189,8034.0,8037.0,180,5,amp180_freq5,12,3.0,3.0,8674.0,8677.0
1191,1190,8040.0,8043.0,100,26,amp100_freq26,12,3.0,3.0,8680.0,8683.0
1192,1191,8046.0,8049.0,100,5,amp100_freq5,12,3.0,3.0,8686.0,8689.0
1193,1192,8052.0,8055.0,180,26,amp180_freq26,12,3.0,3.0,8692.0,8695.0
1194,1193,8058.0,8061.0,180,5,amp180_freq5,12,3.0,3.0,8698.0,8701.0
1195,1194,8064.0,8067.0,100,26,amp100_freq26,12,3.0,3.0,8704.0,8707.0
1196,1195,8070.0,8073.0,250,5,amp250_freq5,12,3.0,3.0,8710.0,8713.0
1197,1196,8076.0,8079.0,100,5,amp100_freq5,12,3.0,3.0,8716.0,8719.0
1198,1197,8082.0,8085.0,180,26,amp180_freq26,12,3.0,3.0,8722.0,8725.0
1199,1198,8088.0,8091.0,100,5,amp100_freq5,12,3.0,3.0,8728.0,8731.0
1200,1199,8094.0,8097.0,180,26,amp180_freq26,12,3.0,3.0,8734.0,8737.0
