cluster_a,cluster_b,n_spikes_a,n_spikes_b,template_similarity,n_coincident_1lag,expected_by_chance,coincidence_ratio,coincident_frac_of_smaller,flag
90,97,67227,842,0.135420560836792,1744,10.64,163.98,2.0713,separate
90,92,67227,13873,0.6037731766700745,19825,175.24,113.13,1.429,strong_merge
92,97,13873,842,0.3093034625053406,848,2.19,386.37,1.0071,strong_merge
92,99,13873,496,0.2730090022087097,464,1.29,358.89,0.9355,separate
97,104,842,43,0.786120593547821,32,0.01,4703.94,0.7442,strong_merge
90,91,67227,1470,0.657517671585083,945,18.57,50.89,0.6429,strong_merge
90,93,67227,48439,0.7518643140792847,19187,611.85,31.36,0.3961,possible_merge
9,12,254465,5505,0.17963051795959473,2005,263.2,7.62,0.3642,separate
93,99,48439,496,0.17792943120002747,176,4.51,38.99,0.3548,separate
93,97,48439,842,0.21058203279972076,284,7.66,37.06,0.3373,separate
95,104,70155,43,0.05302325263619423,14,0.57,24.7,0.3256,separate
95,99,70155,496,0.15394048392772675,158,6.54,24.17,0.3185,separate
126,127,46702,54753,0.35568735003471375,14740,480.45,30.68,0.3156,possible_merge
9,13,254465,5739,0.18180544674396515,1487,274.39,5.42,0.2591,separate
179,191,2588,129790,0.4001622498035431,650,63.11,10.3,0.2512,possible_merge
6,9,28399,254465,0.5319173336029053,7078,1357.81,5.21,0.2492,possible_merge
4,9,18245,254465,0.2796398997306824,4404,872.33,5.05,0.2414,separate
126,129,46702,80212,0.540683388710022,11202,703.85,15.92,0.2399,possible_merge
98,100,5430,243061,0.3381807506084442,1279,247.98,5.16,0.2355,possible_merge
89,92,91328,13873,0.625027060508728,3128,238.06,13.14,0.2255,possible_merge
100,112,243061,111417,0.4626445472240448,24534,5088.32,4.82,0.2202,possible_merge
5,9,20604,254465,0.2720869481563568,4412,985.12,4.48,0.2141,separate
109,113,3732,177706,0.835421621799469,794,124.61,6.37,0.2128,possible_merge
7,9,27245,254465,0.28794580698013306,5727,1302.63,4.4,0.2102,separate
92,93,13873,48439,0.9027753472328186,2877,126.26,22.79,0.2074,possible_merge
19,22,4910,25584,0.44316619634628296,1002,23.6,42.45,0.2041,possible_merge
91,92,1470,13873,0.5060491561889648,300,3.83,78.29,0.2041,possible_merge
167,177,7418,153187,0.15812553465366364,1513,213.51,7.09,0.204,separate
61,63,236690,10646,0.5371444225311279,2166,473.45,4.57,0.2035,possible_merge
89,90,91328,67227,0.9876250624656677,13499,1153.6,11.7,0.2008,possible_merge
9,10,254465,59836,0.5261141061782837,11814,2860.87,4.13,0.1974,separate
91,97,1470,842,0.1238156408071518,160,0.23,687.99,0.19,separate
88,91,77421,1470,0.059192609041929245,266,21.38,12.44,0.181,separate
179,187,2588,102502,0.27493396401405334,465,49.84,9.33,0.1797,separate
88,92,77421,13873,0.020065221935510635,2485,201.81,12.31,0.1791,separate
126,128,46702,60428,0.7392800450325012,8274,530.25,15.6,0.1772,separate
127,129,54753,80212,0.8350740075111389,9555,825.19,11.58,0.1745,separate
173,177,89779,153187,0.179158553481102,15631,2584.07,6.05,0.1741,separate
100,102,243061,200185,0.585564136505127,33503,9142.28,3.66,0.1674,separate
91,93,1470,48439,0.5936830043792725,244,13.38,18.24,0.166,separate
89,93,91328,48439,0.7761146426200867,7968,831.2,9.59,0.1645,separate
99,104,496,43,0.7491231560707092,7,0.0,1746.79,0.1628,separate
123,127,8813,54753,0.9156366586685181,1390,90.66,15.33,0.1577,separate
11,12,170053,5505,0.5891204476356506,864,175.89,4.91,0.1569,separate
8,9,20799,254465,0.20185869932174683,3182,994.44,3.2,0.153,separate
97,105,842,8386,0.16911964118480682,128,1.33,96.48,0.152,separate
95,97,70155,842,0.06958121061325073,127,11.1,11.44,0.1508,separate
187,191,102502,129790,0.9135205149650574,15400,2499.66,6.16,0.1502,separate
161,162,23944,26087,0.6879938840866089,3569,117.36,30.41,0.1491,separate
168,177,8465,153187,0.4896780550479889,1249,243.64,5.13,0.1475,separate
100,105,243061,8386,0.48513537645339966,1218,382.98,3.18,0.1452,separate
102,109,200185,3732,0.25366905331611633,530,140.37,3.78,0.142,separate
171,177,125268,153187,0.3697575330734253,17600,3605.53,4.88,0.1405,separate
61,66,236690,12871,0.2191922813653946,1796,572.4,3.14,0.1395,separate
127,128,54753,60428,0.6842928528785706,7482,621.66,12.04,0.1367,separate
89,97,91328,842,0.13361674547195435,115,14.45,7.96,0.1366,separate
59,62,10621,165486,0.23321014642715454,1441,330.24,4.36,0.1357,separate
170,177,31394,153187,0.325971782207489,4253,903.6,4.71,0.1355,separate
97,99,842,496,0.7364528775215149,65,0.08,828.35,0.131,separate
3,9,19211,254465,0.11694886535406113,2506,918.51,2.73,0.1304,separate
2,10,15663,59836,0.24135930836200714,2030,176.09,11.53,0.1296,separate
59,61,10621,236690,0.496981680393219,1365,472.34,2.89,0.1285,separate
100,101,243061,19908,0.43116384744644165,2553,909.18,2.81,0.1282,separate
123,126,8813,46702,0.39185667037963867,1127,77.33,14.57,0.1279,separate
1,9,26403,254465,0.16808100044727325,3371,1262.38,2.67,0.1277,separate
178,191,50141,129790,0.41301676630973816,6366,1222.76,5.21,0.127,separate
58,62,98506,165486,0.32827967405319214,12320,3062.89,4.02,0.1251,separate
10,11,59836,170053,0.6424238085746765,7479,1911.85,3.91,0.125,separate
161,163,23944,32539,0.8521568775177002,2981,146.39,20.36,0.1245,separate
102,107,200185,993,0.3286714255809784,123,37.35,3.29,0.1239,separate
109,112,3732,111417,0.4247654676437378,450,78.13,5.76,0.1206,separate
61,64,236690,14234,0.3551183044910431,1712,633.02,2.7,0.1203,separate
113,116,177706,9930,0.2905089557170868,1193,331.56,3.6,0.1201,separate
100,103,243061,64049,0.6357040405273438,7688,2925.06,2.63,0.12,separate
62,63,165486,10646,0.4134877920150757,1252,331.02,3.78,0.1176,separate
100,106,243061,19178,0.4711812138557434,2254,875.84,2.57,0.1175,separate
86,92,45865,13873,0.015351289883255959,1604,119.55,13.42,0.1156,separate
123,129,8813,80212,0.7907364964485168,1009,132.82,7.6,0.1145,separate
86,91,45865,1470,0.025529855862259865,168,12.67,13.26,0.1143,separate
11,13,170053,5739,0.43121758103370667,653,183.37,3.56,0.1138,separate
91,95,1470,70155,0.14489834010601044,164,19.38,8.46,0.1116,separate
55,61,16767,236690,0.10290126502513885,1861,745.66,2.5,0.111,separate
61,67,236690,60407,0.21118615567684174,6663,2686.42,2.48,0.1103,separate
1,3,26403,19211,0.4272991120815277,2100,95.3,22.03,0.1093,separate
88,94,77421,14267,0.009196787141263485,1555,207.54,7.49,0.109,separate
107,113,993,177706,0.837035596370697,107,33.16,3.23,0.1078,separate
89,91,91328,1470,0.6450046896934509,156,25.22,6.18,0.1061,separate
166,177,18039,153187,0.2160121202468872,1899,519.21,3.66,0.1053,separate
108,113,9408,177706,0.43223848938941956,989,314.13,3.15,0.1051,separate
164,171,7034,125268,0.309258371591568,738,165.56,4.46,0.1049,separate
36,41,22247,12377,0.3557935059070587,1298,51.74,25.09,0.1049,separate
178,187,50141,102502,0.2838965356349945,5216,965.68,5.4,0.104,separate
35,40,49218,14080,0.26808300614356995,1447,130.21,11.11,0.1028,separate
126,130,46702,6138,0.6230133771896362,611,53.86,11.34,0.0995,separate
86,94,45865,14267,0.008683997206389904,1412,122.95,11.48,0.099,separate
112,113,111417,177706,0.6896970272064209,10954,3720.15,2.94,0.0983,separate
175,177,8703,153187,0.38953179121017456,850,250.49,3.39,0.0977,separate
80,84,137067,36953,0.3715169131755829,3539,951.68,3.72,0.0958,separate
6,10,28399,59836,0.2901918888092041,2710,319.28,8.49,0.0954,separate
62,64,165486,14234,0.3972165286540985,1332,442.58,3.01,0.0936,separate
58,63,98506,10646,0.3415624499320984,994,197.04,5.04,0.0934,separate
162,163,26087,32539,0.6421074867248535,2430,159.49,15.24,0.0931,separate
107,121,993,46416,0.6565231084823608,92,8.66,10.62,0.0926,separate
110,113,4390,177706,0.8312803506851196,404,146.58,2.76,0.092,separate
102,110,200185,4390,0.307562917470932,402,165.12,2.43,0.0916,separate
61,65,236690,125333,0.6837784647941589,11417,5573.82,2.05,0.0911,separate
173,178,89779,50141,0.7305078506469727,4561,845.81,5.39,0.091,separate
11,14,170053,16329,0.46839818358421326,1471,521.74,2.82,0.0901,separate
22,23,25584,13614,0.930076539516449,1216,65.44,18.58,0.0893,separate
88,90,77421,67227,0.07990888506174088,5934,977.93,6.07,0.0883,separate
60,61,57480,236690,0.7958540916442871,5059,2556.25,1.98,0.088,separate
86,90,45865,67227,0.04816966503858566,4004,579.34,6.91,0.0873,separate
123,128,8813,60428,0.7288532853126526,760,100.06,7.6,0.0862,separate
62,68,165486,5161,0.38865581154823303,441,160.47,2.75,0.0854,separate
124,127,11158,54753,0.7266846299171448,947,114.79,8.25,0.0849,separate
113,121,177706,46416,0.6701270341873169,3938,1549.81,2.54,0.0848,separate
109,114,3732,84638,0.5311403274536133,314,59.35,5.29,0.0841,separate
156,170,7787,31394,0.13783182203769684,649,45.93,14.13,0.0833,separate
128,129,60428,80212,0.6571969389915466,5014,910.72,5.51,0.083,separate
127,131,54753,6873,0.6891489028930664,567,70.71,8.02,0.0825,separate
185,191,58869,129790,0.3717838525772095,4850,1435.61,3.38,0.0824,separate
167,179,7418,2588,0.3768669664859772,212,3.61,58.77,0.0819,separate
14,15,16329,31110,0.6596870422363281,1333,95.45,13.97,0.0816,separate
106,113,19178,177706,0.79314786195755,1560,640.34,2.44,0.0813,separate
58,61,98506,236690,0.7040702700614929,7962,4380.77,1.82,0.0808,separate
168,171,8465,125268,0.5115686058998108,679,199.24,3.41,0.0802,separate
125,126,7545,46702,0.6961947679519653,593,66.21,8.96,0.0786,separate
62,69,165486,25802,0.3545612394809723,2028,802.27,2.53,0.0786,separate
10,14,59836,16329,0.5156195759773254,1275,183.58,6.95,0.0781,separate
4,10,18245,59836,0.37225252389907837,1418,205.12,6.91,0.0777,separate
127,130,54753,6138,0.5255225896835327,476,63.15,7.54,0.0775,separate
63,65,10646,125333,0.7417569160461426,806,250.7,3.21,0.0757,separate
106,112,19178,111417,0.6924095749855042,1429,401.48,3.56,0.0745,separate
107,112,993,111417,0.5473511219024658,74,20.79,3.56,0.0745,separate
102,105,200185,8386,0.5719654560089111,625,315.42,1.98,0.0745,separate
8,15,20799,31110,0.8854631781578064,1549,121.58,12.74,0.0745,separate
15,17,31110,9936,0.8553680181503296,733,58.08,12.62,0.0738,separate
129,130,80212,6138,0.515163004398346,447,92.51,4.83,0.0728,separate
171,175,125268,8703,0.4246797561645508,632,204.84,3.09,0.0726,separate
58,64,98506,14234,0.43029671907424927,1034,263.45,3.92,0.0726,separate
65,66,125333,12871,0.5616342425346375,913,303.1,3.01,0.0709,separate
186,191,9850,129790,0.36923307180404663,695,240.21,2.89,0.0706,separate
158,165,137851,139304,0.48772725462913513,9707,3608.12,2.69,0.0704,separate
58,59,98506,10621,0.5632480382919312,724,196.58,3.68,0.0682,separate
26,32,58520,9746,0.18164487183094025,664,107.16,6.2,0.0681,separate
90,96,67227,4678,0.11563652753829956,318,59.09,5.38,0.068,separate
119,120,12193,24748,0.9851400852203369,825,56.7,14.55,0.0677,separate
74,84,9645,36953,0.146636500954628,649,66.97,9.69,0.0673,separate
94,97,14267,842,0.12567654252052307,56,2.26,24.81,0.0665,separate
159,170,8190,31394,0.2553808391094208,537,48.31,11.12,0.0656,separate
11,19,170053,4910,0.2683044672012329,321,156.88,2.05,0.0654,separate
158,164,137851,7034,0.33627551794052124,458,182.19,2.51,0.0651,separate
62,66,165486,12871,0.5784593224525452,836,400.2,2.09,0.065,separate
178,181,50141,5209,0.5754683017730713,337,49.07,6.87,0.0647,separate
176,179,27875,2588,0.35045740008354187,167,13.55,12.32,0.0645,separate
114,115,84638,9395,0.798802375793457,605,149.41,4.05,0.0644,separate
125,127,7545,54753,0.5798095464706421,474,77.62,6.11,0.0628,separate
158,171,137851,125268,0.16704986989498138,7797,3244.57,2.4,0.0622,separate
167,171,7418,125268,0.46279191970825195,460,174.6,2.63,0.062,separate
11,16,170053,48694,0.3809334933757782,3014,1555.85,1.94,0.0619,separate
1,8,26403,20799,0.19635295867919922,1286,103.18,12.46,0.0618,separate
180,191,54352,129790,0.6261904239654541,3353,1325.45,2.53,0.0617,separate
5,15,20604,31110,0.21410466730594635,1270,120.44,10.54,0.0616,separate
10,12,59836,5505,0.42378100752830505,335,61.89,5.41,0.0609,separate
126,131,46702,6873,0.5013753771781921,418,60.31,6.93,0.0608,separate
91,99,1470,496,0.11412128061056137,30,0.14,218.99,0.0605,separate
60,62,57480,165486,0.09278767555952072,3460,1787.25,1.94,0.0602,separate
11,15,170053,31110,0.37833839654922485,1850,994.01,1.86,0.0595,separate
62,72,165486,26071,0.42067044973373413,1550,810.64,1.91,0.0595,separate
124,126,11158,46702,0.5514546036720276,653,97.91,6.67,0.0585,separate
166,171,18039,125268,0.7150622010231018,1053,424.58,2.48,0.0584,separate
21,23,96893,13614,0.49239930510520935,787,247.85,3.18,0.0578,separate
179,184,2588,32506,0.3974013924598694,148,15.81,9.36,0.0572,separate
18,23,7968,13614,0.5949080586433411,456,20.38,22.37,0.0572,separate
59,65,10621,125333,0.427046537399292,605,250.11,2.42,0.057,separate
8,11,20799,170053,0.29919862747192383,1186,664.56,1.78,0.057,separate
109,121,3732,46416,0.9108662009239197,211,32.55,6.48,0.0565,separate
103,112,64049,111417,0.5450092554092407,3612,1340.82,2.69,0.0564,separate
173,176,89779,27875,0.7279772162437439,1571,470.22,3.34,0.0564,separate
74,78,9645,22127,0.8469714522361755,543,40.1,13.54,0.0563,separate
64,68,14234,5161,0.7857961654663086,290,13.8,21.01,0.0562,separate
103,113,64049,177706,0.517794668674469,3593,2138.56,1.68,0.0561,separate
89,96,91328,4678,0.12038324773311615,262,80.27,3.26,0.056,separate
179,189,2588,42434,0.3424820601940155,145,20.63,7.03,0.056,separate
5,14,20604,16329,0.27925336360931396,915,63.21,14.47,0.056,separate
110,112,4390,111417,0.5344669222831726,246,91.9,2.68,0.056,separate
6,14,28399,16329,0.355953574180603,913,87.13,10.48,0.0559,separate
125,129,7545,80212,0.5821583867073059,421,113.71,3.7,0.0558,separate
156,158,7787,137851,0.21778379380702972,434,201.69,2.15,0.0557,separate
186,187,9850,102502,0.475210577249527,547,189.7,2.88,0.0555,separate
80,83,137067,34070,0.19596362113952637,1885,877.43,2.15,0.0553,separate
173,175,89779,8703,0.5420195460319519,481,146.81,3.28,0.0553,separate
62,65,165486,125333,0.6118867993354797,6912,3897.03,1.77,0.0551,separate
63,64,10646,14234,0.5309831500053406,582,28.47,20.44,0.0547,separate
88,93,77421,48439,0.010056913830339909,2643,704.63,3.75,0.0546,separate
153,156,61940,7787,0.13554343581199646,423,90.63,4.67,0.0543,separate
170,171,31394,125268,0.736341655254364,1685,738.91,2.28,0.0537,separate
70,78,7042,22127,0.5353432297706604,377,29.28,12.88,0.0535,separate
124,128,11158,60428,0.5561609864234924,596,126.69,4.7,0.0534,separate
167,188,7418,10328,0.25648006796836853,394,14.39,27.37,0.0531,separate
173,184,89779,32506,0.5057898759841919,1719,548.33,3.13,0.0529,separate
173,185,89779,58869,0.5645735859870911,3096,993.04,3.12,0.0526,separate
165,171,139304,125268,0.5411341786384583,6547,3278.77,2.0,0.0523,separate
181,185,5209,58869,0.866933286190033,272,57.62,4.72,0.0522,separate
74,80,9645,137067,0.15385869145393372,498,248.39,2.0,0.0516,separate
128,130,60428,6138,0.8057245016098022,316,69.69,4.53,0.0515,separate
64,70,14234,7042,0.4864282011985779,363,18.83,19.27,0.0515,separate
179,185,2588,58869,0.47285735607147217,133,28.63,4.65,0.0514,separate
178,179,50141,2588,0.42524516582489014,133,24.38,5.45,0.0514,separate
108,114,9408,84638,0.36149534583091736,481,149.61,3.21,0.0511,separate
179,180,2588,54352,0.47880131006240845,132,26.43,4.99,0.051,separate
99,100,496,243061,0.42593181133270264,25,22.65,1.1,0.0504,separate
98,102,5430,200185,0.6214210987091064,273,204.24,1.34,0.0503,separate
41,44,12377,16109,0.330943763256073,617,37.46,16.47,0.0499,separate
114,122,84638,20481,0.7660536766052246,1017,325.7,3.12,0.0497,separate
16,21,48694,96893,0.9093770980834961,2414,886.49,2.72,0.0496,separate
113,118,177706,9389,0.718392014503479,466,313.49,1.49,0.0496,separate
101,102,19908,200185,0.4932110011577606,985,748.8,1.32,0.0495,separate
190,191,98301,129790,0.44233614206314087,4869,2397.21,2.03,0.0495,separate
115,121,9395,46416,0.7178946137428284,465,81.94,5.68,0.0495,separate
60,65,57480,125333,0.35461774468421936,2823,1353.6,2.09,0.0491,separate
65,67,125333,60407,0.5782999396324158,2963,1422.53,2.08,0.0491,separate
173,182,89779,24282,0.5702184438705444,1185,409.61,2.89,0.0488,separate
138,141,162099,21855,0.48742473125457764,1067,665.64,1.6,0.0488,separate
128,131,60428,6873,0.5226583480834961,334,78.04,4.28,0.0486,separate
8,14,20799,16329,0.6745331287384033,791,63.81,12.4,0.0484,separate
159,165,8190,139304,0.1908363550901413,396,214.37,1.85,0.0484,separate
165,167,139304,7418,0.3544852137565613,358,194.16,1.84,0.0483,separate
179,188,2588,10328,0.7086164951324463,124,5.02,24.69,0.0479,separate
60,63,57480,10646,0.2756856381893158,510,114.98,4.44,0.0479,separate
186,190,9850,98301,0.8492342829704285,471,181.93,2.59,0.0478,separate
0,5,86111,20604,0.07169054448604584,982,333.36,2.95,0.0477,separate
26,30,58520,15532,0.44833311438560486,737,170.78,4.32,0.0475,separate
179,193,2588,70300,0.17029814422130585,123,34.18,3.6,0.0475,separate
7,14,27245,16329,0.12224455177783966,766,83.59,9.16,0.0469,separate
100,104,243061,43,0.2449580878019333,2,1.96,1.02,0.0465,separate
104,113,43,177706,0.2637205719947815,2,1.44,1.39,0.0465,separate
58,67,98506,60407,0.25801441073417664,2805,1118.04,2.51,0.0464,separate
173,183,89779,12224,0.5568832159042358,559,206.2,2.71,0.0457,separate
62,67,165486,60407,0.7659114599227905,2760,1878.26,1.47,0.0457,separate
165,170,139304,31394,0.30487537384033203,1435,821.71,1.75,0.0457,separate
80,85,137067,23372,0.3861447274684906,1049,601.92,1.74,0.0449,separate
117,121,2769,46416,0.8192265033721924,124,24.15,5.13,0.0448,separate
11,21,170053,96893,0.3561542332172394,4335,3095.88,1.4,0.0447,separate
0,6,86111,28399,0.04644114151597023,1269,459.48,2.76,0.0447,separate
189,191,42434,129790,0.7111139893531799,1889,1034.81,1.83,0.0445,separate
180,187,54352,102502,0.6049116849899292,2421,1046.78,2.31,0.0445,separate
59,68,10621,5161,0.3851087689399719,229,10.3,22.23,0.0444,separate
129,131,80212,6873,0.8550890684127808,304,103.58,2.93,0.0442,separate
3,5,19211,20604,0.19329284131526947,844,74.37,11.35,0.0439,separate
78,84,22127,36953,0.3687264323234558,966,153.63,6.29,0.0437,separate
10,15,59836,31110,0.38508176803588867,1356,349.76,3.88,0.0436,separate
48,53,8709,51193,0.19934549927711487,379,83.77,4.52,0.0435,separate
91,94,1470,14267,0.19454744458198547,63,3.94,15.99,0.0429,separate
105,108,8386,9408,0.629736065864563,360,14.82,24.29,0.0429,separate
17,26,9936,58520,0.15282700955867767,425,109.25,3.89,0.0428,separate
125,128,7545,60428,0.8982627391815186,322,85.67,3.76,0.0427,separate
63,67,10646,60407,0.4813915193080902,452,120.83,3.74,0.0425,separate
111,113,20840,177706,0.8696213364601135,885,695.84,1.27,0.0425,separate
7,8,27245,20799,0.15158694982528687,880,106.47,8.27,0.0423,separate
0,8,86111,20799,0.039108917117118835,879,336.52,2.61,0.0423,separate
114,121,84638,46416,0.7459968328475952,1964,738.14,2.66,0.0423,separate
114,116,84638,9930,0.4818525016307831,419,157.91,2.65,0.0422,separate
1,5,26403,20604,0.37382772564888,868,102.21,8.49,0.0421,separate
16,23,48694,13614,0.5489864945411682,570,124.56,4.58,0.0419,separate
58,65,98506,125333,0.5651875734329224,4112,2319.72,1.77,0.0417,separate
138,142,162099,23779,0.24088241159915924,990,724.24,1.37,0.0416,separate
108,116,9408,9930,0.7942684292793274,391,17.55,22.28,0.0416,separate
59,64,10621,14234,0.8161919116973877,439,28.41,15.45,0.0413,separate
136,138,47213,162099,0.2625207304954529,1932,1437.97,1.34,0.0409,separate
169,177,6653,153187,0.46374207735061646,272,191.49,1.42,0.0409,separate
10,13,59836,5739,0.2828845679759979,234,64.52,3.63,0.0408,separate
53,55,51193,16767,0.8124114274978638,678,161.28,4.2,0.0404,separate
103,108,64049,9408,0.29503482580184937,379,113.22,3.35,0.0403,separate
64,65,14234,125333,0.4546757936477661,573,335.2,1.71,0.0403,separate
37,41,9479,12377,0.5144414305686951,382,22.04,17.33,0.0403,separate
86,93,45865,48439,0.013708111830055714,1811,417.43,4.34,0.0395,separate
149,153,17526,61940,0.4141713082790375,688,203.97,3.37,0.0393,separate
156,159,7787,8190,0.8187869191169739,305,11.98,25.45,0.0392,separate
92,95,13873,70155,0.24825671315193176,542,182.87,2.96,0.0391,separate
189,190,42434,98301,0.5814188718795776,1661,783.75,2.12,0.0391,separate
5,8,20604,20799,0.5350692868232727,805,80.52,10.0,0.0391,separate
121,122,46416,20481,0.9801229238510132,796,178.62,4.46,0.0389,separate
0,3,86111,19211,0.44890928268432617,745,310.83,2.4,0.0388,separate
185,189,58869,42434,0.5459216833114624,1642,469.36,3.5,0.0387,separate
50,54,17393,8612,0.6706308126449585,330,28.14,11.73,0.0383,separate
58,60,98506,57480,0.499722421169281,2204,1063.87,2.07,0.0383,separate
163,164,32539,7034,0.1384815275669098,269,43.0,6.26,0.0382,separate
31,35,19675,49218,0.271824449300766,748,181.95,4.11,0.038,separate
63,68,10646,5161,0.49863189458847046,196,10.32,18.99,0.038,separate
135,141,42031,21855,0.3663731813430786,831,172.59,4.81,0.038,separate
188,193,10328,70300,0.38474518060684204,389,136.42,2.85,0.0377,separate
158,159,137851,8190,0.37234997749328613,309,212.13,1.46,0.0377,separate
124,129,11158,80212,0.9232197999954224,417,168.16,2.48,0.0374,separate
137,138,61617,162099,0.2232041358947754,2297,1876.67,1.22,0.0373,separate
24,26,9728,58520,0.7450995445251465,361,106.96,3.37,0.0371,separate
0,4,86111,18245,0.12101352214813232,672,295.2,2.28,0.0368,separate
3,7,19211,27245,0.11645132303237915,706,98.34,7.18,0.0367,separate
59,60,10621,57480,0.35423633456230164,389,114.71,3.39,0.0366,separate
59,63,10621,10646,0.43923625349998474,389,21.25,18.31,0.0366,separate
37,40,9479,14080,0.3012439012527466,346,25.08,13.8,0.0365,separate
4,7,18245,27245,0.18135353922843933,665,93.4,7.12,0.0364,separate
135,138,42031,162099,0.7856498956680298,1519,1280.14,1.19,0.0361,separate
8,17,20799,9936,0.6824880838394165,358,38.83,9.22,0.036,separate
184,185,32506,58869,0.9600316286087036,1168,359.55,3.25,0.0359,separate
138,139,162099,26217,0.6105898022651672,941,798.49,1.18,0.0359,separate
86,89,45865,91328,0.0402541421353817,1638,787.03,2.08,0.0357,separate
161,165,23944,139304,0.22337743639945984,854,626.71,1.36,0.0357,separate
32,36,9746,22247,0.4541502594947815,346,40.74,8.49,0.0355,separate
150,153,14043,61940,0.17507578432559967,499,163.43,3.05,0.0355,separate
0,7,86111,27245,0.028545785695314407,964,440.81,2.19,0.0354,separate
161,164,23944,7034,0.19957104325294495,248,31.65,7.84,0.0353,separate
110,121,4390,46416,0.6267418265342712,155,38.29,4.05,0.0353,separate
173,174,89779,18202,0.6770152449607849,640,307.04,2.08,0.0352,separate
187,193,102502,70300,0.26980090141296387,2458,1353.93,1.82,0.035,separate
1,6,26403,28399,0.2913089394569397,918,140.88,6.52,0.0348,separate
176,185,27875,58869,0.6334056258201599,964,308.33,3.13,0.0346,separate
138,143,162099,31920,0.3673604130744934,1101,972.19,1.13,0.0345,separate
103,105,64049,8386,0.349954217672348,288,100.92,2.85,0.0343,separate
99,105,496,8386,0.42380082607269287,17,0.78,21.75,0.0343,separate
172,173,41964,89779,0.7264532446861267,1441,707.88,2.04,0.0343,separate
60,64,57480,14234,0.19051651656627655,487,153.73,3.17,0.0342,separate
79,80,15861,137067,0.19731882214546204,540,408.48,1.32,0.034,separate
186,193,9850,70300,0.49575063586235046,335,130.11,2.57,0.034,separate
187,189,102502,42434,0.6690199971199036,1437,817.25,1.76,0.0339,separate
162,165,26087,139304,0.10800482332706451,881,682.8,1.29,0.0338,separate
108,121,9408,46416,0.38684695959091187,316,82.05,3.85,0.0336,separate
163,165,32539,139304,0.18939532339572906,1090,851.68,1.28,0.0335,separate
116,121,9930,46416,0.41768190264701843,332,86.6,3.83,0.0334,separate
2,6,15663,28399,0.3595375418663025,520,83.58,6.22,0.0332,separate
187,190,102502,98301,0.5889366269111633,3265,1893.21,1.72,0.0332,separate
183,185,12224,58869,0.8256426453590393,404,135.21,2.99,0.033,separate
88,89,77421,91328,0.07285390794277191,2554,1328.53,1.92,0.033,separate
35,39,49218,10258,0.4142799377441406,338,94.86,3.56,0.0329,separate
152,156,12591,7787,0.24406345188617706,256,18.42,13.9,0.0329,separate
63,70,10646,7042,0.36061814427375793,231,14.09,16.4,0.0328,separate
158,161,137851,23944,0.12874068319797516,784,620.17,1.26,0.0327,separate
52,53,14462,51193,0.7101622819900513,468,139.11,3.36,0.0324,separate
78,80,22127,137067,0.22357171773910522,717,569.85,1.26,0.0324,separate
114,119,84638,12193,0.4903702437877655,394,193.9,2.03,0.0323,separate
35,38,49218,12802,0.6785516142845154,411,118.39,3.47,0.0321,separate
8,10,20799,59836,0.4376150071620941,668,233.84,2.86,0.0321,separate
164,167,7034,7418,0.7334516048431396,225,9.8,22.95,0.032,separate
18,21,7968,96893,0.5097731351852417,254,145.06,1.75,0.0319,separate
74,82,9645,17753,0.5267742276191711,307,32.17,9.54,0.0318,separate
36,37,22247,9479,0.6438970565795898,301,39.62,7.6,0.0318,separate
191,192,129790,45474,0.21174819767475128,1436,1108.95,1.29,0.0316,separate
119,121,12193,46416,0.8529139757156372,383,106.34,3.6,0.0314,separate
115,116,9395,9930,0.3435930609703064,294,17.53,16.77,0.0313,separate
154,161,9235,23944,0.1345004141330719,287,41.55,6.91,0.0311,separate
80,81,137067,28424,0.5618812441825867,873,732.02,1.19,0.0307,separate
157,165,44998,139304,0.061384521424770355,1382,1177.78,1.17,0.0307,separate
156,164,7787,7034,0.4047253727912903,216,10.29,20.99,0.0307,separate
159,164,8190,7034,0.6521255970001221,213,10.82,19.68,0.0303,separate
24,28,9728,15905,0.5813388824462891,293,29.07,10.08,0.0301,separate
109,116,3732,9930,0.3706934452056885,111,6.96,15.94,0.0297,separate
165,166,139304,18039,0.6019229888916016,534,472.15,1.13,0.0296,separate
114,118,84638,9389,0.47316989302635193,274,149.31,1.84,0.0292,separate
41,42,12377,7979,0.18337568640708923,232,18.56,12.5,0.0291,separate
98,105,5430,8386,0.7962220907211304,158,8.56,18.47,0.0291,separate
21,22,96893,25584,0.7088382840156555,741,465.77,1.59,0.029,separate
25,32,10547,9746,0.3881658911705017,282,19.31,14.6,0.0289,separate
163,171,32539,125268,0.1383724957704544,939,765.86,1.23,0.0289,separate
93,94,48439,14267,0.13502663373947144,413,129.85,3.18,0.0289,separate
24,25,9728,10547,0.6257421374320984,279,19.28,14.47,0.0287,separate
26,27,58520,21183,0.5631227493286133,607,232.92,2.61,0.0287,separate
172,185,41964,58869,0.5428600907325745,1206,464.16,2.6,0.0287,separate
68,74,5161,9645,0.45460012555122375,147,9.35,15.72,0.0285,separate
2,8,15663,20799,0.16759590804576874,446,61.21,7.29,0.0285,separate
14,17,16329,9936,0.5805245041847229,283,30.48,9.28,0.0285,separate
162,171,26087,125268,0.08086063712835312,741,614.0,1.21,0.0284,separate
114,120,84638,24748,0.5089804530143738,701,393.56,1.78,0.0283,separate
26,29,58520,27346,0.6338655352592468,773,300.68,2.57,0.0283,separate
87,94,19381,14267,0.01358658168464899,404,51.95,7.78,0.0283,separate
99,102,496,200185,0.38007333874702454,14,18.66,0.75,0.0282,separate
161,171,23944,125268,0.1748334765434265,675,563.57,1.2,0.0282,separate
157,158,44998,137851,0.30932655930519104,1271,1165.5,1.09,0.0282,separate
6,7,28399,27245,0.6032388210296631,767,145.38,5.28,0.0282,separate
94,99,14267,496,0.13998980820178986,14,1.33,10.53,0.0282,separate
63,66,10646,12871,0.6218465566635132,299,25.75,11.61,0.0281,separate
178,183,50141,12224,0.5753857493400574,342,115.16,2.97,0.028,separate
40,45,14080,13397,0.2600514888763428,374,35.44,10.55,0.0279,separate
25,28,10547,15905,0.7959910035133362,293,31.52,9.3,0.0278,separate
75,78,10682,22127,0.4011727273464203,297,44.41,6.69,0.0278,separate
24,30,9728,15532,0.45239442586898804,269,28.39,9.48,0.0277,separate
101,103,19908,64049,0.1887422502040863,550,239.58,2.3,0.0276,separate
164,165,7034,139304,0.4078621566295624,191,184.11,1.04,0.0272,separate
148,155,16033,10920,0.16078345477581024,297,32.9,9.03,0.0272,separate
107,122,993,20481,0.5990318655967712,27,3.82,7.07,0.0272,separate
165,169,139304,6653,0.2049010992050171,180,174.14,1.03,0.0271,separate
190,193,98301,70300,0.6104464530944824,1906,1298.44,1.47,0.0271,separate
94,96,14267,4678,0.8523462414741516,127,12.54,10.13,0.0271,separate
190,192,98301,45474,0.5975620746612549,1226,839.9,1.46,0.027,separate
0,1,86111,26403,0.3127247095108032,714,427.19,1.67,0.027,separate
14,21,16329,96893,0.3718315660953522,439,297.28,1.48,0.0269,separate
80,82,137067,17753,0.3057491183280945,476,457.21,1.04,0.0268,separate
146,149,20410,17526,0.5049089789390564,470,67.21,6.99,0.0268,separate
115,122,9395,20481,0.713467538356781,252,36.15,6.97,0.0268,separate
64,67,14234,60407,0.4080579876899719,381,161.56,2.36,0.0268,separate
148,151,16033,29389,0.18191318213939667,421,88.53,4.76,0.0263,separate
78,82,22127,17753,0.8507668972015381,466,73.81,6.31,0.0262,separate
28,32,15905,9746,0.8167814612388611,251,29.13,8.62,0.0258,separate
182,185,24282,58869,0.7624014616012573,627,268.58,2.33,0.0258,separate
116,122,9930,20481,0.4400535821914673,255,38.21,6.67,0.0257,separate
151,153,29389,61940,0.8147286772727966,752,342.03,2.2,0.0256,separate
184,189,32506,42434,0.4493212103843689,827,259.17,3.19,0.0254,separate
17,23,9936,13614,0.24002233147621155,252,25.42,9.92,0.0254,separate
26,28,58520,15905,0.3040931820869446,402,174.88,2.3,0.0253,separate
138,140,162099,59904,0.5548670887947083,1509,1824.5,0.83,0.0252,separate
33,35,11646,49218,0.6058399677276611,292,107.7,2.71,0.0251,separate
70,76,7042,108183,0.19629648327827454,177,143.14,1.24,0.0251,separate
170,176,31394,27875,0.31541916728019714,701,164.43,4.26,0.0251,separate
185,188,58869,10328,0.25934678316116333,259,114.24,2.27,0.0251,separate
176,184,27875,32506,0.4853519797325134,696,170.25,4.09,0.025,separate
168,170,8465,31394,0.6923417448997498,212,49.93,4.25,0.025,separate
180,193,54352,70300,0.412632554769516,1351,717.92,1.88,0.0249,separate
180,190,54352,98301,0.7524780631065369,1355,1003.88,1.35,0.0249,separate
15,18,31110,7968,0.3614793121814728,197,46.58,4.23,0.0247,separate
0,2,86111,15663,0.23153993487358093,383,253.42,1.51,0.0245,separate
24,27,9728,21183,0.6961973309516907,237,38.72,6.12,0.0244,separate
181,184,5209,32506,0.9352066516876221,127,31.81,3.99,0.0244,separate
67,71,60407,16363,0.540235161781311,396,185.72,2.13,0.0242,separate
160,171,3026,125268,0.09818030148744583,73,71.22,1.02,0.0241,separate
140,145,59904,11696,0.34237203001976013,280,131.64,2.13,0.0239,separate
33,36,11646,22247,0.41007059812545776,278,48.68,5.71,0.0239,separate
136,140,47213,59904,0.43110188841819763,1125,531.4,2.12,0.0238,separate
35,37,49218,9479,0.560796320438385,226,87.66,2.58,0.0238,separate
186,192,9850,45474,0.6610011458396912,234,84.16,2.78,0.0238,separate
172,182,41964,24282,0.4415142834186554,575,191.46,3.0,0.0237,separate
134,135,49426,42031,0.23110730946063995,995,390.33,2.55,0.0237,separate
51,55,12041,16767,0.25941067934036255,285,37.93,7.51,0.0237,separate
172,176,41964,27875,0.9480116963386536,659,219.79,3.0,0.0236,separate
53,56,51193,7721,0.39506134390830994,181,74.27,2.44,0.0234,separate
67,69,60407,25802,0.591518223285675,605,292.85,2.07,0.0234,separate
186,189,9850,42434,0.5909110903739929,230,78.53,2.93,0.0234,separate
103,104,64049,43,0.2986432909965515,1,0.52,1.93,0.0233,separate
104,105,43,8386,0.3210029602050781,1,0.07,14.76,0.0233,separate
57,59,11595,10621,0.1929684579372406,245,23.14,10.59,0.0231,separate
178,184,50141,32506,0.6237211227416992,751,306.24,2.45,0.0231,separate
170,175,31394,8703,0.5168960094451904,200,51.34,3.9,0.023,separate
178,185,50141,58869,0.5967228412628174,1147,554.61,2.07,0.0229,separate
40,41,14080,12377,0.4761097729206085,284,32.74,8.67,0.0229,separate
109,122,3732,20481,0.8721632361412048,85,14.36,5.92,0.0228,separate
189,193,42434,70300,0.19944193959236145,966,560.5,1.72,0.0228,separate
24,32,9728,9746,0.4585486948490143,221,17.81,12.41,0.0227,separate
25,30,10547,15532,0.22245770692825317,239,30.78,7.76,0.0227,separate
178,182,50141,24282,0.6969834566116333,546,228.76,2.39,0.0225,separate
133,135,24753,42031,0.12013678252696991,555,195.48,2.84,0.0224,separate
92,94,13873,14267,0.1777629852294922,309,37.19,8.31,0.0223,separate
54,57,8612,11595,0.6238664984703064,192,18.76,10.23,0.0223,separate
159,166,8190,18039,0.2836410701274872,183,27.76,6.59,0.0223,separate
55,60,16767,57480,0.10093240439891815,372,181.08,2.05,0.0222,separate
137,142,61617,23779,0.18284699320793152,527,275.3,1.91,0.0222,separate
158,160,137851,3026,0.3325014114379883,67,78.38,0.85,0.0221,separate
19,21,4910,96893,0.6945555806159973,108,89.39,1.21,0.022,separate
52,55,14462,16767,0.5359637141227722,316,45.56,6.94,0.0219,separate
75,83,10682,34070,0.16995275020599365,234,68.38,3.42,0.0219,separate
87,90,19381,67227,0.10024718940258026,424,244.81,1.73,0.0219,separate
162,164,26087,7034,0.2298605591058731,154,34.48,4.47,0.0219,separate
74,76,9645,108183,0.2567782998085022,211,196.05,1.08,0.0219,separate
24,29,9728,27346,0.5264099836349487,213,49.98,4.26,0.0219,separate
137,140,61617,59904,0.5458951592445374,1299,693.53,1.87,0.0217,separate
187,192,102502,45474,0.2720337510108948,988,875.8,1.13,0.0217,separate
109,115,3732,9395,0.5590568780899048,81,6.59,12.3,0.0217,separate
137,143,61617,31920,0.15307411551475525,694,369.55,1.88,0.0217,separate
53,54,51193,8612,0.6031391620635986,186,82.84,2.25,0.0216,separate
174,185,18202,58869,0.6582277417182922,394,201.33,1.96,0.0216,separate
28,34,15905,14719,0.5058057904243469,313,43.99,7.12,0.0213,separate
86,87,45865,19381,0.7520883083343506,409,167.02,2.45,0.0211,separate
1,2,26403,15663,0.7554339170455933,329,77.7,4.23,0.021,separate
79,84,15861,36953,0.2139449119567871,333,110.13,3.02,0.021,separate
137,141,61617,21855,0.1103009283542633,456,253.02,1.8,0.0209,separate
111,112,20840,111417,0.5198646187782288,434,436.27,0.99,0.0208,separate
70,74,7042,9645,0.8079415559768677,146,12.76,11.44,0.0207,separate
96,101,4678,19908,0.12116672098636627,97,17.5,5.54,0.0207,separate
115,117,9395,2769,0.5742782354354858,57,4.89,11.66,0.0206,separate
129,134,80212,49426,0.19575446844100952,1016,744.91,1.36,0.0206,separate
117,122,2769,20481,0.8183410167694092,57,10.66,5.35,0.0206,separate
37,39,9479,10258,0.5067492127418518,194,18.27,10.62,0.0205,separate
28,33,15905,11646,0.33942702412605286,238,34.8,6.84,0.0204,separate
87,89,19381,91328,0.08602690696716309,395,332.57,1.19,0.0204,separate
134,140,49426,59904,0.16380789875984192,1009,556.31,1.81,0.0204,separate
7,13,27245,5739,0.13961902260780334,117,29.38,3.98,0.0204,separate
149,151,17526,29389,0.7413959503173828,355,96.78,3.67,0.0203,separate
67,72,60407,26071,0.7234209179878235,530,295.91,1.79,0.0203,separate
17,25,9936,10547,0.4281889796257019,202,19.69,10.26,0.0203,separate
49,50,7584,17393,0.32196274399757385,153,24.78,6.17,0.0202,separate
192,193,45474,70300,0.841559648513794,919,600.66,1.53,0.0202,separate
154,156,9235,7787,0.4677215814590454,157,13.51,11.62,0.0202,separate
139,141,26217,21855,0.24764198064804077,442,107.66,4.11,0.0202,separate
99,101,496,19908,0.2863752841949463,10,1.86,5.39,0.0202,separate
76,81,108183,28424,0.29711857438087463,570,577.77,0.99,0.0201,separate
108,122,9408,20481,0.36159244179725647,189,36.2,5.22,0.0201,separate
14,16,16329,48694,0.5172255635261536,328,149.4,2.2,0.0201,separate
176,183,27875,12224,0.5850727558135986,246,64.02,3.84,0.0201,separate
172,175,41964,8703,0.7172558307647705,174,68.62,2.54,0.02,separate
3,6,19211,28399,0.35632023215293884,384,102.51,3.75,0.02,separate
155,156,10920,7787,0.18565768003463745,155,15.98,9.7,0.0199,separate
150,154,14043,9235,0.5072261691093445,183,24.37,7.51,0.0198,separate
180,184,54352,32506,0.6201624274253845,642,331.96,1.93,0.0198,separate
87,91,19381,1470,0.06671630591154099,29,5.35,5.42,0.0197,separate
106,109,19178,3732,0.5005530714988708,73,13.45,5.43,0.0196,separate
154,162,9235,26087,0.20118480920791626,180,45.27,3.98,0.0195,separate
6,8,28399,20799,0.33948493003845215,404,110.98,3.64,0.0194,separate
69,75,25802,10682,0.5472584366798401,207,51.79,4.0,0.0194,separate
25,27,10547,21183,0.3333764970302582,205,41.98,4.88,0.0194,separate
68,70,5161,7042,0.8275762796401978,100,6.83,14.64,0.0194,separate
147,151,25523,29389,0.18165113031864166,495,140.94,3.51,0.0194,separate
4,6,18245,28399,0.49944648146629333,353,97.35,3.63,0.0193,separate
6,12,28399,5505,0.24834083020687103,106,29.37,3.61,0.0193,separate
50,51,17393,12041,0.8136900663375854,232,39.35,5.9,0.0193,separate
180,186,54352,9850,0.7042946815490723,190,100.59,1.89,0.0193,separate
66,67,12871,60407,0.8475258350372314,247,146.09,1.69,0.0192,separate
33,38,11646,12802,0.2625039219856262,223,28.01,7.96,0.0191,separate
188,192,10328,45474,0.22789831459522247,197,88.24,2.23,0.0191,separate
76,85,108183,23372,0.2551301419734955,447,475.08,0.94,0.0191,separate
150,155,14043,10920,0.43687161803245544,208,28.81,7.22,0.019,separate
78,79,22127,15861,0.4644300937652588,299,65.94,4.53,0.0189,separate
139,140,26217,59904,0.48830321431159973,496,295.08,1.68,0.0189,separate
167,170,7418,31394,0.4900323152542114,140,43.76,3.2,0.0189,separate
136,141,47213,21855,0.10147295147180557,411,193.87,2.12,0.0188,separate
106,108,19178,9408,0.36835169792175293,177,33.9,5.22,0.0188,separate
148,152,16033,12591,0.4270012378692627,236,37.93,6.22,0.0187,separate
103,106,64049,19178,0.7554735541343689,358,230.79,1.55,0.0187,separate
78,83,22127,34070,0.5344138145446777,412,141.65,2.91,0.0186,separate
54,55,8612,16767,0.5640202760696411,160,27.13,5.9,0.0186,separate
111,121,20840,46416,0.7402852773666382,381,181.75,2.1,0.0183,separate
159,168,8190,8465,0.1884683519601822,150,13.03,11.52,0.0183,separate
13,15,5739,31110,0.3273293972015381,105,33.55,3.13,0.0183,separate
4,5,18245,20604,0.39372241497039795,334,70.63,4.73,0.0183,separate
30,36,15532,22247,0.31456616520881653,284,64.92,4.37,0.0183,separate
72,75,26071,10682,0.24873383343219757,196,52.33,3.75,0.0183,separate
172,183,41964,12224,0.5588934421539307,222,96.38,2.3,0.0182,separate
17,21,9936,96893,0.3815036118030548,181,180.89,1.0,0.0182,separate
101,105,19908,8386,0.19586114585399628,153,31.37,4.88,0.0182,separate
142,148,23779,16033,0.4816458821296692,291,71.63,4.06,0.0182,separate
140,143,59904,31920,0.62635737657547,579,359.27,1.61,0.0181,separate
144,150,18671,14043,0.520450234413147,254,49.26,5.16,0.0181,separate
183,184,12224,32506,0.8747323155403137,221,74.66,2.96,0.0181,separate
176,182,27875,24282,0.4839945435523987,440,127.18,3.46,0.0181,separate
34,36,14719,22247,0.7626274824142456,265,61.53,4.31,0.018,separate
95,96,70155,4678,0.41695937514305115,84,61.66,1.36,0.018,separate
118,121,9389,46416,0.8903849124908447,168,81.88,2.05,0.0179,separate
188,190,10328,98301,0.3799054026603699,185,190.76,0.97,0.0179,separate
136,137,47213,61617,0.8397319912910461,843,546.6,1.54,0.0179,separate
93,95,48439,70155,0.1904357373714447,862,638.5,1.35,0.0178,separate
175,176,8703,27875,0.8035115599632263,155,45.58,3.4,0.0178,separate
50,57,17393,11595,0.8432092666625977,204,37.89,5.38,0.0176,separate
136,143,47213,31920,0.1276877373456955,561,283.16,1.98,0.0176,separate
51,54,12041,8612,0.5955826640129089,152,19.48,7.8,0.0176,separate
33,37,11646,9479,0.3880015015602112,166,20.74,8.0,0.0175,separate
20,21,459,96893,0.8609452247619629,8,8.36,0.96,0.0174,separate
66,68,12871,5161,0.3716617524623871,90,12.48,7.21,0.0174,separate
67,68,60407,5161,0.3940698206424713,89,58.58,1.52,0.0172,separate
149,154,17526,9235,0.3525058925151825,159,30.41,5.23,0.0172,separate
73,79,17297,15861,0.4814985990524292,273,51.55,5.3,0.0172,separate
17,19,9936,4910,0.18444955348968506,84,9.17,9.16,0.0171,separate
96,98,4678,5430,0.2652437388896942,80,4.77,16.76,0.0171,separate
169,171,6653,125268,0.7743701338768005,113,156.59,0.72,0.017,separate
8,13,20799,5739,0.28073108196258545,97,22.43,4.32,0.0169,separate
15,21,31110,96893,0.3312050402164459,527,566.37,0.93,0.0169,separate
105,106,8386,19178,0.2905060350894928,141,30.22,4.67,0.0168,separate
135,140,42031,59904,0.6716693639755249,707,473.08,1.49,0.0168,separate
126,134,46702,49426,0.19146433472633362,783,433.71,1.81,0.0168,separate
75,79,10682,15861,0.5955055356025696,178,31.83,5.59,0.0167,separate
120,121,24748,46416,0.8656190037727356,413,215.83,1.91,0.0167,separate
14,19,16329,4910,0.4402930438518524,82,15.06,5.44,0.0167,separate
46,52,12974,14462,0.4693089723587036,215,35.25,6.1,0.0166,separate
180,185,54352,58869,0.7305834293365479,897,601.19,1.49,0.0165,separate
174,178,18202,50141,0.43181541562080383,300,171.48,1.75,0.0165,separate
140,141,59904,21855,0.46697336435317993,361,245.99,1.47,0.0165,separate
139,142,26217,23779,0.14714299142360687,389,117.13,3.32,0.0164,separate
49,54,7584,8612,0.337173193693161,123,12.27,10.02,0.0162,separate
69,73,25802,17297,0.5965659618377686,281,83.86,3.35,0.0162,separate
99,106,496,19178,0.34600624442100525,8,1.79,4.48,0.0161,separate
140,142,59904,23779,0.5710494518280029,382,267.64,1.43,0.0161,separate
52,57,14462,11595,0.31932926177978516,187,31.51,5.94,0.0161,separate
176,181,27875,5209,0.463678240776062,84,27.28,3.08,0.0161,separate
152,153,12591,61940,0.3154253363609314,203,146.53,1.39,0.0161,separate
32,34,9746,14719,0.8040953278541565,156,26.95,5.79,0.016,separate
168,176,8465,27875,0.5621485710144043,135,44.34,3.04,0.0159,separate
182,184,24282,32506,0.8268924355506897,382,148.3,2.58,0.0157,separate
16,22,48694,25584,0.7678189873695374,400,234.07,1.71,0.0156,separate
111,118,20840,9389,0.8864959478378296,145,36.76,3.94,0.0154,separate
34,35,14719,49218,0.3745253086090088,226,136.12,1.66,0.0154,separate
25,26,10547,58520,0.45380836725234985,162,115.97,1.4,0.0154,separate
2,4,15663,18245,0.8163822293281555,239,53.69,4.45,0.0153,separate
51,57,12041,11595,0.5329751372337341,177,26.23,6.75,0.0153,separate
16,20,48694,459,0.9230437874794006,7,4.2,1.67,0.0153,separate
134,136,49426,47213,0.09988527745008469,722,438.45,1.65,0.0153,separate
16,19,48694,4910,0.6975846886634827,75,44.92,1.67,0.0153,separate
180,189,54352,42434,0.8435463309288025,643,433.35,1.48,0.0152,separate
135,137,42031,61617,0.5727078318595886,639,486.61,1.31,0.0152,separate
47,51,10400,12041,0.4057638943195343,158,23.53,6.72,0.0152,separate
132,135,18497,42031,0.08167802542448044,282,146.08,1.93,0.0152,separate
180,192,54352,45474,0.45001035928726196,687,464.39,1.48,0.0151,separate
106,107,19178,993,0.5239592790603638,15,3.58,4.19,0.0151,separate
127,134,54753,49426,0.1778182089328766,748,508.48,1.47,0.0151,separate
78,85,22127,23372,0.3469562828540802,334,97.17,3.44,0.0151,separate
149,155,17526,10920,0.25816088914871216,165,35.96,4.59,0.0151,separate
168,172,8465,41964,0.4396997094154358,128,66.74,1.92,0.0151,separate
94,101,14267,19908,0.0650111585855484,215,53.37,4.03,0.0151,separate
40,42,14080,7979,0.3182615637779236,120,21.11,5.68,0.015,separate
75,81,10682,28424,0.34770315885543823,160,57.05,2.8,0.015,separate
180,181,54352,5209,0.47692012786865234,78,53.2,1.47,0.015,separate
79,83,15861,34070,0.2656399607658386,238,101.53,2.34,0.015,separate
66,69,12871,25802,0.4426368772983551,192,62.4,3.08,0.0149,separate
135,143,42031,31920,0.33867254853248596,475,252.08,1.88,0.0149,separate
127,133,54753,24753,0.10947379469871521,367,254.65,1.44,0.0148,separate
79,82,15861,17753,0.46926769614219666,233,52.91,4.4,0.0147,separate
74,79,9645,15861,0.3986821174621582,142,28.74,4.94,0.0147,separate
27,34,21183,14719,0.40210747718811035,216,58.58,3.69,0.0147,separate
51,56,12041,7721,0.3846818506717682,113,17.47,6.47,0.0146,separate
181,182,5209,24282,0.8976880311965942,76,23.77,3.2,0.0146,separate
71,74,16363,9645,0.37214797735214233,141,29.65,4.75,0.0146,separate
48,52,8709,14462,0.6909303665161133,127,23.66,5.37,0.0146,separate
108,109,9408,3732,0.39784911274909973,54,6.6,8.19,0.0145,separate
19,23,4910,13614,0.18061397969722748,71,12.56,5.65,0.0145,separate
14,22,16329,25584,0.33445876836776733,237,78.49,3.02,0.0145,separate
153,161,61940,23944,0.1129189133644104,345,278.66,1.24,0.0144,separate
135,136,42031,47213,0.6542066335678101,605,372.85,1.62,0.0144,separate
117,120,2769,24748,0.9144613742828369,40,12.88,3.11,0.0144,separate
117,119,2769,12193,0.9006702899932861,40,6.34,6.31,0.0144,separate
110,122,4390,20481,0.5546075105667114,63,16.89,3.73,0.0144,separate
70,71,7042,16363,0.401178240776062,100,21.65,4.62,0.0142,separate
111,117,20840,2769,0.6174523830413818,39,10.84,3.6,0.0141,separate
56,57,7721,11595,0.663033664226532,109,16.82,6.48,0.0141,separate
50,56,17393,7721,0.5641981363296509,108,25.23,4.28,0.014,separate
166,175,18039,8703,0.4506092071533203,122,29.5,4.14,0.014,separate
71,75,16363,10682,0.6115477085113525,150,32.84,4.57,0.014,separate
147,149,25523,17526,0.6723869442939758,241,84.05,2.87,0.0138,separate
44,49,16109,7584,0.6545736789703369,105,22.95,4.57,0.0138,separate
153,155,61940,10920,0.5753017663955688,151,127.09,1.19,0.0138,separate
17,24,9936,9728,0.2672184109687805,134,18.16,7.38,0.0138,separate
45,48,13397,8709,0.5767676830291748,120,21.92,5.47,0.0138,separate
180,188,54352,10328,0.39313867688179016,141,105.47,1.34,0.0137,separate
68,72,5161,26071,0.26819878816604614,70,25.28,2.77,0.0136,separate
174,184,18202,32506,0.5678765177726746,248,111.17,2.23,0.0136,separate
34,37,14719,9479,0.43454790115356445,127,26.21,4.84,0.0134,separate
49,51,7584,12041,0.7021118402481079,101,17.16,5.89,0.0133,separate
42,48,7979,8709,0.2949669361114502,106,13.06,8.12,0.0133,separate
2,12,15663,5505,0.17543241381645203,73,16.2,4.51,0.0133,separate
25,29,10547,27346,0.3691876232624054,140,54.19,2.58,0.0133,separate
130,134,6138,49426,0.4437234103679657,81,57.0,1.42,0.0132,separate
75,76,10682,108183,0.4933166801929474,140,217.13,0.64,0.0131,separate
12,14,5505,16329,0.47091004252433777,72,16.89,4.26,0.0131,separate
128,133,60428,24753,0.11679979413747787,325,281.04,1.16,0.0131,separate
66,71,12871,16363,0.5781510472297668,169,39.57,4.27,0.0131,separate
66,72,12871,26071,0.5836096405982971,167,63.05,2.65,0.013,separate
87,93,19381,48439,0.028125924989581108,252,176.39,1.43,0.013,separate
126,133,46702,24753,0.1685429960489273,323,217.21,1.49,0.013,separate
115,120,9395,24748,0.5258054733276367,119,43.69,2.72,0.0127,separate
13,14,5739,16329,0.4781700372695923,73,17.61,4.15,0.0127,separate
29,32,27346,9746,0.33306342363357544,123,50.08,2.46,0.0126,separate
54,56,8612,7721,0.7224389910697937,97,12.49,7.76,0.0126,separate
52,56,14462,7721,0.2928673028945923,97,20.98,4.62,0.0126,separate
41,43,12377,10675,0.35694873332977295,134,24.83,5.4,0.0126,separate
163,167,32539,7418,0.1387908160686493,93,45.35,2.05,0.0125,separate
53,57,51193,11595,0.431877464056015,145,111.53,1.3,0.0125,separate
39,44,10258,16109,0.22351592779159546,127,31.05,4.09,0.0124,separate
148,150,16033,14043,0.8305407762527466,174,42.3,4.11,0.0124,separate
4,12,18245,5505,0.32679906487464905,68,18.87,3.6,0.0124,separate
77,78,9986,22127,0.3012092113494873,124,41.52,2.99,0.0124,separate
74,75,9645,10682,0.4604569971561432,119,19.36,6.15,0.0123,separate
73,76,17297,108183,0.5805447697639465,211,351.59,0.6,0.0122,separate
29,30,27346,15532,0.724818766117096,189,79.8,2.37,0.0122,separate
166,170,18039,31394,0.8523685932159424,220,106.41,2.07,0.0122,separate
18,19,7968,4910,0.6119124293327332,60,7.35,8.16,0.0122,separate
135,139,42031,26217,0.7670020461082458,315,207.04,1.52,0.012,separate
141,147,21855,25523,0.21034547686576843,261,104.81,2.49,0.0119,separate
82,83,17753,34070,0.8157426714897156,211,113.65,1.86,0.0119,separate
186,188,9850,10328,0.37728092074394226,117,19.11,6.12,0.0119,separate
14,18,16329,7968,0.5621393918991089,94,24.45,3.85,0.0118,separate
109,119,3732,12193,0.7330111265182495,44,8.55,5.15,0.0118,separate
14,23,16329,13614,0.22256159782409668,160,41.77,3.83,0.0118,separate
4,13,18245,5739,0.22959387302398682,67,19.67,3.41,0.0117,separate
38,41,12802,12377,0.389731228351593,145,29.77,4.87,0.0117,separate
73,81,17297,28424,0.32808247208595276,200,92.38,2.17,0.0116,separate
123,124,8813,11158,0.7744088768959045,101,18.48,5.47,0.0115,separate
76,79,108183,15861,0.5967848300933838,183,322.4,0.57,0.0115,separate
139,143,26217,31920,0.2264186292886734,299,157.24,1.9,0.0114,separate
150,151,14043,29389,0.37707504630088806,160,77.54,2.06,0.0114,separate
17,18,9936,7968,0.42556989192962646,91,14.88,6.12,0.0114,separate
136,139,47213,26217,0.4488303065299988,298,232.57,1.28,0.0114,separate
94,95,14267,70155,0.486683189868927,163,188.06,0.87,0.0114,separate
51,53,12041,51193,0.3779093325138092,137,115.82,1.18,0.0114,separate
131,133,6873,24753,0.31062623858451843,78,31.97,2.44,0.0113,separate
189,192,42434,45474,0.3112925589084625,479,362.56,1.32,0.0113,separate
16,18,48694,7968,0.5990797281265259,89,72.9,1.22,0.0112,separate
137,139,61617,26217,0.42383965849876404,293,303.52,0.97,0.0112,separate
42,46,7979,12974,0.614274799823761,89,19.45,4.58,0.0112,separate
12,15,5505,31110,0.3009291887283325,61,32.18,1.9,0.0111,separate
107,118,993,9389,0.6938616037368774,11,1.75,6.28,0.0111,separate
107,109,993,3732,0.8865653276443481,11,0.7,15.8,0.0111,separate
27,32,21183,9746,0.6061837673187256,107,38.79,2.76,0.011,separate
182,183,24282,12224,0.9281736016273499,134,55.77,2.4,0.011,separate
28,30,15905,15532,0.42921537160873413,171,46.42,3.68,0.011,separate
152,155,12591,10920,0.6985946297645569,119,25.83,4.61,0.0109,separate
30,32,15532,9746,0.6814006567001343,106,28.44,3.73,0.0109,separate
4,8,18245,20799,0.3733360171318054,199,71.3,2.79,0.0109,separate
164,166,7034,18039,0.2631351947784424,76,23.84,3.19,0.0108,separate
123,131,8813,6873,0.6667088866233826,74,11.38,6.5,0.0108,separate
172,174,41964,18202,0.8667775392532349,197,143.52,1.37,0.0108,separate
81,82,28424,17753,0.6134032011032104,191,94.81,2.01,0.0108,separate
52,54,14462,8612,0.6004016399383545,92,23.4,3.93,0.0107,separate
30,34,15532,14719,0.6599553227424622,157,42.95,3.65,0.0107,separate
157,161,44998,23944,0.05210653692483902,256,202.44,1.26,0.0107,separate
69,72,25802,26071,0.7819609642028809,273,126.39,2.16,0.0106,separate
157,160,44998,3026,0.1698959767818451,32,25.58,1.25,0.0106,separate
5,6,20604,28399,0.3560156524181366,219,109.94,1.99,0.0106,separate
77,81,9986,28424,0.3086031675338745,106,53.33,1.99,0.0106,separate
155,157,10920,44998,0.06956076622009277,116,92.33,1.26,0.0106,separate
27,30,21183,15532,0.8155667781829834,163,61.82,2.64,0.0105,separate
166,168,18039,8465,0.4600614905357361,89,28.69,3.1,0.0105,separate
98,101,5430,19908,0.24870698153972626,57,20.31,2.81,0.0105,separate
111,120,20840,24748,0.6490839719772339,218,96.9,2.25,0.0105,separate
188,189,10328,42434,0.23790805041790009,108,82.35,1.31,0.0105,separate
70,72,7042,26071,0.26649805903434753,73,34.5,2.12,0.0104,separate
150,152,14043,12591,0.8089132308959961,131,33.22,3.94,0.0104,separate
133,134,24753,49426,0.5142179131507874,254,229.87,1.1,0.0103,separate
71,73,16363,17297,0.4747420847415924,168,53.18,3.16,0.0103,separate
49,56,7584,7721,0.1417206972837448,78,11.0,7.09,0.0103,separate
154,155,9235,10920,0.6567018032073975,95,18.95,5.01,0.0103,separate
45,46,13397,12974,0.8728338479995728,133,32.66,4.07,0.0103,separate
38,40,12802,14080,0.7689212560653687,130,33.87,3.84,0.0102,separate
66,70,12871,7042,0.3889814019203186,72,17.03,4.23,0.0102,separate
119,122,12193,20481,0.8296295404434204,124,46.92,2.64,0.0102,separate
157,164,44998,7034,0.13556532561779022,72,59.47,1.21,0.0102,separate
37,38,9479,12802,0.4829791188240051,96,22.8,4.21,0.0101,separate
152,154,12591,9235,0.8333735466003418,93,21.85,4.26,0.0101,separate
73,75,17297,10682,0.8381645679473877,108,34.72,3.11,0.0101,separate
15,16,31110,48694,0.4058782756328583,315,284.63,1.11,0.0101,separate
151,155,29389,10920,0.47838687896728516,109,60.3,1.81,0.01,separate
34,38,14719,12802,0.18206444382667542,128,35.4,3.62,0.01,separate
71,72,16363,26071,0.7426390051841736,163,80.15,2.03,0.01,separate
43,49,10675,7584,0.3390616178512573,76,15.21,5.0,0.01,separate
115,119,9395,12193,0.5166465640068054,93,21.52,4.32,0.0099,separate
87,88,19381,77421,0.5784909725189209,189,281.93,0.67,0.0098,separate
55,56,16767,7721,0.6317927241325378,76,24.32,3.12,0.0098,separate
69,71,25802,16363,0.8489500880241394,161,79.33,2.03,0.0098,separate
142,145,23779,11696,0.7020010948181152,113,52.26,2.16,0.0097,separate
78,81,22127,28424,0.3453086316585541,213,118.17,1.8,0.0096,separate
8,12,20799,5505,0.2858482301235199,53,21.51,2.46,0.0096,separate
167,168,7418,8465,0.3234626054763794,71,11.8,6.02,0.0096,separate
174,181,18202,5209,0.6212010383605957,50,17.81,2.81,0.0096,separate
132,134,18497,49426,0.5593116879463196,178,171.78,1.04,0.0096,separate
130,133,6138,24753,0.3281470239162445,59,28.55,2.07,0.0096,separate
29,31,27346,19675,0.41115185618400574,187,101.09,1.85,0.0095,separate
142,147,23779,25523,0.20300030708312988,225,114.03,1.97,0.0095,separate
166,167,18039,7418,0.4507976770401001,70,25.14,2.78,0.0094,separate
27,28,21183,15905,0.4921136796474457,148,63.3,2.34,0.0093,separate
73,74,17297,9645,0.32276079058647156,90,31.35,2.87,0.0093,separate
146,147,20410,25523,0.7008548974990845,189,97.88,1.93,0.0093,separate
71,77,16363,9986,0.22062349319458008,93,30.7,3.03,0.0093,separate
132,133,18497,24753,0.7799811363220215,170,86.03,1.98,0.0092,separate
106,118,19178,9389,0.5217275619506836,86,33.83,2.54,0.0092,separate
127,132,54753,18497,0.08273305743932724,169,190.29,0.89,0.0091,separate
39,40,10258,14080,0.6641356945037842,93,27.14,3.43,0.0091,separate
107,111,993,20840,0.8854805827140808,9,3.89,2.31,0.0091,separate
79,85,15861,23372,0.41684383153915405,143,69.65,2.05,0.009,separate
129,132,80212,18497,0.09746050834655762,166,278.77,0.6,0.009,separate
73,77,17297,9986,0.5913134217262268,89,32.45,2.74,0.0089,separate
44,47,16109,10400,0.8881815671920776,92,31.48,2.92,0.0088,separate
76,77,108183,9986,0.8228171467781067,88,202.98,0.43,0.0088,separate
83,85,34070,23372,0.7834175825119019,205,149.62,1.37,0.0088,separate
42,47,7979,10400,0.4618262052536011,70,15.59,4.49,0.0088,separate
161,167,23944,7418,0.18313805758953094,65,33.37,1.95,0.0088,separate
45,49,13397,7584,0.4017834961414337,66,19.09,3.46,0.0087,separate
14,20,16329,459,0.38192427158355713,4,1.41,2.84,0.0087,separate
174,176,18202,27875,0.838535487651825,159,95.33,1.67,0.0087,separate
47,49,10400,7584,0.8697568774223328,66,14.82,4.45,0.0087,separate
118,120,9389,24748,0.8786001801490784,81,43.66,1.86,0.0086,separate
75,77,10682,9986,0.6799038648605347,85,20.04,4.24,0.0085,separate
169,170,6653,31394,0.8576943278312683,56,39.24,1.43,0.0084,separate
36,38,22247,12802,0.3359382450580597,108,53.51,2.02,0.0084,separate
109,120,3732,24748,0.7308323383331299,31,17.35,1.79,0.0083,separate
169,176,6653,27875,0.3220784664154053,55,34.84,1.58,0.0083,separate
79,81,15861,28424,0.6096924543380737,131,84.71,1.55,0.0083,separate
123,130,8813,6138,0.6120603084564209,51,10.16,5.02,0.0083,separate
17,22,9936,25584,0.34450313448905945,81,47.76,1.7,0.0082,separate
1,4,26403,18245,0.540382981300354,149,90.51,1.65,0.0082,separate
99,103,496,64049,0.3293537199497223,4,5.97,0.67,0.0081,separate
153,154,61940,9235,0.4352114796638489,75,107.48,0.7,0.0081,separate
5,7,20604,27245,0.43275517225265503,167,105.47,1.58,0.0081,separate
18,22,7968,25584,0.6993533968925476,64,38.3,1.67,0.008,separate
69,70,25802,7042,0.3681373596191406,56,34.14,1.64,0.008,separate
46,48,12974,8709,0.8526610136032104,70,21.23,3.3,0.008,separate
111,119,20840,12193,0.6472476720809937,97,47.74,2.03,0.008,separate
174,182,18202,24282,0.6125292181968689,146,83.04,1.76,0.008,separate
109,117,3732,2769,0.7176536917686462,22,1.94,11.33,0.0079,separate
144,148,18671,16033,0.8473001718521118,127,56.25,2.26,0.0079,separate
81,83,28424,34070,0.5535127520561218,225,181.96,1.24,0.0079,separate
117,118,2769,9389,0.830988347530365,22,4.88,4.5,0.0079,separate
144,145,18671,11696,0.7624621391296387,91,41.03,2.22,0.0078,separate
87,92,19381,13873,0.01649051532149315,108,50.52,2.14,0.0078,separate
35,36,49218,22247,0.502587080001831,172,205.73,0.84,0.0077,separate
82,85,17753,23372,0.6555293202400208,135,77.96,1.73,0.0076,separate
86,88,45865,77421,0.6409631371498108,342,667.19,0.51,0.0075,separate
162,167,26087,7418,0.2003958821296692,56,36.36,1.54,0.0075,separate
84,85,36953,23372,0.7266589403152466,172,162.28,1.06,0.0074,separate
40,43,14080,10675,0.22386018931865692,78,28.24,2.76,0.0073,separate
45,47,13397,10400,0.5609486699104309,76,26.18,2.9,0.0073,separate
31,33,19675,11646,0.7618088126182556,84,43.05,1.95,0.0072,separate
42,45,7979,13397,0.8782598376274109,57,20.08,2.84,0.0071,separate
145,148,11696,16033,0.5662475228309631,82,35.23,2.33,0.007,separate
27,29,21183,27346,0.8305020928382874,148,108.84,1.36,0.007,separate
42,49,7979,7584,0.24925290048122406,53,11.37,4.66,0.007,separate
141,146,21855,20410,0.723239541053772,143,83.81,1.71,0.007,separate
126,132,46702,18497,0.15996457636356354,128,162.31,0.79,0.0069,separate
106,110,19178,4390,0.537521481513977,30,15.82,1.9,0.0068,separate
106,111,19178,20840,0.6385664343833923,128,75.09,1.7,0.0067,separate
142,144,23779,18671,0.8093096613883972,124,83.42,1.49,0.0066,separate
160,170,3026,31394,0.10743500292301178,20,17.85,1.12,0.0066,separate
16,17,48694,9936,0.42711466550827026,66,90.91,0.73,0.0066,separate
167,169,7418,6653,0.33740347623825073,44,9.27,4.75,0.0066,separate
120,122,24748,20481,0.8468841314315796,131,95.24,1.38,0.0064,separate
38,39,12802,10258,0.6918226480484009,66,24.67,2.67,0.0064,separate
118,122,9389,20481,0.8133514523506165,60,36.13,1.66,0.0064,separate
74,77,9645,9986,0.3292136788368225,61,18.1,3.37,0.0063,separate
163,166,32539,18039,0.1610066294670105,113,110.29,1.02,0.0063,separate
28,29,15905,27346,0.3801456391811371,98,81.72,1.2,0.0062,separate
81,85,28424,23372,0.8246437907218933,146,124.82,1.17,0.0062,separate
30,33,15532,11646,0.48262497782707214,71,33.99,2.09,0.0061,separate
116,119,9930,12193,0.2733270525932312,61,22.75,2.68,0.0061,separate
143,145,31920,11696,0.7672416567802429,71,70.15,1.01,0.0061,separate
50,55,17393,16767,0.4562091529369354,103,54.79,1.88,0.0061,separate
141,144,21855,18671,0.4711655378341675,113,76.67,1.47,0.0061,separate
124,130,11158,6138,0.4754801094532013,37,12.87,2.88,0.006,separate
145,147,11696,25523,0.3610461354255676,69,56.09,1.23,0.0059,separate
115,118,9395,9389,0.6132475733757019,55,16.57,3.32,0.0059,separate
181,183,5209,12224,0.9638125896453857,30,11.96,2.51,0.0058,separate
39,41,10258,12377,0.6031818985939026,60,23.86,2.52,0.0058,separate
151,154,29389,9235,0.4924596846103668,54,51.0,1.06,0.0058,separate
174,183,18202,12224,0.7389022707939148,70,41.81,1.67,0.0057,separate
146,148,20410,16033,0.5409935116767883,91,61.48,1.48,0.0057,separate
39,42,10258,7979,0.18789726495742798,45,15.38,2.93,0.0056,separate
13,17,5739,9936,0.22794309258460999,32,10.71,2.99,0.0056,separate
145,146,11696,20410,0.7277336120605469,66,44.85,1.47,0.0056,separate
131,132,6873,18497,0.13445892930030823,38,23.89,1.59,0.0055,separate
149,152,17526,12591,0.47029420733451843,69,41.46,1.66,0.0055,separate
109,118,3732,9389,0.8900311589241028,20,6.58,3.04,0.0054,separate
143,144,31920,18671,0.5345966815948486,101,111.98,0.9,0.0054,separate
43,48,10675,8709,0.23415204882621765,47,17.47,2.69,0.0054,separate
124,131,11158,6873,0.8253427147865295,37,14.41,2.57,0.0054,separate
141,145,21855,11696,0.6849973201751709,63,48.03,1.31,0.0054,separate
81,84,28424,36953,0.506346583366394,150,197.35,0.76,0.0053,separate
28,31,15905,19675,0.3866150379180908,84,58.8,1.43,0.0053,separate
50,53,17393,51193,0.5259833931922913,88,167.3,0.53,0.0051,separate
166,169,18039,6653,0.616203248500824,34,22.55,1.51,0.0051,separate
142,143,23779,31920,0.7448877096176147,118,142.61,0.83,0.005,separate
98,107,5430,993,0.3078857362270355,5,1.01,4.94,0.005,separate
107,110,993,4390,0.9617179036140442,5,0.82,6.1,0.005,separate
110,111,4390,20840,0.9216269850730896,22,17.19,1.28,0.005,separate
162,166,26087,18039,0.08694371581077576,88,88.42,1.0,0.0049,separate
44,48,16109,8709,0.37482786178588867,43,26.36,1.63,0.0049,separate
44,46,16109,12974,0.5094259977340698,62,39.27,1.58,0.0048,separate
118,119,9389,12193,0.8631476759910583,45,21.51,2.09,0.0048,separate
77,79,9986,15861,0.7518001794815063,48,29.76,1.61,0.0048,separate
97,101,842,19908,0.13166111707687378,4,3.15,1.27,0.0048,separate
96,97,4678,842,0.360641211271286,4,0.74,5.4,0.0048,separate
143,146,31920,20410,0.47876420617103577,95,122.41,0.78,0.0047,separate
142,146,23779,20410,0.5235941410064697,96,91.19,1.05,0.0047,separate
148,149,16033,17526,0.4779559373855591,76,52.8,1.44,0.0047,separate
110,118,4390,9389,0.7145354151725769,20,7.74,2.58,0.0046,separate
151,152,29389,12591,0.5109401345252991,58,69.53,0.83,0.0046,separate
109,111,3732,20840,0.8972765803337097,17,14.61,1.16,0.0046,separate
163,170,32539,31394,0.13630568981170654,140,191.94,0.73,0.0045,separate
161,166,23944,18039,0.15555687248706818,79,81.16,0.97,0.0044,separate
17,20,9936,459,0.3916516900062561,2,0.86,2.33,0.0044,separate
82,84,17753,36953,0.5556808114051819,78,123.26,0.63,0.0044,separate
20,22,459,25584,0.8581194281578064,2,2.21,0.91,0.0044,separate
46,47,12974,10400,0.5657297372817993,45,25.35,1.77,0.0043,separate
98,110,5430,4390,0.2869008481502533,19,4.48,4.24,0.0043,separate
125,130,7545,6138,0.7921634912490845,26,8.7,2.99,0.0042,separate
46,49,12974,7584,0.4973052144050598,32,18.49,1.73,0.0042,separate
42,44,7979,16109,0.5728724002838135,33,24.15,1.37,0.0041,separate
147,150,25523,14043,0.36071130633354187,58,67.34,0.86,0.0041,separate
130,132,6138,18497,0.3470393717288971,25,21.33,1.17,0.0041,separate
49,52,7584,14462,0.41892150044441223,30,20.61,1.46,0.004,separate
109,110,3732,4390,0.8641650676727295,15,3.08,4.87,0.004,separate
174,175,18202,8703,0.5021337866783142,35,29.76,1.18,0.004,separate
43,44,10675,16109,0.8800285458564758,41,32.31,1.27,0.0038,separate
141,143,21855,31920,0.7770175933837891,80,131.08,0.61,0.0037,separate
31,34,19675,14719,0.4065423011779785,53,54.41,0.97,0.0036,separate
125,131,7545,6873,0.4863077402114868,25,9.74,2.57,0.0036,separate
27,31,21183,19675,0.29950734972953796,67,78.31,0.86,0.0034,separate
55,57,16767,11595,0.5238149166107178,38,36.53,1.04,0.0033,separate
149,150,17526,14043,0.5564441084861755,47,46.24,1.02,0.0033,separate
43,47,10675,10400,0.6425813436508179,34,20.86,1.63,0.0033,separate
32,33,9746,11646,0.4711866080760956,32,21.33,1.5,0.0033,separate
141,142,21855,23779,0.6371715664863586,69,97.65,0.71,0.0032,separate
39,43,10258,10675,0.22444847226142883,33,20.57,1.6,0.0032,separate
157,159,44998,8190,0.3284907639026642,25,69.24,0.36,0.0031,separate
44,45,16109,13397,0.5841531753540039,41,40.55,1.01,0.0031,separate
123,125,8813,7545,0.6977983117103577,23,12.49,1.84,0.003,separate
156,157,7787,44998,0.3268417716026306,23,65.84,0.35,0.003,separate
30,31,15532,19675,0.5563963651657104,46,57.42,0.8,0.003,separate
147,148,25523,16033,0.4433727562427521,47,76.89,0.61,0.0029,separate
144,147,18671,25523,0.3909030556678772,53,89.54,0.59,0.0028,separate
50,52,17393,14462,0.47869807481765747,39,47.26,0.83,0.0027,separate
144,146,18671,20410,0.6228302121162415,50,71.6,0.7,0.0027,separate
43,46,10675,12974,0.42977210879325867,27,26.02,1.04,0.0025,separate
168,169,8465,6653,0.8637136816978455,16,10.58,1.51,0.0024,separate
33,34,11646,14719,0.6119720935821533,27,32.21,0.84,0.0023,separate
19,20,4910,459,0.5912045240402222,1,0.42,2.36,0.0022,separate
48,51,8709,12041,0.4311566650867462,18,19.7,0.91,0.0021,separate
47,48,10400,8709,0.5096395015716553,17,17.02,1.0,0.002,separate
98,99,5430,496,0.2736092209815979,1,0.51,1.98,0.002,separate
31,32,19675,9746,0.42424875497817993,19,36.03,0.53,0.0019,separate
168,175,8465,8703,0.8547341823577881,14,13.84,1.01,0.0017,separate
160,166,3026,18039,0.12856709957122803,5,10.26,0.49,0.0017,separate
3,4,19211,18245,0.40452855825424194,30,65.86,0.46,0.0016,separate
130,131,6138,6873,0.5661167502403259,9,7.93,1.14,0.0015,separate
12,13,5505,5739,0.8865654468536377,8,5.94,1.35,0.0015,separate
51,52,12041,14462,0.5497560501098633,17,32.72,0.52,0.0014,separate
83,84,34070,36953,0.644187331199646,45,236.55,0.19,0.0013,separate
124,125,11158,7545,0.5862790942192078,10,15.82,0.63,0.0013,separate
160,164,3026,7034,0.09051506966352463,4,4.0,1.0,0.0013,separate
159,160,8190,3026,0.1630399525165558,4,4.66,0.86,0.0013,separate
2,3,15663,19211,0.5127098560333252,17,56.54,0.3,0.0011,separate
156,160,7787,3026,0.12333489954471588,3,4.43,0.68,0.001,separate
169,175,6653,8703,0.6304581761360168,5,10.88,0.46,0.0008,separate
48,49,8709,7584,0.5591056942939758,6,12.41,0.48,0.0008,separate
43,45,10675,13397,0.5403404235839844,9,26.87,0.33,0.0008,separate
42,43,7979,10675,0.6089295148849487,2,16.0,0.12,0.0003,separate
18,20,7968,459,0.6114859580993652,0,0.69,0.0,0.0,separate
96,104,4678,43,0.2533659040927887,0,0.04,0.0,0.0,separate
20,23,459,13614,0.6766708493232727,0,1.17,0.0,0.0,separate
104,106,43,19178,0.37148284912109375,0,0.15,0.0,0.0,separate
101,104,19908,43,0.12948085367679596,0,0.16,0.0,0.0,separate
