channel,rms,mad,ptp,absmax,zero_fraction,saturation_fraction,rough_mad,common_corr,rms_rz,mad_rz,ptp_rz,rough_mad_rz,absmax_rz,exclude_reasons,exclude_auto
0,1880.9878,1237.0,13106.0,9579.0,0.0003125,0.0,55.0,0.39079416,1.2995041597502628,1.3425109845248475,0.848308137443649,2.0234692499999998,0.7080540757794755,,False
1,1838.7971,1208.5,12905.5,9260.0,0.0003125,0.0,52.0,0.40639126,1.2326381644599513,1.2754736423278117,0.8196186238133121,0.0,0.619199138653727,,False
2,1860.2954,1208.0,13613.0,9836.0,0.000325,0.0,52.0,0.4528604,1.266709778027626,1.2742975486050567,0.9208546881198622,0.0,0.7796394013008466,,False
3,1932.7363,1234.5,14429.5,11158.0,0.0003375,0.0,53.0,0.4880144,1.3815178489585638,1.3366305159110725,1.0376875453725802,0.67448975,1.147872087445798,,False
4,2077.503,1299.0,15161.5,13915.0,0.00024375,0.0,54.0,0.5275849,1.6109515744097629,1.488346606146469,1.1424293108459296,1.3489795,1.915812719595292,,False
5,2235.91,1371.5,17196.0,16342.0,0.0002875,0.0,54.0,0.54302186,1.8620031501350367,1.658880195945946,1.4335455975338105,1.3489795,2.591834451269874,,False
6,2332.3677,1415.5,18549.0,17530.0,0.000275,0.0,54.0,0.5510494,2.0148742832026145,1.762376443548387,1.6271461558472553,1.3489795,2.9227424929795585,,False
7,2277.2896,1387.0,17982.5,16504.0,0.00029375,0.0,54.0,0.5539664,1.9275836723523734,1.6953391013513512,1.546085759480244,1.3489795,2.636958275139376,,False
8,2109.8,1301.0,16998.0,15493.0,0.0003125,0.0,53.0,0.553388,1.662137524154403,1.493050981037489,1.405213808512331,0.67448975,2.3553521891389635,,False
9,1861.5188,1150.0,14685.0,12119.0,0.0003875,0.0,53.0,0.54189193,1.2686486853848913,1.1378706767654752,1.0742470003977724,0.67448975,1.4155510673136484,,False
10,1544.9688,965.5,12166.5,9578.0,0.00040625,0.0,54.0,0.50337654,0.7669639347372837,0.7038920930688753,0.7138752294351631,1.3489795,0.7077755336568242,,False
11,1254.4122,769.0,10151.5,8007.0,0.00046875,0.0,54.0,0.4162805,0.3064748637531841,0.2416872600261552,0.425549194696367,1.3489795,0.2701858589717117,,False
12,1069.9001,673.0,9657.0,7548.0,0.0005875,0.0,53.0,0.31275374,0.01405058044891488,0.015877265257192675,0.3547912670644391,0.67448975,0.1423350246747883,,False
13,1010.01733,638.5,9252.5,8009.0,0.00059375,0.0,51.0,0.24823081,-0.08085471898415436,-0.06527320161290323,0.2969114253513657,-0.67448975,0.2707429432170142,,False
14,977.6085,611.5,9339.5,8329.0,0.00053125,0.0,53.0,0.18519169,-0.1322179026749795,-0.12878226264167394,0.3093602417395916,0.67448975,0.3598764224654139,,False
15,964.6508,594.0,9859.5,8620.0,0.00066875,0.0,49.0,0.10514982,-0.1527539332972083,-0.16994554293809938,0.3837669603818615,-2.0234692499999998,0.4409321801569275,,False
16,799.39246,485.5,7756.5,8120.0,0.00076875,0.0,51.0,0.37800336,-0.41466386567862534,-0.4251578807759372,0.0828490194112967,-0.67448975,0.3016611188313029,,False
17,795.56366,475.0,8036.5,8808.0,0.00073125,0.0,52.0,0.45572066,-0.42073194520249063,-0.4498558489537925,0.1229141756032882,0.0,0.4932980992153624,,False
18,806.194,487.0,8515.5,9286.0,0.0007625,0.0,51.5,0.50313133,-0.403884434628492,-0.4216295996076722,0.1914542106603023,-0.337244875,0.6264412338426595,,False
19,819.8255,495.0,8965.0,9838.0,0.00083125,0.0,51.0,0.5427346,-0.3822805310478479,-0.40281210004359197,0.2557730953328029,-0.67448975,0.7801964855461491,,False
20,847.60486,522.0,8924.5,10206.0,0.000725,0.0,52.0,0.5909326,-0.33825436995244396,-0.33930303901482123,0.2499779566693184,0.0,0.8826999866818088,,False
21,897.92004,555.0,8905.5,10100.0,0.00065625,0.0,53.0,0.6135591,-0.25851228013380717,-0.2616808533129904,0.2472592496420047,0.67448975,0.8531745216807763,,False
22,959.4724,597.5,8927.0,9520.0,0.00061875,0.0,52.0,0.63603884,-0.16096092844095677,-0.1617128868788143,0.2503356812781755,0.0,0.6916200905430517,,False
23,1057.8691,670.5,8679.5,8516.0,0.00058125,0.0,51.0,0.62417185,-0.005016768263899706,0.009996796643417611,0.2149209450013259,-0.67448975,0.4119637994011976,,False
24,1486.5227,976.0,10504.0,7850.0,0.0003875,0.0,31.5,0.48588896,0.6743355439464918,0.7285900612467306,0.4759883645452135,-13.827039875,0.2264547457154656,,False
25,1485.9103,975.5,10497.0,7881.0,0.0004125,0.0,31.5,0.48483992,0.6733649808717909,0.7274139675239756,0.4749867356404137,-13.827039875,0.2350895515176543,,False
26,1486.7173,976.0,10521.5,7793.0,0.00034375,0.0,31.5,0.48635772,0.6746439560535081,0.7285900612467306,0.4784924368072129,-13.827039875,0.2105778447243444,,False
27,1482.4177,973.0,10406.0,7802.0,0.0003375,0.0,32.0,0.48473138,0.6678297284310647,0.7215334989102005,0.4619655598780164,-13.489795,0.2130847238282056,,False
28,1488.9774,978.25,10523.0,7860.0,0.0004375,0.0,31.5,0.48484772,0.6782258789880798,0.7338824829991282,0.4787070715725271,-13.827039875,0.2292401669419781,,False
29,1907.4838,1267.25,13500.0,10249.0,0.0003,0.0,52.0,0.385926,1.341496385790885,1.4136646547515257,0.9046855357995226,0.0,0.8946772979558125,,False
30,1933.3533,1273.0,13823.5,10314.0,0.00031875,0.0,52.0,0.37644678,1.3824957023502855,1.4271897325632084,0.9509751001856273,0.0,0.9127825359281436,,False
31,1892.0029,1246.0,13438.0,9898.0,0.00034375,0.0,50.0,0.3741784,1.3169614577975173,1.3636806715344376,0.8958139654998674,-1.3489795,0.796909012905224,,False
32,2249.56,1405.0,16046.5,14203.0,0.00028125,0.0,53.0,0.58448493,1.8836363734689172,1.7376784753705319,1.269063822381331,0.67448975,1.996032850918852,,False
33,2306.2788,1441.5,16260.5,14529.0,0.0002375,0.0,53.0,0.5757803,1.9735272502183459,1.823533317131648,1.2996850488994962,0.67448975,2.086837582903159,,False
34,2210.3818,1403.5,15812.0,13602.0,0.00026875,0.0,52.0,0.5687911,1.82154474340156,1.7341501942022668,1.2355092540705384,0.0,1.8286290352054513,,False
35,2082.3584,1330.5,15214.5,12683.0,0.0002625,0.0,53.0,0.5596473,1.6186466625105191,1.562440510680035,1.1500130725536992,0.67448975,1.5726488244889532,,False
36,1998.1394,1269.0,14358.0,12059.0,0.000275,0.0,52.0,0.5522002,1.4851720518177662,1.4177809827811683,1.027456621559268,0.0,1.3988385399545735,,False
37,1925.7351,1231.0,13710.0,11337.0,0.0003125,0.0,51.0,0.5502074,1.3704219864526912,1.3283978598517874,0.9347344029435164,-0.67448975,1.1977311274003717,,False
38,1887.4818,1207.5,13442.0,11210.0,0.0003625,0.0,53.0,0.5524252,1.3097961855620004,1.2731214548823016,0.8963863248740387,0.67448975,1.162356277823663,,False
39,1879.2422,1193.0,13387.5,11216.0,0.0003,0.0,51.0,0.56015325,1.2967376429259678,1.2390147369224063,0.8885879284009548,-0.67448975,1.1640275305595706,,False
40,1894.7333,1197.0,13541.5,11444.0,0.000275,0.0,49.0,0.5694324,1.3212887364049042,1.2484234867044464,0.91062376430655,-2.0234692499999998,1.2275351345240553,,False
41,1926.1868,1214.0,13822.0,12511.0,0.000375,0.0,50.5,0.578005,1.3711378638871168,1.2884106732781169,0.950760465420313,-1.0117346249999999,1.524739579392938,,False
42,2012.7095,1259.0,14204.5,13577.0,0.00029375,0.0,53.0,0.58464897,1.5082634970409874,1.394259108326068,1.0054923305754442,0.67448975,1.82166548213917,,False
43,2073.9138,1290.0,14658.5,14603.0,0.0002875,0.0,53.0,0.5887755,1.6052632253115966,1.4671769191368786,1.0704551195438876,0.67448975,2.1074496999793517,,False
44,1979.9951,1221.0,13669.0,13967.0,0.00036875,0.0,45.0,0.5958202,1.4564160302692735,1.304875985396687,0.9288677193582604,-4.72142825,1.930296909973157,,False
45,1603.854,1000.0,11240.5,10437.0,0.00041875,0.0,43.0,0.6102321,0.8602882338332701,0.7850425599389713,0.5813740343145054,-6.07040775,0.9470432170142474,,False
46,1226.596,786.5,9299.5,7071.0,0.0004375,0.0,51.0,0.6114403,0.2623903167275516,0.2828505403225806,0.3036366479978785,-0.67448975,0.0094704321701424,,False
47,976.4924,625.0,7786.0,6361.0,0.00064375,0.0,45.0,0.57735306,-0.13398675546347366,-0.09702773212728857,0.0870701697958101,-4.72142825,-0.1882944749122444,,False
48,843.3546,519.0,7257.5,6636.0,0.00069375,0.0,53.0,-0.019427061,-0.3449904010005801,-0.34635960135135135,0.0114471874834261,0.67448975,-0.1116953911831509,,False
49,743.5111,463.0,6838.5,5801.0,0.0007875,0.0,53.5,0.07062961,-0.5032275243658759,-0.47808209829991277,-0.0485074569610183,1.0117346249999999,-0.344278063596944,,False
50,665.4232,420.0,5794.5,4422.0,0.000825,0.0,53.0,0.1986154,-0.6269852518657824,-0.5792261584568439,-0.1978932536197295,0.67448975,-0.7283876507330168,,False
51,633.70197,399.0,5701.5,5034.0,0.0008625,0.0,52.0,0.3003438,-0.6772586916471295,-0.6286220948125545,-0.2112006090692124,0.0,-0.5579198716704522,,False
52,621.09607,388.5,5853.5,5580.0,0.0009625,0.0,48.0,0.38673717,-0.6972371715024087,-0.6533200629904098,-0.1894509528507027,-2.697959,-0.4058358727028701,,False
53,618.10474,380.5,5891.5,5991.0,0.00095,0.0,51.0,0.47780693,-0.7019779854185506,-0.67213756255449,-0.1840135387960753,-0.67448975,-0.2913550602932067,,False
54,643.11304,394.25,6158.0,6566.0,0.00096875,0.0,53.0,0.54992354,-0.6623435429935923,-0.6397949851787271,-0.1458800954919119,0.67448975,-0.1311933397687384,,False
55,677.0989,412.0,6438.0,7047.0,0.001,0.0,49.0,0.5942023,-0.6084810009002595,-0.5980436580209241,-0.1058149392999204,-2.0234692499999998,0.0027854212265124,,False
56,730.5737,446.5,6756.0,7249.0,0.0008375,0.0,50.0,0.63390726,-0.523731382502121,-0.5168931911508282,-0.0603123690533015,-1.3489795,0.0590509300020648,,False
57,804.0797,493.5,7367.5,7402.0,0.0008125,0.0,51.0,0.65266156,-0.4072352862105303,-0.406340381211857,0.0271870702731371,-0.67448975,0.1016678747677059,,False
58,921.7964,573.0,8104.5,7434.0,0.00064375,0.0,50.5,0.66213447,-0.22067179454551936,-0.21934147929380993,0.1326442849642005,-1.0117346249999999,0.1105812226925459,,False
59,1064.2,662.0,8771.5,7517.0,0.0006875,0.0,52.0,0.66408813,0.005016768263900066,-0.009996796643417611,0.2280852106072659,0.0,0.1337002188725996,,False
60,1291.6705,808.0,9823.5,8194.0,0.000525,0.0,48.0,0.643842,0.36552373737521454,0.3334225704010462,0.3786157260143198,-2.697959,0.3222732359074953,,False
61,1516.1163,954.0,11138.5,9646.0,0.0004125,0.0,50.0,0.62760186,0.721237006074955,0.67684193744551,0.5667788702731371,-1.3489795,0.7267163979971092,,False
62,1890.5315,1167.0,13454.0,11659.0,0.0004125,0.0,34.0,0.6168425,1.314629507261732,1.1778578633391457,0.8981034029965527,-12.1408155,1.287421690894074,,False
63,1890.9309,1167.5,13486.5,11572.0,0.00038125,0.0,35.0,0.61841214,1.3152624969613327,1.1790339570619006,0.9027538229116946,-11.46632575,1.2631885262234153,,False
64,1885.7003,1165.0,13459.5,11666.0,0.0003875,0.0,36.0,0.6170794,1.3069727725679117,1.1731534884481256,0.8988903971360382,-10.791836,1.2893714857526326,,False
65,2137.3628,1328.0,15439.5,13300.0,0.00034375,0.0,50.0,0.6060904,1.7058204698032728,1.55656004206626,1.1822082873508353,-1.3489795,1.7445093141647738,,False
66,2261.731,1434.0,16265.0,14761.0,0.0003,0.0,53.0,0.5967348,1.902925601395413,1.8058919112903224,1.3003289531954387,0.67448975,2.151459355358249,,False
67,2265.1216,1434.5,16437.0,15217.0,0.00033125,0.0,54.0,0.58628726,1.908299198980457,1.8070680050130776,1.324940406284805,1.3489795,2.2784745632872188,,False
68,1113.4023,726.0,7193.5,6108.0,0.00055625,0.0,37.0,0.5652575,0.08299510851595741,0.14054319986922406,0.0022894374966852,-10.11734625,-0.2587656319430105,,False
69,765.78094,501.0,4823.5,3989.0,0.000975,0.0,33.0,0.4682088,-0.4679331344516062,-0.38869897537053183,-0.3368334916998143,-12.81530525,-0.8489963898410077,,False
70,716.382,475.0,4695.5,3529.0,0.0010625,0.0,33.0,0.48261142,-0.5462231199077937,-0.4498558489537925,-0.3551489916732962,-12.81530525,-0.9771257662605825,,False
71,971.08496,628.0,6376.5,4800.0,0.000725,0.0,38.0,0.5627433,-0.14255674500080387,-0.0899711697907585,-0.1146149646778043,-9.4428565,-0.6230987283708446,,False
72,1934.0544,1251.5,13713.0,12145.0,0.00036875,0.0,51.5,0.5732187,1.3836068417553686,1.3766177024847428,0.9351636724741448,-0.337244875,1.4227931625025811,,False
73,968.76196,634.0,6185.0,4665.0,0.00069375,0.0,37.0,0.57098436,-0.14623835509637922,-0.07585804511769835,-0.1420166697162556,-10.11734625,-0.6607019149287632,,False
74,704.9933,439.0,4648.0,3687.0,0.001,0.0,33.0,0.47897354,-0.5642725184852709,-0.5345345969921534,-0.3619457592415805,-12.81530525,-0.9331161108816848,,False
75,742.103,456.5,4811.5,3503.0,0.00113125,0.0,33.0,0.45933506,-0.5054591538000474,-0.49337131669572803,-0.3385505698223283,-12.81530525,-0.9843678614495148,,False
76,1030.2058,640.0,6635.5,5484.0,0.00080625,0.0,37.0,0.5467161,-0.04885899149116217,-0.06174492044463818,-0.0775546952002121,-10.11734625,-0.4325759164773901,,False
77,1926.3444,1193.5,13729.5,13685.0,0.00035625,0.0,53.0,0.6039083,1.3713876364876605,1.2401908306451612,0.9375246548926014,0.67448975,1.8517480313855048,,False
78,1552.3289,976.0,11681.0,10301.0,0.00043125,0.0,53.0,0.6182687,0.7786286004559425,0.7285900612467306,0.6444051103951207,0.67448975,0.9091614883336776,,False
79,713.1797,451.0,4724.5,3678.0,0.0008625,0.0,37.0,0.62170434,-0.5512982899504372,-0.5063083476460332,-0.3509993862105542,-10.11734625,-0.9356229899855462,,False
80,392.445,250.0,3031.0,2643.0,0.00144375,0.0,37.0,0.40462422,-1.0596151687801176,-0.9790980241935484,-0.5933220362503314,-10.11734625,-1.223914086929589,,False
81,853.5873,534.0,6840.5,5119.0,0.00059375,0.0,47.0,0.0046437336,-0.32877309078749595,-0.31107678966870095,-0.0482212772739326,-3.37244875,-0.534243791245096,,False
82,837.76,518.0,6689.5,5173.0,0.0006375,0.0,53.0,-0.015222091,-0.3538570113495712,-0.3487117887968614,-0.0698278436488995,0.67448975,-0.5192025166219286,,False
83,816.70386,505.0,6820.0,5341.0,0.0007625,0.0,54.0,-0.020212378,-0.38722786696638095,-0.37929022558849174,-0.0511546190665605,1.3489795,-0.4724074400165187,,False
84,757.6626,468.0,7161.5,5746.0,0.0007125,0.0,55.5,0.02586533,-0.4807994979915604,-0.4663211610723627,-0.0022894374966852,2.360714125,-0.3595978803427628,,False
85,644.32947,400.5,6042.5,4386.0,0.0008625,0.0,54.0,0.19065854,-0.6604156820514654,-0.6250938136442895,-0.1624069724211084,1.3489795,-0.7384151671484617,,False
86,598.239,374.5,5948.0,4976.0,0.00093125,0.0,52.0,0.32695636,-0.7334622337784628,-0.6862506872275501,-0.1759289626359056,0.0,-0.5740753147842247,,False
87,580.6117,356.0,5489.5,5678.0,0.0009625,0.0,48.0,0.44814447,-0.7613988870878627,-0.7297661549694856,-0.2415356559002917,-2.697959,-0.3785387446830477,,False
88,318.07312,197.0,2610.0,2919.0,0.00173125,0.0,37.0,0.49062866,-1.1774835563112935,-1.1037639588055799,-0.6535628603818616,-10.11734625,-1.1470364610778443,,False
89,253.71613,161.0,1825.5,3117.0,0.00220625,0.0,34.0,0.49899822,-1.2794798301403272,-1.1884427068439407,-0.7658168426412092,-12.1408155,-1.091885120792897,,False
90,275.16953,167.0,1794.0,3260.0,0.00233125,0.0,33.0,0.45215455,-1.245479376406183,-1.1743295821708806,-0.7703241727128083,-12.81530525,-1.0520535972537683,,False
91,332.38953,208.0,2202.5,3234.0,0.00204375,0.0,33.0,0.4664698,-1.1547941720717774,-1.0778898969049695,-0.7118719716255636,-12.81530525,-1.0592956924427008,,False
92,439.11908,276.5,2903.5,3472.0,0.0015125,0.0,33.0,0.530107,-0.9856436818538611,-0.9167650568875326,-0.6115659913020419,-12.81530525,-0.9930026672517036,,False
93,675.58307,428.5,4564.5,3634.0,0.0009875,0.0,38.0,0.62534,-0.610883366389358,-0.5592325651700087,-0.3738937611774065,-9.4428565,-0.9478788433822012,,False
94,1228.0955,774.0,9549.0,7745.0,0.00051875,0.0,51.0,0.6553943,0.2647668015912257,0.2534481972537053,0.3393375639618138,-0.67448975,0.1972078228370844,,False
95,1469.4331,916.0,10843.0,9085.0,0.0004125,0.0,49.0,0.6448647,0.6472510653027788,0.587458814516129,0.5244958215062318,-2.0234692499999998,0.5704542671897584,,False
96,822.8329,518.5,6815.0,5980.0,0.0007,0.0,53.0,0.6744317,-0.3775142485676786,-0.34753569507410637,-0.0518700682842747,0.67448975,-0.2944190236423704,,False
97,986.53735,621.0,8053.0,6608.0,0.000625,0.0,52.0,0.6650964,-0.11806700112445086,-0.10643648190932868,0.1252751580217449,0.0,-0.1194945706173859,,False
98,1205.2877,743.5,9289.0,7138.0,0.00059375,0.0,53.0,0.6572515,0.22861982494987226,0.1817064801656495,0.3021342046406788,0.67448975,0.0281327543877761,,False
99,1415.7189,877.5,10515.0,8354.0,0.000375,0.0,52.0,0.64811575,0.5621220334492464,0.49689959786399307,0.4775623528241846,0.0,0.3668399755316952,,False
100,1574.8062,985.0,11612.0,9360.0,0.00040625,0.0,53.0,0.64177275,0.8142517836678568,0.7497597482563207,0.6345319111906655,0.67448975,0.647053350918852,,False
101,1687.4141,1057.5,12794.0,10235.0,0.0004125,0.0,52.0,0.63439584,0.9927185858553491,0.9202933380557977,0.803664106258287,0.0,0.8907777082386951,,False
102,1778.1292,1128.0,13252.5,11006.0,0.00040625,0.0,52.0,0.6286483,1.136488550548045,1.0861225529642544,0.8692707995226729,0.0,1.105533684802808,,False
103,1812.4231,1157.5,13596.5,11219.0,0.00045,0.0,51.0,0.6278785,1.1908392903055367,1.1555120826068004,0.9184937057014056,-0.67448975,1.1648631569275243,,False
104,1802.9227,1143.5,13555.5,11224.0,0.0003625,0.0,51.0,0.62719107,1.1757825668651558,1.12258145836966,0.9126270221161497,-0.67448975,1.1662558675407804,,False
105,1758.8752,1117.0,13271.5,11123.0,0.0003625,0.0,52.0,0.6277728,1.1059738192608262,1.0602484910636443,0.8719895065499867,0.0,1.1381231131530043,,False
106,1710.5554,1080.0,12860.0,10888.0,0.0003875,0.0,53.0,0.62889796,1.0293941104807212,0.9732175555797734,0.8131080359321136,0.67448975,1.072665714329961,,False
107,1596.2595,1006.5,11983.5,10291.0,0.00040625,0.0,53.0,0.62991095,0.8482520789168483,0.8003317783347864,0.6876897880668258,0.67448975,0.9063760671071648,,False
108,1427.6597,905.5,10870.5,8892.0,0.0004875,0.0,52.0,0.6348475,0.5810464285543889,0.5627608463382737,0.5284307922036595,0.0,0.5166956375180674,,False
109,1261.9448,806.0,9958.0,7486.0,0.00045625,0.0,51.5,0.63813,0.3184129163601282,0.3287181955100262,0.39786130997083,-0.337244875,0.1250654130704109,,False
110,1146.8895,717.0,8744.0,6668.0,0.0005,0.0,52.0,0.6362182,0.13606734854718971,0.11937351285963384,0.2241502399098382,0.0,-0.1027820432583109,,False
111,999.2474,641.0,7740.5,6035.0,0.00055625,0.0,46.5,0.63015735,-0.09792345898270818,-0.05939273299912816,0.0805595819146115,-3.709693625,-0.2790992068965517,,False
112,746.69104,478.0,5876.5,4378.0,0.0007375,0.0,51.0,-0.025668148,-0.49818779160336024,-0.4427992866172624,-0.1861598864492177,-0.67448975,-0.7406435041296717,,False
113,751.88477,480.5,5899.0,4487.0,0.0007625,0.0,51.0,-0.028780002,-0.48995650068571384,-0.43691881800348736,-0.1829403649695041,-0.67448975,-0.7102824127606855,,False
114,559.2571,361.0,4249.0,3218.0,0.0010625,0.0,43.0,0.058952156,-0.7952427574912094,-0.7180052177419355,-0.4190386068151684,-6.07040775,-1.0637523664051207,,False
115,756.75806,483.0,6137.0,4548.0,0.00068125,0.0,52.0,-0.04457561,-0.4822330595911522,-0.4310383493897123,-0.1488849822063113,0.0,-0.6932913432789594,,False
116,751.5801,480.0,5844.0,4618.0,0.0006875,0.0,52.0,-0.060749136,-0.4904393574002291,-0.4380949117262424,-0.1908103063643595,0.0,-0.6737933946933718,,False
117,742.4437,471.5,5724.5,4646.0,0.000725,0.0,52.0,-0.086924925,-0.5049191948850397,-0.45808850501307763,-0.2079095426677274,0.0,-0.6659942152591369,,False
118,736.0401,463.0,5737.5,4776.0,0.000825,0.0,54.0,-0.10867466,-0.5150679501188006,-0.47808209829991277,-0.2060493747016706,1.3489795,-0.6297837393144745,,False
119,723.7229,455.5,7211.5,5444.0,0.00078125,0.0,56.0,-0.1144294,-0.5345888833384396,-0.495723504141238,0.0048650546804561,2.697959,-0.4437176013834399,,False
120,721.045,438.5,11665.5,7967.0,0.00083125,0.0,56.0,-0.10624636,-0.5388329572406959,-0.5357106907149085,0.6421872178202068,2.697959,0.2590441740656617,,False
121,640.96387,394.25,7235.5,5916.0,0.000875,0.0,58.0,-0.055770107,-0.6657496583483522,-0.6397949851787271,0.0082992109254839,4.0469384999999996,-0.3122457194920504,high_hf_noise,True
122,529.86487,324.5,6204.5,4589.0,0.00098125,0.0,56.0,0.109376416,-0.8418250780678235,-0.8038600595030515,-0.1392264177671705,2.697959,-0.6818711162502581,,False
123,473.89047,297.5,5216.5,3958.0,0.00106875,0.0,52.0,0.31999612,-0.9305361913410802,-0.8673691205318221,-0.2805991831874834,0.0,-0.8576311956431965,,False
124,458.76398,292.0,4640.0,4506.0,0.001275,0.0,52.5,0.48480064,-0.954509432105015,-0.8803061514821273,-0.3630904779899231,0.337244875,-0.7049901124303117,,False
125,486.59732,299.5,4420.0,4922.0,0.00120625,0.0,48.5,0.59276354,-0.9103977207242218,-0.8626647456408021,-0.394570243569345,-2.360714125,-0.5891165894073921,,False
126,714.84656,457.0,5914.5,4872.0,0.00090625,0.0,44.0,0.68241787,-0.5486565643353228,-0.49219522297297297,-0.1807224723945903,-5.395918,-0.6030436955399545,,False
127,661.3888,425.5,5606.5,5517.0,0.00088125,0.0,51.0,0.6765351,-0.6333791768634534,-0.5662891275065388,-0.2247941442057809,-0.67448975,-0.4233840264298988,,False
128,15447.523,13282.5,58838.5,32764.0,3.75e-05,1.875e-05,49.0,0.14249647,29.946369772951474,36.87899130438226,7.392164407265977,2.02346925,7.166053189448689,extreme_noise,True
129,12390.711,11970.25,42675.5,32764.0,5.625e-05,6.25e-06,36.0,0.5166935,23.81721401087488,33.140452024815204,5.079403266083267,0.2697959,7.166053189448689,extreme_noise,True
130,9364.697,9100.25,32011.5,22958.0,6.875e-05,0.0,34.0,0.5856861,17.749810734446886,24.96395537222809,3.5534931745425613,0.0,4.434669134730539,extreme_noise,True
131,7661.3115,7458.0,26369.0,22219.0,5e-05,0.0,33.0,0.59820175,14.334384776827406,20.285261425290393,2.746108732352161,-0.13489795,4.2288265060912655,extreme_noise,True
132,6580.087,6420.0,22738.5,19547.0,5e-05,0.0,30.0,0.60565174,12.166442039664183,17.328047653379095,2.2266210553699284,-0.5395918,3.484561954367128,extreme_noise,True
133,5792.9956,5615.5,19781.0,20308.0,7.5e-05,0.0,30.0,0.60332036,10.588260002433588,15.036064532470961,1.803432843092018,-0.5395918,3.696532509704729,extreme_noise,True
134,4965.6807,4831.5,17308.0,17508.0,5.625e-05,0.0,30.0,0.60496545,8.929426588279618,12.80248495908131,1.4495716600106072,-0.5395918,2.916614566281231,extreme_noise,True
135,3556.1484,3455.75,12528.5,12789.0,0.00010625,0.0,31.0,0.6086691,6.103200108411682,8.883037129883842,0.7656737527976665,-0.40469384999999997,1.6021742894899855,extreme_noise,True
136,411.03152,272.0,4091.0,4649.0,0.0012125,0.0,53.0,0.19199467,-0.20301409365777734,-0.18731869508975713,-0.441646802094935,2.56306105,-0.6651585888911832,,False
137,2268.9888,2204.0,8439.0,8760.0,0.00018125,0.0,35.0,0.60836154,3.522340808247917,5.316859539334741,0.180507837629276,0.13489795,0.4799280773281024,high_noise,True
138,2878.7002,2805.5,10302.5,10864.0,0.000175,0.0,32.0,0.6092787,4.744861571878061,7.030505092133051,0.4471557610713339,-0.2697959,1.0659807033863309,extreme_noise,True
139,2782.9683,2711.0,9948.0,11023.0,0.000125,0.0,32.0,0.6144892,4.552911354952864,6.761278982840549,0.3964304115354017,-0.2697959,1.1102689008878794,extreme_noise,True
140,2583.9072,2535.5,9325.5,10814.0,0.00015625,0.0,31.0,0.61692953,4.153777718971881,6.261287637011616,0.307356983929992,-0.40469384999999997,1.0520535972537683,extreme_noise,True
141,1979.0078,1919.0,7113.5,9761.0,0.000175,0.0,31.0,0.61451584,2.940905405271636,4.504907781151003,-0.0091577499867409,-0.40469384999999997,0.7587487421020029,high_noise,True
142,1430.2756,1391.0,5341.0,8492.0,0.00023125,0.0,32.0,0.6146649,1.8406528789576313,3.0006603133579723,-0.2627844976664015,-0.2697959,0.4052787884575676,,False
143,1042.7869,996.5,3907.0,7526.0,0.00028125,0.0,32.0,0.623715,1.0637066361580854,1.87674814281943,-0.4679753333068151,-0.2697959,0.1362070979764608,,False
144,809.427,768.5,3207.5,6785.0,0.00044375,0.0,32.0,0.62140995,0.5958011268488385,1.2271867362724393,-0.5680666788650226,-0.2697959,-0.0701926149081148,,False
145,680.89246,640.0,2702.5,6553.0,0.0005,0.0,31.0,0.6242018,0.338078958633435,0.8610962067053853,-0.64032704985415,-0.40469384999999997,-0.1348143873632046,,False
146,611.61957,572.5,2533.5,6806.0,0.00049375,0.0,32.0,0.6204162,0.19918120080626134,0.6687918429250264,-0.6645092334128878,-0.2697959,-0.0643432303324385,,False
147,567.05945,532.0,2304.5,6068.0,0.000675,0.0,31.0,0.6254271,0.1098345493743695,0.553409224656811,-0.6972768075841952,-0.40469384999999997,-0.2699073168490605,,False
148,565.6464,528.0,2396.0,6419.0,0.00060625,0.0,32.0,0.6162466,0.10700126962095241,0.5420134105068638,-0.6841840869000265,-0.2697959,-0.172139031798472,,False
149,588.1481,555.0,2405.0,6491.0,0.00059375,0.0,31.0,0.6120775,0.15211900149701119,0.6189351560190074,-0.682896278308141,-0.40469384999999997,-0.1520839989675821,,False
150,673.849,632.0,2690.0,6366.0,0.00046875,0.0,30.0,0.60343456,0.3239562505820547,0.838304578405491,-0.6421156728984354,-0.5395918,-0.1869017642989882,,False
151,790.1892,741.0,3152.0,6582.0,0.00040625,0.0,30.0,0.6020169,0.5572277789557796,1.1488405139915523,-0.5760081651816494,-0.5395918,-0.1267366658063184,,False
152,871.2795,821.0,3492.0,6632.0,0.0003875,0.0,29.0,0.5971501,0.7198204014309332,1.3767567969904961,-0.5273576183770883,-0.67448975,-0.1128095596737559,,False
153,885.1068,842.0,3485.0,6525.0,0.00036875,0.0,29.0,0.6022557,0.7475452583959549,1.4365848212777192,-0.5283592472818881,-0.67448975,-0.1426135667974396,,False
154,841.1437,782.5,3351.0,6413.0,0.00034375,0.0,29.0,0.59721684,0.6593956804422731,1.2670720857972544,-0.5475332863166269,-0.67448975,-0.1738102845343795,,False
155,746.88947,691.0,3049.5,6482.0,0.00046875,0.0,30.0,0.5960709,0.4704083116068353,1.0063928371172122,-0.5906748741447893,-0.5395918,-0.1545908780714433,,False
156,664.467,609.5,2757.5,7027.0,0.00055625,0.0,29.0,0.5811358,0.30514458033219866,0.774203123812038,-0.6324571084592946,-0.67448975,-0.0027854212265124,,False
157,586.81824,532.0,2522.5,7473.0,0.0006625,0.0,29.0,0.588148,0.14945252443471377,0.553409224656811,-0.666083221691859,-0.67448975,0.1214443654759446,,False
158,504.52106,454.5,2235.0,6507.0,0.00073125,0.0,28.0,0.5807328,-0.015559990237321715,0.3326153255015839,-0.7072215517104216,-0.8093876999999999,-0.147627325005162,,False
159,426.7877,373.5,2048.0,5845.0,0.0008125,0.0,28.0,0.5681977,-0.17142167599018254,0.10185008896515312,-0.7339793524529302,-0.8093876999999999,-0.332022210200289,,False
160,362.02478,310.5,1779.0,5778.0,0.00105625,0.0,27.0,0.5557133,-0.3012765785117982,-0.07763398389651532,-0.7724705203659508,-0.94428565,-0.3506845324179227,,False
161,317.54596,269.0,1648.0,6731.0,0.00129375,0.0,29.0,0.5631582,-0.3904602168557224,-0.19586555570221753,-0.791215289870061,-0.67448975,-0.0852338895312822,,False
162,282.01538,235.0,1481.0,7222.0,0.00125625,0.0,29.0,0.5552629,-0.4617019088985838,-0.29272997597676875,-0.8151112937417131,-0.67448975,0.0515302926904811,,False
163,277.4479,226.5,1501.5,6889.0,0.00141875,0.0,27.0,0.548805,-0.47086007641433864,-0.3169460810454065,-0.8121779519490852,-0.94428565,-0.0412242341523848,,False
164,279.54578,225.0,1529.0,6196.0,0.00146875,0.0,26.0,0.5360265,-0.46665365701721995,-0.32121951135163673,-0.8082429812516574,-1.0791836,-0.2342539251497006,,False
165,291.7345,239.5,1543.5,5912.0,0.00139375,0.0,27.0,0.53789747,-0.4422142857309458,-0.2799096850580781,-0.8061681785202863,-0.94428565,-0.3133598879826554,,False
166,281.06915,231.0,1501.0,5868.0,0.00135625,0.0,27.0,0.52843237,-0.46359917672426293,-0.304125790126716,-0.8122494968708566,-0.94428565,-0.3256157413793104,,False
167,279.9538,229.5,1489.0,5794.0,0.0013375,0.0,28.0,0.5278241,-0.4658355438542114,-0.30839922043294615,-0.8139665749933704,-0.8093876999999999,-0.3462278584555028,,False
168,259.58694,208.5,1498.5,6012.0,0.001675,0.0,27.0,0.5079237,-0.5066727485381786,-0.36822724472016893,-0.8126072214797136,-0.94428565,-0.2855056757175304,,False
169,243.97739,189.5,1430.0,5708.0,0.00208125,0.0,27.0,0.51598835,-0.5379711611739321,-0.4223573619324182,-0.8224088757623972,-0.94428565,-0.3701824810035102,,False
170,226.1788,168.25,1368.5,5915.0,0.0017125,0.0,27.0,0.49750292,-0.5736587763937554,-0.4828976246040127,-0.8312089011402811,-0.94428565,-0.3125242616147016,,False
171,215.94144,160.5,1348.5,5549.0,0.0021625,0.0,27.0,0.5014881,-0.5941855127558386,-0.5049770145195354,-0.8340706980111376,-0.94428565,-0.4144706785050588,,False
172,216.20529,150.0,1487.0,5673.0,0.002425,0.0,28.0,0.51226026,-0.5936564721253309,-0.5348910266631468,-0.8142527546804561,-0.8093876999999999,-0.3799314552963039,,False
173,495.59055,325.0,4269.5,4531.0,0.00105625,0.0,52.0,0.25703102,-0.033466386451672624,-0.03632415760295671,-0.4161052650225404,2.4281631,-0.6980265593640306,,False
174,497.04236,323.5,4369.0,4623.0,0.0011125,0.0,52.5,0.25930554,-0.030555389757423775,-0.040597587909186904,-0.4018678255900291,2.495612075,-0.6724006840801157,,False
175,491.1054,322.0,4490.0,4664.0,0.001075,0.0,52.5,0.25714555,-0.042459475645995996,-0.044871018215417106,-0.3845539545213471,2.495612075,-0.6609804570514144,,False
176,511.92737,335.0,4240.0,5224.0,0.00095625,0.0,52.5,0.27168941,-0.0007097385331849897,-0.0078346222280887,-0.4203264154070538,2.495612075,-0.5049968683667149,,False
177,512.41095,338.0,4276.5,4502.0,0.00104375,0.0,52.0,0.26812962,0.0002598785526628667,0.0007122383843717001,-0.4151036361177406,2.4281631,-0.7061042809209168,,False
178,512.90393,333.0,4285.0,4524.0,0.001025,0.0,52.0,0.26458943,0.0012483434002192254,-0.013532529303062302,-0.4138873724476266,2.4281631,-0.6999763542225893,,False
179,512.15173,334.0,4374.0,4649.0,0.00095,0.0,53.0,0.26541057,-0.0002598785526628667,-0.010683575765575503,-0.401152376372315,2.56306105,-0.6651585888911832,,False
180,512.5255,335.5,4460.5,4675.0,0.0010125,0.0,61.0,0.26082498,0.0004895605849716658,-0.006410145459345301,-0.3887751049058605,3.64224465,-0.6579164937022506,,False
181,508.89026,335.75,4340.5,4559.0,0.00096875,0.0,53.0,0.26071075,-0.006799390188753057,-0.0056979070749736006,-0.4059458861309997,2.56306105,-0.6902273799297955,,False
182,503.6516,335.0,4201.5,4594.0,0.00103125,0.0,53.0,0.25771508,-0.017303327992111716,-0.0078346222280887,-0.4258353743834527,2.56306105,-0.6804784056370018,,False
183,506.92776,337.5,4243.5,4564.0,0.00103125,0.0,54.0,0.25940236,-0.01073436171564955,-0.0007122383843717001,-0.4198256009546539,2.697959,-0.6888346693165392,,False
184,503.39267,333.0,4389.5,4613.0,0.00101875,0.0,52.5,0.25687283,-0.017822503623938037,-0.013532529303062302,-0.3989344837974012,2.495612075,-0.6751861053066281,,False
185,501.85004,331.0,4283.5,4361.0,0.0009625,0.0,53.0,0.25673306,-0.020915601777587133,-0.0192304363780359,-0.4141020072129409,2.56306105,-0.7453787202147429,,False
186,233.45074,159.5,1763.0,4403.0,0.0022625,0.0,36.0,0.36162436,-0.5590779474279979,-0.5078259680570222,-0.774759957862636,0.2697959,-0.7336799510633905,,False
187,163.78531,109.75,1207.5,4868.0,0.00335625,0.0,32.0,0.3827147,-0.698762779763792,-0.6495614065469905,-0.8542463659506763,-0.2697959,-0.6041578640305596,,False
188,156.68573,102.0,1149.5,4931.0,0.00311875,0.0,22.0,0.33793777,-0.7129980129627337,-0.6716407964625132,-0.8625455768761602,-1.6187753999999999,-0.5866097103035309,,False
189,141.40567,96.0,1078.0,4852.0,0.00338125,0.0,34.0,0.34633029,-0.7436357714489855,-0.688734517687434,-0.8727765006894722,0.0,-0.6086145379929796,,False
190,146.78844,98.5,1098.0,4528.0,0.00326875,0.0,33.0,0.37466913,-0.732842881417988,-0.681612133843717,-0.8699147038186158,-0.13489795,-0.6988621857319843,,False
191,187.9346,128.0,1419.5,3790.0,0.0025875,0.0,36.0,0.30682293,-0.6503414964288802,-0.5975680044878564,-0.8239113191195969,0.2697959,-0.9044262722486064,,False
192,424.7463,280.5,4152.5,6250.0,0.00115,0.0,53.0,0.10437638,-0.17551484841056786,-0.16310259002111935,-0.4328467767170512,2.56306105,-0.2192126505265331,,False
193,206.8734,137.5,1638.5,4387.0,0.0024,0.0,34.0,0.2670358,-0.6123676677646324,-0.5705029458817319,-0.7925746433837179,0.0,-0.7381366250258105,,False
194,130.29533,87.5,932.0,5268.0,0.00411875,0.0,21.0,0.33168662,-0.7659129034510942,-0.7129506227560718,-0.893667617846725,-1.7536733500000001,-0.4927410149700598,,False
195,192.63635,126.0,1585.0,4268.0,0.0024625,0.0,34.0,0.22446722,-0.6409141066828494,-0.6032659115628299,-0.8002299500132591,0.0,-0.7712831376213092,,False
196,357.67975,235.5,3531.0,7395.0,0.00141875,0.0,53.0,0.083102316,-0.3099887157518037,-0.29130549920802534,-0.5217771144789181,2.56306105,0.0997180799091472,,False
197,141.07802,96.0,1063.0,5212.0,0.0032375,0.0,28.0,0.34544396,-0.7442927362493866,-0.688734517687434,-0.8749228483426147,-0.8093876999999999,-0.5083393738385298,,False
198,137.87726,94.0,993.5,5606.0,0.003975,0.0,25.0,0.36239958,-0.7507105194159749,-0.6944324247624076,-0.8848675924688413,-1.21408155,-0.3985937775139376,,False
199,133.62613,90.5,975.0,5413.0,0.00365625,0.0,25.0,0.36601472,-0.7592343795469991,-0.7044037621436113,-0.8875147545743834,-1.21408155,-0.4523524071856288,,False
200,140.37837,98.0,983.0,5412.0,0.00345625,0.0,26.0,0.34988835,-0.7456955911939946,-0.6830366106124605,-0.8863700358260408,-1.0791836,-0.4526309493082799,,False
201,142.20969,100.0,1037.0,5547.0,0.0038625,0.0,26.0,0.37196234,-0.7420236461969827,-0.6773387035374868,-0.8786431842747282,-1.0791836,-0.4150277627503613,,False
202,145.04547,99.0,1006.5,5633.0,0.003625,0.0,27.0,0.39266804,-0.736337677505751,-0.6801876570749736,-0.8830074245027844,-0.94428565,-0.3910731402023539,,False
203,153.28078,107.5,1048.0,5788.0,0.00356875,0.0,27.0,0.38302398,-0.719825213625412,-0.6559715520063358,-0.8770691959957571,-0.94428565,-0.3478991111914102,,False
204,157.45764,110.0,1054.5,5602.0,0.0029875,0.0,28.0,0.43597972,-0.7114502708626947,-0.6488491681626188,-0.8761391120127286,-0.8093876999999999,-0.3997079460045426,,False
205,166.56055,115.5,1102.0,5887.0,0.0028,0.0,28.0,0.42495137,-0.6931981986782867,-0.6331799237064415,-0.8693423444444445,-0.8093876999999999,-0.3203234410489366,,False
206,168.36316,116.0,1168.5,5362.0,0.00291875,0.0,29.0,0.43054703,-0.6895838195577269,-0.631755446937698,-0.8598268698488465,-0.67448975,-0.4665580554408424,,False
207,226.5645,149.5,1857.5,3903.0,0.00226875,0.0,38.0,0.2821945,-0.5728854166393992,-0.5363155034318902,-0.7612379676478387,0.5395918,-0.8729510123890152,,False
208,429.4652,276.5,4276.0,6560.0,0.00113125,0.0,51.0,0.14316897,-0.16605307152482449,-0.17449840417106652,-0.415175181039512,2.29326515,-0.1328645925046458,,False
209,204.95236,145.0,1346.5,5042.0,0.00256875,0.0,29.0,0.48077467,-0.6162195086319084,-0.5491357943505808,-0.8343568776982233,-0.67448975,-0.5556915346892423,,False
210,215.87479,149.0,1410.5,5327.0,0.00265625,0.0,29.0,0.50206697,-0.5943191514066758,-0.5377399802006336,-0.8251991277114824,-0.67448975,-0.4763070297336362,,False
211,437.5188,283.0,4428.0,6611.0,0.00111875,0.0,53.0,0.13399054,-0.14990495091895792,-0.15598020617740233,-0.3934255248210024,2.56306105,-0.1186589442494321,,False
212,442.18796,286.5,4446.5,6387.0,0.00115,0.0,52.0,0.1314759,-0.14054290676378664,-0.1460088687961985,-0.39077836271546,2.4281631,-0.181052379723312,,False
213,439.87878,287.0,4399.0,6565.0,0.00110625,0.0,51.0,0.12763488,-0.1451729997831388,-0.14458439202745513,-0.3975751302837443,2.29326515,-0.1314718818913896,,False
214,441.58813,288.5,4479.5,6413.0,0.0011625,0.0,52.5,0.1222935,-0.14174561451969916,-0.14031096172122492,-0.3860563978785468,2.495612075,-0.1738102845343795,,False
215,440.20764,290.0,4360.0,6469.0,0.0012375,0.0,53.0,0.124382265,-0.14451360883468772,-0.13603753141499472,-0.4031556341819146,2.56306105,-0.1582119256659095,,False
216,344.52234,223.5,3001.0,3605.0,0.0014875,0.0,41.5,0.24899885,-0.33637038898375393,-0.32549294165786696,-0.5976147315566163,1.011734625,-0.9559565649390872,,False
217,440.0691,290.25,4251.5,6414.0,0.00114375,0.0,49.5,0.116945654,-0.14479139276097375,-0.13532529303062302,-0.4186808822063113,2.0909182250000002,-0.1735317424117282,,False
218,444.03052,292.0,4404.5,6349.0,0.00115625,0.0,51.5,0.11581762,-0.13684842465596578,-0.1303396243400211,-0.3967881361442588,2.3607141250000003,-0.1916369803840594,,False
219,439.31085,290.0,4255.0,6356.0,0.00113125,0.0,50.0,0.11262816,-0.14631174545410452,-0.13603753141499472,-0.4181800677539114,2.1583672,-0.1896871855255007,,False
220,335.63818,271.0,1889.5,5839.0,0.001175,0.0,31.0,0.59061325,-0.35418384969223404,-0.19016764862724392,-0.7566590926544683,-0.40469384999999997,-0.3336934629361965,,False
221,397.4793,336.5,1970.5,6477.0,0.000875,0.0,31.0,0.5977575,-0.23018739293229257,-0.0035611919218585006,-0.7450688153274994,-0.40469384999999997,-0.1559835886846995,,False
222,360.9189,304.0,1941.0,5593.0,0.00103125,0.0,31.0,0.5995872,-0.303493957524366,-0.09615218189017952,-0.7492899657120128,-0.40469384999999997,-0.4022148251084039,,False
223,427.93805,281.0,4089.5,6342.0,0.00131875,0.0,47.0,0.11070694,-0.16911513102408554,-0.1616781132523759,-0.4418614368602493,1.7536733500000001,-0.1935867752426182,,False
224,2642.1929,360.0,18481.5,16334.0,0.00059375,0.0,58.0,0.054491594,4.270645270526137,0.0633892162090813,1.6174875914081146,3.2375507999999997,2.589606114288664,high_noise,True
225,4422.549,593.0,18988.5,15851.0,0.0006375,0.0,62.0,0.03761261,7.840403518289887,0.7271953904435059,1.6900341420843277,3.7771426,2.4550702690481105,extreme_noise,True
226,5131.7573,753.5,18849.0,16279.0,0.00058125,0.0,62.0,-0.03070771,9.262423628933767,1.1844524332101374,1.6700731089101035,3.7771426,2.5742862975428453,extreme_noise,True
227,4666.292,599.5,19059.0,15796.0,0.00069375,0.0,63.0,0.051935837,8.329127984470938,0.7457135884371701,1.700121976054097,3.9120405499999995,2.4397504523022917,extreme_noise,True
228,4536.842,580.5,18875.0,16126.0,0.0006125,0.0,61.0,0.14097324,8.069570244773237,0.6915834712249208,1.673793444842217,3.64224465,2.5316693527772043,extreme_noise,True
229,4969.0527,653.0,19229.5,16086.0,0.0006625,0.0,61.0,-0.04317697,8.936187721522268,0.8981326026927139,1.724518794378149,3.64224465,2.5205276678711543,extreme_noise,True
230,5116.4023,724.5,19475.0,16286.0,0.00061875,0.0,62.0,-0.05147421,9.231635609674917,1.1018327806230201,1.7596473509679131,3.7771426,2.576236092401404,extreme_noise,True
231,4505.5356,1084.0,18347.5,15735.0,0.00026875,0.0,35.0,0.3350523,8.006798375927564,2.126031577349525,1.5983135523733758,0.13489795,2.4227593828205656,extreme_noise,True
232,4501.076,1366.5,19760.0,16009.0,0.00023125,0.0,33.0,0.34780756,7.99785651655363,2.9308609516895463,1.8004279563776189,-0.13489795,2.499079924427008,extreme_noise,True
233,4692.3813,1548.0,19033.0,15649.0,0.00026875,0.0,34.0,0.3475427,8.38143914506032,3.4479460187434006,1.6964016401219837,0.0,2.398804760272558,extreme_noise,True
234,4591.3154,1620.0,19835.5,16370.0,0.000325,0.0,34.0,0.33841276,8.178793825906098,3.65307067344245,1.811231239565102,0.0,2.5996336307041092,extreme_noise,True
235,4465.3286,1620.5,19396.5,15896.0,0.00043125,0.0,35.0,0.3384606,7.926180082841234,3.6544951502111935,1.748414798249801,0.13489795,2.467604664567417,extreme_noise,True
236,4366.572,1518.5,19384.0,16181.0,0.00035625,0.0,37.0,0.32883534,7.728165097316088,3.3639018893875394,1.746626175205516,0.40469384999999997,2.5469891695230227,extreme_noise,True
237,4321.087,1465.0,20279.5,16336.0,0.0004625,0.0,35.0,0.31079012,7.636963986538569,3.211482875131996,1.8747631300981171,0.13489795,2.5901631985339666,extreme_noise,True
238,4264.3125,1330.0,20299.0,16383.0,0.0003375,0.0,36.0,0.27047402,7.523126513441099,2.8268741475712775,1.8775533820472023,0.2697959,2.6032546782985753,extreme_noise,True
239,5245.599,1551.5,20475.5,16383.0,0.00023125,0.0,36.0,0.33817562,9.49068546234701,3.457917356124604,1.9028087394325113,0.2697959,2.6032546782985753,extreme_noise,True
240,5757.6294,2097.0,20473.5,16383.0,0.0001875,0.0,34.0,0.3727526,10.517347905610901,5.012021510823653,1.9025225597454256,0.0,2.6032546782985753,extreme_noise,True
241,4302.079,1358.0,21023.0,16383.0,0.0002375,0.0,34.0,0.29707456,7.598851406266849,2.906644846620908,1.981150428772209,0.0,2.6032546782985753,extreme_noise,True
242,4239.123,1406.5,21122.5,16381.0,0.000175,0.0,35.5,0.30799416,7.472619524765045,3.0448190931890178,1.99538786820472,0.20234692499999998,2.602697594053273,extreme_noise,True
243,5849.4565,2292.5,22922.0,16382.0,0.0001375,0.0,35.0,0.40104982,10.701468682119167,5.568991927402323,2.252878041660037,0.13489795,2.6029761361759243,extreme_noise,True
244,5817.617,2220.75,22801.5,16383.0,0.00016875,0.0,34.0,0.3988374,10.637627904574902,5.364579511087645,2.235635715513127,0.0,2.6032546782985753,extreme_noise,True
245,5734.4863,2176.0,22274.5,16378.0,0.00015625,0.0,35.0,0.39656293,10.470944114760393,5.237088840285111,2.1602273679660566,0.13489795,2.601861967685319,extreme_noise,True
246,5758.1006,2184.0,21517.5,16383.0,0.00018125,0.0,35.0,0.3893263,10.51829269979356,5.259880468585005,2.051908356404137,0.13489795,2.6032546782985753,extreme_noise,True
247,5746.298,2133.0,22648.0,16382.0,0.00015,0.0,34.0,0.39488843,10.494627530395677,5.1145838381731785,2.2136714245293025,0.0,2.6029761361759243,extreme_noise,True
248,5548.665,1900.75,22981.0,16383.0,0.00015625,0.0,35.0,0.38204044,10.098357350637652,4.452914379091869,2.261320342429064,0.13489795,2.6032546782985753,extreme_noise,True
249,6264.785,3013.5,23785.0,16383.0,0.000125,0.0,34.0,0.45083678,11.534235979856033,7.623087427930306,2.376364576637497,0.0,2.6032546782985753,extreme_noise,True
250,7141.028,4417.0,24565.5,16384.0,0.0001125,0.0,36.0,0.48793474,13.291174199291602,11.621593717793031,2.488046199522673,0.2697959,2.6035332204212267,extreme_noise,True
251,7836.1514,5259.75,25623.0,16384.0,0.0001,0.0,37.0,0.49615395,14.684952944096406,14.02254931151003,2.6393637090692126,0.40469384999999997,2.6035332204212267,extreme_noise,True
252,5802.9053,4915.0,24575.0,19358.0,8.75e-05,0.0,33.0,0.45233652,10.60812975394446,13.040372579461458,2.48940555303633,-0.13489795,3.431917493186042,extreme_noise,True
253,6740.5747,5161.75,28657.5,22676.0,7.5e-05,0.0,34.0,0.42558342,12.488232882934039,13.743351864836326,3.07356983929992,0.0,4.356120256142886,extreme_noise,True
254,9201.713,7084.75,37113.5,28590.0,4.375e-05,0.0,37.0,0.35753167,17.423014607394812,19.221889517423442,4.283537556298064,0.40469384999999997,6.003418369502374,extreme_noise,True
255,14772.65,12160.0,63880.0,32764.0,5e-05,5e-05,55.0,0.1295119,28.593194721093553,33.681040958553325,8.11355185348714,2.83285695,7.166053189448689,extreme_noise,True
