condition,channel,n_trials,mean_abs_lfp,pre_abs_lfp,stim_abs_lfp,recovery_abs_lfp,stim_minus_pre_abs_lfp
amp100_freq26,0,200,1540.6680908203125,1508.60302734375,1545.4759521484375,1558.18212890625,36.8729248046875
amp100_freq26,1,200,1507.3055419921875,1476.9169921875,1511.4466552734375,1525.1265869140625,34.5296630859375
amp100_freq26,2,200,1504.3250732421875,1472.1240234375,1508.8135986328125,1522.888427734375,36.6895751953125
amp100_freq26,3,200,1559.246337890625,1520.321044921875,1565.397216796875,1579.525634765625,45.076171875
amp100_freq26,4,200,1664.05419921875,1616.9327392578125,1672.4033203125,1685.9178466796875,55.4705810546875
amp100_freq26,5,200,1798.964599609375,1741.1649169921875,1809.662841796875,1824.4615478515625,68.4979248046875
amp100_freq26,6,200,1838.2139892578125,1772.7359619140625,1850.2396240234375,1867.35107421875,77.503662109375
amp100_freq26,7,200,1787.7481689453125,1721.35107421875,1799.88134765625,1817.496826171875,78.5302734375
amp100_freq26,8,200,1597.9022216796875,1533.911865234375,1610.223388671875,1624.6148681640625,76.3115234375
amp100_freq26,9,200,1352.99267578125,1294.6219482421875,1365.031982421875,1375.070068359375,70.4100341796875
amp100_freq26,10,200,1123.8798828125,1076.7298583984375,1133.564453125,1141.7724609375,56.8345947265625
amp100_freq26,11,200,957.688232421875,921.439453125,964.5122680664062,973.34228515625,43.07281494140625
amp100_freq26,12,200,842.6574096679688,819.226318359375,845.5047607421875,857.4563598632812,26.2784423828125
amp100_freq26,13,200,792.5172729492188,776.1563110351562,793.1976318359375,806.7589111328125,17.04132080078125
amp100_freq26,14,200,772.1388549804688,760.6932373046875,771.1588745117188,786.3973999023438,10.46563720703125
amp100_freq26,15,200,770.7269897460938,762.2216186523438,768.252685546875,786.5602416992188,6.03106689453125
amp100_freq26,16,200,623.0822143554688,607.0650634765625,624.62060546875,634.4124755859375,17.5555419921875
amp100_freq26,17,200,623.0756225585938,608.6138916015625,624.316650390625,633.732666015625,15.7027587890625
amp100_freq26,18,200,640.896728515625,627.4943237304688,641.9631958007812,650.9907836914062,14.4688720703125
amp100_freq26,19,200,658.87255859375,645.9351196289062,660.0261840820312,668.2776489257812,14.091064453125
amp100_freq26,20,200,689.88232421875,678.407470703125,691.0568237304688,697.7530517578125,12.64935302734375
amp100_freq26,21,200,733.4545288085938,722.5699462890625,734.9783935546875,739.67333984375,12.408447265625
amp100_freq26,22,200,784.5857543945312,774.2183227539062,786.023193359375,790.5486450195312,11.80487060546875
amp100_freq26,23,200,857.2037353515625,845.6072998046875,858.7179565429688,864.1723022460938,13.11065673828125
amp100_freq26,24,200,1224.659423828125,1194.1329345703125,1230.5223388671875,1237.4068603515625,36.389404296875
amp100_freq26,25,200,1223.6995849609375,1193.3328857421875,1229.4378662109375,1236.6661376953125,36.10498046875
amp100_freq26,26,200,1224.7508544921875,1194.176513671875,1230.6239013671875,1237.5889892578125,36.4473876953125
amp100_freq26,27,200,1221.2662353515625,1190.1943359375,1227.2646484375,1234.2138671875,37.0703125
amp100_freq26,28,200,1226.236328125,1195.856689453125,1231.9732666015625,1239.2047119140625,36.1165771484375
amp100_freq26,29,200,1559.3724365234375,1518.0963134765625,1567.08740234375,1577.3837890625,48.9910888671875
amp100_freq26,30,200,1583.2562255859375,1544.283203125,1589.851318359375,1602.1005859375,45.568115234375
amp100_freq26,31,200,1553.4656982421875,1518.5853271484375,1559.10107421875,1571.1539306640625,40.5157470703125
amp100_freq26,32,200,1811.0291748046875,1772.205810546875,1817.1878662109375,1831.158935546875,44.9820556640625
amp100_freq26,33,200,1853.5084228515625,1815.4049072265625,1858.92626953125,1874.9644775390625,43.5213623046875
amp100_freq26,34,200,1796.775146484375,1764.0111083984375,1801.009033203125,1816.616943359375,36.9979248046875
amp100_freq26,35,200,1716.0601806640625,1688.918701171875,1719.222900390625,1733.554443359375,30.30419921875
amp100_freq26,36,200,1638.8399658203125,1615.2650146484375,1641.441650390625,1654.4130859375,26.1766357421875
amp100_freq26,37,200,1577.3345947265625,1554.5784912109375,1579.902099609375,1592.1494140625,25.3236083984375
amp100_freq26,38,200,1545.239501953125,1522.5662841796875,1547.9105224609375,1559.6171875,25.34423828125
amp100_freq26,39,200,1534.5870361328125,1510.71875,1537.56005859375,1549.346923828125,26.84130859375
amp100_freq26,40,200,1545.4725341796875,1517.7017822265625,1549.1800537109375,1561.982177734375,31.478271484375
amp100_freq26,41,200,1572.528564453125,1541.748046875,1576.550537109375,1591.000732421875,34.802490234375
amp100_freq26,42,200,1626.6019287109375,1588.794921875,1632.2109375,1647.5338134765625,43.416015625
amp100_freq26,43,200,1661.393310546875,1618.3460693359375,1668.1900634765625,1683.7467041015625,49.843994140625
amp100_freq26,44,200,1528.408203125,1484.359619140625,1536.0518798828125,1549.388671875,51.6922607421875
amp100_freq26,45,200,1254.4141845703125,1217.157958984375,1261.51611328125,1270.1864013671875,44.358154296875
amp100_freq26,46,200,971.2333984375,942.2393798828125,977.3660888671875,981.6866455078125,35.126708984375
amp100_freq26,47,200,782.0313110351562,759.3587646484375,787.163818359375,789.2199096679688,27.8050537109375
amp100_freq26,48,200,661.6852416992188,635.7222290039062,667.195068359375,671.08740234375,31.47283935546875
amp100_freq26,49,200,588.2210083007812,566.3964233398438,592.3444213867188,597.6153564453125,25.947998046875
amp100_freq26,50,200,526.7827758789062,509.54473876953125,529.5545043945312,535.6339111328125,20.009765625
amp100_freq26,51,200,499.5960693359375,485.927978515625,501.3597106933594,507.92156982421875,15.431732177734375
amp100_freq26,52,200,486.38153076171875,475.7829895019531,487.5784912109375,493.316650390625,11.795501708984375
amp100_freq26,53,200,485.6448059082031,477.237548828125,486.3044738769531,492.016845703125,9.066925048828125
amp100_freq26,54,200,499.5830383300781,492.7720947265625,499.8599548339844,505.48468017578125,7.087860107421875
amp100_freq26,55,200,529.9259643554688,524.4442749023438,529.8800659179688,535.4786987304688,5.435791015625
amp100_freq26,56,200,578.3618774414062,573.2244262695312,578.3055419921875,583.556396484375,5.08111572265625
amp100_freq26,57,200,642.09033203125,635.7866821289062,642.5900268554688,646.7723999023438,6.8033447265625
amp100_freq26,58,200,713.5003662109375,705.9817504882812,714.3755493164062,718.3278198242188,8.393798828125
amp100_freq26,59,200,824.1395263671875,814.2993774414062,825.4280395507812,829.9857177734375,11.128662109375
amp100_freq26,60,200,970.7122802734375,956.9251708984375,972.6527709960938,978.5155639648438,15.72760009765625
amp100_freq26,61,200,1147.280029296875,1128.6580810546875,1150.0081787109375,1157.5018310546875,21.35009765625
amp100_freq26,62,200,1504.2210693359375,1474.320068359375,1508.9853515625,1519.6328125,34.665283203125
amp100_freq26,63,200,1505.9337158203125,1474.39013671875,1511.1529541015625,1521.546875,36.7628173828125
amp100_freq26,64,200,1500.7242431640625,1471.5462646484375,1505.3984375,1515.76953125,33.8521728515625
amp100_freq26,65,200,1698.9444580078125,1666.7532958984375,1703.719482421875,1716.592529296875,36.9661865234375
amp100_freq26,66,200,1819.942138671875,1784.593017578125,1825.30712890625,1838.9981689453125,40.714111328125
amp100_freq26,67,200,1832.5504150390625,1800.392822265625,1836.938720703125,1851.2620849609375,36.5458984375
amp100_freq26,68,200,873.6989135742188,843.4452514648438,880.3980102539062,883.767822265625,36.9527587890625
amp100_freq26,69,200,584.2252807617188,553.644287109375,590.660888671875,595.404052734375,37.0166015625
amp100_freq26,70,200,550.3012084960938,523.85791015625,556.56787109375,557.8840942382812,32.7099609375
amp100_freq26,71,200,757.5140380859375,733.3201904296875,762.8126831054688,765.7095336914062,29.49249267578125
amp100_freq26,72,200,1575.541259765625,1552.78759765625,1579.093994140625,1587.3729248046875,26.306396484375
amp100_freq26,73,200,751.1725463867188,725.3030395507812,757.5723266601562,757.7589111328125,32.269287109375
amp100_freq26,74,200,540.47998046875,510.347900390625,548.4403076171875,546.6640625,38.0924072265625
amp100_freq26,75,200,568.0496826171875,535.9096069335938,576.2208251953125,575.6030883789062,40.31121826171875
amp100_freq26,76,200,814.94775390625,779.6211547851562,823.7026977539062,823.885009765625,44.08154296875
amp100_freq26,77,200,1603.018310546875,1560.3328857421875,1610.622802734375,1622.7421875,50.2899169921875
amp100_freq26,78,200,1304.5423583984375,1268.2459716796875,1311.54736328125,1319.5836181640625,43.3013916015625
amp100_freq26,79,200,570.3427734375,550.6882934570312,574.3994750976562,577.7528686523438,23.711181640625
amp100_freq26,80,200,315.8758544921875,306.2415466308594,318.4068908691406,317.8744201660156,12.16534423828125
amp100_freq26,81,200,666.3085327148438,637.6875610351562,672.75439453125,675.5004272460938,35.06683349609375
amp100_freq26,82,200,654.7320556640625,627.1481323242188,660.9254760742188,663.6777954101562,33.77734375
amp100_freq26,83,200,640.8958740234375,615.0384521484375,646.6441650390625,649.4364624023438,31.605712890625
amp100_freq26,84,200,599.5521240234375,576.9039306640625,604.5640258789062,607.0821533203125,27.66009521484375
amp100_freq26,85,200,527.9874267578125,510.6759033203125,531.3389282226562,535.1920166015625,20.66302490234375
amp100_freq26,86,200,478.2982177734375,467.0761413574219,479.58319091796875,485.57781982421875,12.507049560546875
amp100_freq26,87,200,464.2265625,456.3779296875,464.7078552246094,470.5611877441406,8.329925537109375
amp100_freq26,88,200,246.2090301513672,240.11880493164062,247.68106079101562,247.83633422851562,7.562255859375
amp100_freq26,89,200,193.44744873046875,186.97625732421875,195.1332550048828,194.83958435058594,8.156997680664062
amp100_freq26,90,200,208.0537567138672,199.15345764160156,209.91848754882812,211.3076934814453,10.765029907226562
amp100_freq26,91,200,248.16038513183594,236.7347412109375,250.90890502929688,251.30455017089844,14.174163818359375
amp100_freq26,92,200,328.4745178222656,315.2505187988281,331.712646484375,331.9644775390625,16.462127685546875
amp100_freq26,93,200,503.05194091796875,490.8498229980469,505.76300048828125,507.074951171875,14.913177490234375
amp100_freq26,94,200,967.89501953125,955.396728515625,969.340087890625,975.9356689453125,13.943359375
amp100_freq26,95,200,1168.3331298828125,1150.41259765625,1170.9493408203125,1178.2525634765625,20.5367431640625
amp100_freq26,96,200,628.2485961914062,619.2918701171875,629.6013793945312,633.10205078125,10.30950927734375
amp100_freq26,97,200,765.3168334960938,753.6542358398438,766.9063720703125,772.137451171875,13.25213623046875
amp100_freq26,98,200,920.0155639648438,904.5765380859375,922.3536376953125,928.3079833984375,17.777099609375
amp100_freq26,99,200,1059.9339599609375,1041.9166259765625,1062.6461181640625,1069.66455078125,20.7294921875
amp100_freq26,100,200,1199.435791015625,1179.3133544921875,1202.4805908203125,1210.1763916015625,23.167236328125
amp100_freq26,101,200,1325.00830078125,1302.6878662109375,1328.3046875,1337.2523193359375,25.6168212890625
amp100_freq26,102,200,1424.866455078125,1401.040283203125,1428.0518798828125,1439.034423828125,27.0115966796875
amp100_freq26,103,200,1447.1339111328125,1422.2218017578125,1450.622802734375,1461.4482421875,28.4010009765625
amp100_freq26,104,200,1427.558349609375,1403.465087890625,1430.96240234375,1441.4036865234375,27.497314453125
amp100_freq26,105,200,1404.4295654296875,1379.1827392578125,1408.4710693359375,1417.4326171875,29.288330078125
amp100_freq26,106,200,1346.1168212890625,1321.5601806640625,1350.19873046875,1358.2340087890625,28.6385498046875
amp100_freq26,107,200,1256.697509765625,1233.6624755859375,1260.69970703125,1267.486328125,27.0372314453125
amp100_freq26,108,200,1149.0771484375,1127.1505126953125,1153.272705078125,1158.246826171875,26.1221923828125
amp100_freq26,109,200,1020.7685546875,1000.655029296875,1024.9205322265625,1028.3074951171875,24.2655029296875
amp100_freq26,110,200,863.832275390625,845.80615234375,867.9323120117188,869.3909301757812,22.12615966796875
amp100_freq26,111,200,744.4637451171875,729.2469482421875,748.3135375976562,748.0877685546875,19.06658935546875
amp100_freq26,112,200,579.0823974609375,554.7750244140625,585.0430297851562,585.3862915039062,30.26800537109375
amp100_freq26,113,200,585.136474609375,560.5689697265625,591.1876220703125,591.4990234375,30.61865234375
amp100_freq26,114,200,428.33392333984375,408.08880615234375,434.27642822265625,430.71026611328125,26.1876220703125
amp100_freq26,115,200,592.9456787109375,568.0053100585938,598.9739379882812,599.7080688476562,30.9686279296875
amp100_freq26,116,200,586.0568237304688,561.6666870117188,592.1038818359375,592.2454223632812,30.43719482421875
amp100_freq26,117,200,580.5568237304688,557.4448852539062,586.4628295898438,585.8826293945312,29.0179443359375
amp100_freq26,118,200,578.3662719726562,556.9891357421875,583.913818359375,583.0387573242188,26.9246826171875
amp100_freq26,119,200,574.0562133789062,554.5968017578125,579.2203369140625,577.9424438476562,24.62353515625
amp100_freq26,120,200,560.3639526367188,543.5081787109375,564.966552734375,563.3071899414062,21.4583740234375
amp100_freq26,121,200,497.37158203125,484.4476013183594,500.7955322265625,499.9441833496094,16.347930908203125
amp100_freq26,122,200,411.0850830078125,403.972412109375,412.4761962890625,413.9737243652344,8.5037841796875
amp100_freq26,123,200,360.2483215332031,356.84716796875,360.3641052246094,363.2615661621094,3.516937255859375
amp100_freq26,124,200,346.2628479003906,345.0384826660156,345.8317565917969,348.7690734863281,0.79327392578125
amp100_freq26,125,200,364.3885192871094,363.91265869140625,363.9317321777344,366.18084716796875,0.019073486328125
amp100_freq26,126,200,567.2134399414062,562.4009399414062,567.352294921875,571.5048828125,4.95135498046875
amp100_freq26,127,200,517.923095703125,512.6994018554688,518.4801025390625,521.411865234375,5.78070068359375
amp100_freq5,0,200,1517.6514892578125,1495.0430908203125,1523.132568359375,1523.5992431640625,28.0894775390625
amp100_freq5,1,200,1486.56982421875,1466.9248046875,1491.50390625,1491.2093505859375,24.5791015625
amp100_freq5,2,200,1485.336669921875,1468.897705078125,1489.6080322265625,1488.67919921875,20.7103271484375
amp100_freq5,3,200,1539.962890625,1525.427734375,1544.114013671875,1541.71435546875,18.686279296875
amp100_freq5,4,200,1642.5147705078125,1624.61962890625,1648.2626953125,1643.0008544921875,23.64306640625
amp100_freq5,5,200,1770.98193359375,1744.090576171875,1779.7486572265625,1771.443115234375,35.6580810546875
amp100_freq5,6,200,1805.72998046875,1769.6746826171875,1817.3714599609375,1806.7430419921875,47.69677734375
amp100_freq5,7,200,1752.8465576171875,1712.57666015625,1765.0513916015625,1756.23779296875,52.4747314453125
amp100_freq5,8,200,1563.2750244140625,1519.66455078125,1576.511962890625,1566.8331298828125,56.847412109375
amp100_freq5,9,200,1321.857177734375,1281.0570068359375,1334.5184326171875,1324.5684814453125,53.46142578125
amp100_freq5,10,200,1094.9638671875,1065.1624755859375,1105.26171875,1093.7427978515625,40.0992431640625
amp100_freq5,11,200,927.6527709960938,909.0208129882812,935.1522827148438,923.7162475585938,26.1314697265625
amp100_freq5,12,200,813.3062744140625,805.7464599609375,817.1456909179688,809.2290649414062,11.39923095703125
amp100_freq5,13,200,764.9241333007812,761.724609375,767.5770263671875,760.1375122070312,5.8524169921875
amp100_freq5,14,200,746.8534545898438,745.8967895507812,748.897705078125,741.5872802734375,3.00091552734375
amp100_freq5,15,200,746.6826782226562,746.6399536132812,748.3187866210938,741.7645874023438,1.6788330078125
amp100_freq5,16,200,599.4803466796875,588.943115234375,600.97900390625,605.4166870117188,12.035888671875
amp100_freq5,17,200,598.9519653320312,588.7337036132812,599.9661865234375,606.0792236328125,11.23248291015625
amp100_freq5,18,200,616.3878173828125,607.2998657226562,616.651123046875,624.584716796875,9.35125732421875
amp100_freq5,19,200,634.7725830078125,625.6716918945312,634.6627197265625,644.0716552734375,8.99102783203125
amp100_freq5,20,200,667.9989013671875,659.76806640625,667.44091796875,677.8396606445312,7.6728515625
amp100_freq5,21,200,713.9267578125,705.1358642578125,713.6473388671875,723.4984130859375,8.511474609375
amp100_freq5,22,200,767.6068115234375,758.4694213867188,767.8606567382812,775.8842163085938,9.3912353515625
amp100_freq5,23,200,842.6232299804688,833.5584106445312,843.6357421875,848.6372680664062,10.07733154296875
amp100_freq5,24,200,1205.791259765625,1189.1837158203125,1209.6383056640625,1210.827880859375,20.45458984375
amp100_freq5,25,200,1204.7674560546875,1188.5638427734375,1208.4075927734375,1209.9296875,19.84375
amp100_freq5,26,200,1205.7958984375,1189.16015625,1209.6212158203125,1210.786376953125,20.4610595703125
amp100_freq5,27,200,1202.2391357421875,1185.489501953125,1206.1697998046875,1207.1263427734375,20.6802978515625
amp100_freq5,28,200,1207.3082275390625,1190.93798828125,1211.0350341796875,1212.396728515625,20.0970458984375
amp100_freq5,29,200,1529.3179931640625,1503.2032470703125,1534.828857421875,1538.68896484375,31.6256103515625
amp100_freq5,30,200,1553.6953125,1527.670166015625,1559.168701171875,1563.110107421875,31.49853515625
amp100_freq5,31,200,1527.3248291015625,1502.53076171875,1532.857177734375,1535.322998046875,30.326416015625
amp100_freq5,32,200,1793.7288818359375,1773.7037353515625,1798.1788330078125,1800.28125,24.47509765625
amp100_freq5,33,200,1838.639892578125,1819.199462890625,1842.8897705078125,1845.1868896484375,23.6903076171875
amp100_freq5,34,200,1785.4385986328125,1768.296630859375,1788.8944091796875,1791.9268798828125,20.5977783203125
amp100_freq5,35,200,1707.619873046875,1692.3585205078125,1710.3326416015625,1714.4573974609375,17.97412109375
amp100_freq5,36,200,1632.0479736328125,1617.099609375,1634.7681884765625,1638.5692138671875,17.6685791015625
amp100_freq5,37,200,1571.13720703125,1555.6278076171875,1574.2568359375,1576.9368896484375,18.6290283203125
amp100_freq5,38,200,1539.0206298828125,1523.423828125,1542.340576171875,1544.5576171875,18.916748046875
amp100_freq5,39,200,1527.8238525390625,1511.9332275390625,1531.1336669921875,1533.6114501953125,19.200439453125
amp100_freq5,40,200,1537.134033203125,1520.1904296875,1540.8096923828125,1542.9202880859375,20.6192626953125
amp100_freq5,41,200,1562.085693359375,1544.2335205078125,1565.7861328125,1568.581298828125,21.5526123046875
amp100_freq5,42,200,1611.559326171875,1591.1044921875,1615.9124755859375,1618.6837158203125,24.8079833984375
amp100_freq5,43,200,1640.6488037109375,1618.661376953125,1645.497314453125,1647.86474609375,26.8359375
amp100_freq5,44,200,1504.041259765625,1481.515869140625,1509.059814453125,1511.3104248046875,27.5439453125
amp100_freq5,45,200,1231.3201904296875,1211.9647216796875,1235.38037109375,1238.322021484375,23.4156494140625
amp100_freq5,46,200,950.5691528320312,936.8375854492188,953.7052001953125,954.77880859375,16.86761474609375
amp100_freq5,47,200,762.6845092773438,753.815185546875,765.3225708007812,763.52880859375,11.50738525390625
amp100_freq5,48,200,638.954345703125,626.1461181640625,642.70849609375,640.4321899414062,16.5623779296875
amp100_freq5,49,200,568.108154296875,556.7481689453125,571.0997314453125,570.3900146484375,14.3515625
amp100_freq5,50,200,509.4401550292969,499.91644287109375,511.93719482421875,511.38092041015625,12.020751953125
amp100_freq5,51,200,483.43658447265625,475.1011657714844,485.550537109375,485.4009704589844,10.449371337890625
amp100_freq5,52,200,470.2205810546875,462.8937072753906,471.7471618652344,472.8789367675781,8.85345458984375
amp100_freq5,53,200,468.94976806640625,462.44244384765625,469.8177795410156,472.7950134277344,7.375335693359375
amp100_freq5,54,200,482.47991943359375,476.7025146484375,482.8470153808594,487.0787658691406,6.144500732421875
amp100_freq5,55,200,512.8983154296875,507.7376403808594,512.7322998046875,518.46826171875,4.994659423828125
amp100_freq5,56,200,562.1934814453125,556.7462768554688,561.7685546875,568.8482666015625,5.02227783203125
amp100_freq5,57,200,626.7012939453125,620.6394653320312,626.1478881835938,634.3206787109375,5.5084228515625
amp100_freq5,58,200,699.0006713867188,692.6527099609375,698.5149536132812,706.7667236328125,5.86224365234375
amp100_freq5,59,200,811.0338745117188,803.7703857421875,810.8478393554688,818.7655029296875,7.07745361328125
amp100_freq5,60,200,957.5081787109375,948.9254150390625,957.7913208007812,965.1012573242188,8.86590576171875
amp100_freq5,61,200,1134.0430908203125,1123.3040771484375,1134.969482421875,1141.9154052734375,11.6654052734375
amp100_freq5,62,200,1488.76513671875,1471.9036865234375,1491.921630859375,1496.0369873046875,20.0179443359375
amp100_freq5,63,200,1489.949951171875,1472.09375,1493.619873046875,1496.6766357421875,21.526123046875
amp100_freq5,64,200,1485.5001220703125,1468.919189453125,1488.59423828125,1492.71826171875,19.675048828125
amp100_freq5,65,200,1685.4580078125,1667.2607421875,1689.2928466796875,1691.9940185546875,22.0321044921875
amp100_freq5,66,200,1806.7706298828125,1787.2630615234375,1811.1368408203125,1812.892578125,23.873779296875
amp100_freq5,67,200,1822.435546875,1805.1324462890625,1826.203857421875,1828.2296142578125,21.0714111328125
amp100_freq5,68,200,863.6651611328125,846.00732421875,869.491455078125,863.7291259765625,23.484130859375
amp100_freq5,69,200,576.515869140625,559.1494140625,582.3966674804688,576.17041015625,23.24725341796875
amp100_freq5,70,200,544.2166137695312,530.584716796875,548.8798828125,543.7957763671875,18.295166015625
amp100_freq5,71,200,752.5361938476562,737.262451171875,757.2438354492188,753.6578369140625,19.98138427734375
amp100_freq5,72,200,1570.0205078125,1553.134033203125,1574.0279541015625,1574.7401123046875,20.8939208984375
amp100_freq5,73,200,743.3214721679688,727.7095336914062,748.1749267578125,744.2830200195312,20.46539306640625
amp100_freq5,74,200,531.0215454101562,511.9688415527344,537.4160766601562,530.8125610351562,25.447235107421875
amp100_freq5,75,200,556.8052368164062,536.4229736328125,563.3622436523438,557.4752197265625,26.93927001953125
amp100_freq5,76,200,802.1582641601562,779.3717041015625,808.6749877929688,805.289794921875,29.30328369140625
amp100_freq5,77,200,1580.237548828125,1555.243408203125,1585.8348388671875,1588.2655029296875,30.5914306640625
amp100_freq5,78,200,1282.544921875,1261.572021484375,1287.0892333984375,1289.73193359375,25.5172119140625
amp100_freq5,79,200,561.6257934570312,549.9549560546875,565.1156616210938,562.7791137695312,15.16070556640625
amp100_freq5,80,200,308.644775390625,300.3869934082031,310.3854675292969,311.6651916503906,9.99847412109375
amp100_freq5,81,200,643.4721069335938,632.7172241210938,647.6492309570312,641.6221313476562,14.9320068359375
amp100_freq5,82,200,632.5328369140625,621.0284423828125,636.716064453125,631.4334716796875,15.6876220703125
amp100_freq5,83,200,620.1019287109375,607.7078857421875,624.2360229492188,619.9805908203125,16.52813720703125
amp100_freq5,84,200,580.4635620117188,567.8911743164062,584.338623046875,581.32568359375,16.44744873046875
amp100_freq5,85,200,511.4014587402344,500.4314270019531,514.5691528320312,512.8064575195312,14.137725830078125
amp100_freq5,86,200,464.0100402832031,455.4764099121094,466.07415771484375,466.3075866699219,10.597747802734375
amp100_freq5,87,200,449.75555419921875,442.8294677734375,450.96875,452.952880859375,8.1392822265625
amp100_freq5,88,200,239.9683380126953,232.142578125,241.69578552246094,242.58409118652344,9.553207397460938
amp100_freq5,89,200,189.56983947753906,180.45516967773438,192.1984405517578,190.7782745361328,11.743270874023438
amp100_freq5,90,200,205.2040557861328,194.97930908203125,208.4023895263672,205.79730224609375,13.423080444335938
amp100_freq5,91,200,243.8966064453125,234.35643005371094,247.0679473876953,243.89053344726562,12.711517333984375
amp100_freq5,92,200,321.7623596191406,313.5121154785156,324.72576904296875,321.0880432128906,11.213653564453125
amp100_freq5,93,200,496.734619140625,488.3945007324219,498.89276123046875,498.5215148925781,10.498260498046875
amp100_freq5,94,200,955.2367553710938,947.2823486328125,955.2542724609375,963.0783081054688,7.971923828125
amp100_freq5,95,200,1155.9761962890625,1145.487060546875,1156.8968505859375,1163.6103515625,11.4097900390625
amp100_freq5,96,200,615.9182739257812,611.2020874023438,615.50927734375,621.8064575195312,4.30718994140625
amp100_freq5,97,200,753.6458740234375,748.010986328125,753.46484375,759.7511596679688,5.453857421875
amp100_freq5,98,200,907.71630859375,899.954345703125,908.015625,914.4244995117188,8.061279296875
amp100_freq5,99,200,1047.493896484375,1038.5828857421875,1048.13818359375,1054.31103515625,9.5552978515625
amp100_freq5,100,200,1185.972900390625,1175.697021484375,1186.9664306640625,1193.172607421875,11.2694091796875
amp100_freq5,101,200,1311.5458984375,1299.64697265625,1312.8624267578125,1319.346923828125,13.2154541015625
amp100_freq5,102,200,1409.736572265625,1397.0318603515625,1411.00732421875,1418.491943359375,13.9754638671875
amp100_freq5,103,200,1432.8785400390625,1418.534423828125,1434.7542724609375,1441.4395751953125,16.2198486328125
amp100_freq5,104,200,1412.9769287109375,1398.5391845703125,1414.5833740234375,1422.455322265625,16.044189453125
amp100_freq5,105,200,1389.6072998046875,1374.4732666015625,1391.575927734375,1398.6058349609375,17.1026611328125
amp100_freq5,106,200,1330.417724609375,1315.628662109375,1332.3406982421875,1339.345947265625,16.7120361328125
amp100_freq5,107,200,1241.69189453125,1228.1795654296875,1243.146484375,1250.625732421875,14.9669189453125
amp100_freq5,108,200,1135.13623046875,1122.82373046875,1136.357666015625,1143.697509765625,13.533935546875
amp100_freq5,109,200,1006.845458984375,995.6013793945312,1007.9884643554688,1014.4954833984375,12.3870849609375
amp100_freq5,110,200,849.4723510742188,840.3622436523438,850.6538696289062,854.9424438476562,10.2916259765625
amp100_freq5,111,200,731.0203857421875,724.1357421875,732.2664184570312,734.0745239257812,8.13067626953125
amp100_freq5,112,200,559.3151245117188,549.940673828125,563.9411010742188,554.718017578125,14.00042724609375
amp100_freq5,113,200,565.5219116210938,556.1763305664062,570.106201171875,561.05078125,13.92987060546875
amp100_freq5,114,200,412.4783020019531,405.01116943359375,416.74591064453125,407.0768127441406,11.7347412109375
amp100_freq5,115,200,574.5369873046875,564.6295166015625,579.0018310546875,570.979248046875,14.372314453125
amp100_freq5,116,200,568.702880859375,558.6787719726562,573.1615600585938,565.265625,14.4827880859375
amp100_freq5,117,200,564.5180053710938,554.13525390625,569.0191650390625,561.3284301757812,14.8839111328125
amp100_freq5,118,200,563.6063842773438,552.6105346679688,568.00830078125,561.3045654296875,15.39776611328125
amp100_freq5,119,200,560.7781372070312,549.3240356445312,565.0972290039062,559.2020263671875,15.773193359375
amp100_freq5,120,200,547.7926025390625,536.9535522460938,551.6882934570312,546.8679809570312,14.7347412109375
amp100_freq5,121,200,485.634033203125,475.5814514160156,488.8239440917969,486.02044677734375,13.24249267578125
amp100_freq5,122,200,400.2803649902344,392.3262023925781,402.643798828125,401.08343505859375,10.317596435546875
amp100_freq5,123,200,350.0747375488281,343.6162414550781,351.672607421875,351.6862487792969,8.056365966796875
amp100_freq5,124,200,336.62677001953125,331.23614501953125,337.6337585449219,338.9440002441406,6.397613525390625
amp100_freq5,125,200,354.4127502441406,349.8639221191406,354.6430969238281,358.23052978515625,4.7791748046875
amp100_freq5,126,200,557.1559448242188,553.2626342773438,556.9387817382812,561.669921875,3.6761474609375
amp100_freq5,127,200,505.7746887207031,501.66302490234375,505.2412109375,511.38818359375,3.57818603515625
amp180_freq26,0,200,1510.5513916015625,1476.7646484375,1518.202880859375,1521.2783203125,41.438232421875
amp180_freq26,1,200,1478.7298583984375,1447.84716796875,1485.838623046875,1488.1248779296875,37.991455078125
amp180_freq26,2,200,1475.9427490234375,1445.140380859375,1482.8662109375,1485.7744140625,37.725830078125
amp180_freq26,3,200,1527.239013671875,1489.275146484375,1535.15673828125,1541.3521728515625,45.881591796875
amp180_freq26,4,200,1626.1075439453125,1570.372314453125,1637.0047607421875,1648.978515625,66.6324462890625
amp180_freq26,5,200,1750.70947265625,1667.7340087890625,1767.638671875,1782.7281494140625,99.9046630859375
amp180_freq26,6,200,1783.6939697265625,1681.0850830078125,1805.59423828125,1820.377685546875,124.5091552734375
amp180_freq26,7,200,1730.591796875,1619.1055908203125,1754.9014892578125,1768.8370361328125,135.7958984375
amp180_freq26,8,200,1541.6422119140625,1429.322265625,1566.0137939453125,1580.735595703125,136.6915283203125
amp180_freq26,9,200,1301.556884765625,1199.3924560546875,1323.27734375,1338.40234375,123.8848876953125
amp180_freq26,10,200,1080.2423095703125,997.4652099609375,1096.3450927734375,1114.5394287109375,98.8798828125
amp180_freq26,11,200,919.1322631835938,853.08740234375,930.8047485351562,950.0780029296875,77.71734619140625
amp180_freq26,12,200,810.097900390625,759.0970458984375,817.5967407226562,838.541259765625,58.49969482421875
amp180_freq26,13,200,764.0982055664062,721.1577758789062,769.7069091796875,790.0975341796875,48.54913330078125
amp180_freq26,14,200,746.3648071289062,709.9147338867188,750.7073974609375,769.7351684570312,40.79266357421875
amp180_freq26,15,200,745.9740600585938,714.4198608398438,749.6558837890625,766.4092407226562,35.23602294921875
amp180_freq26,16,200,607.356201171875,581.749267578125,608.7249145507812,628.7791137695312,26.97564697265625
amp180_freq26,17,200,607.3945922851562,580.7203979492188,609.1174926757812,628.837158203125,28.3970947265625
amp180_freq26,18,200,625.7783203125,595.6775512695312,628.302734375,648.2516479492188,32.62518310546875
amp180_freq26,19,200,645.2492065429688,610.9713745117188,649.1658325195312,667.7200927734375,38.1944580078125
amp180_freq26,20,200,677.0316772460938,641.1953125,682.1166381835938,697.5335083007812,40.92132568359375
amp180_freq26,21,200,721.0718383789062,683.8627319335938,727.4183959960938,739.1689453125,43.5556640625
amp180_freq26,22,200,772.2173461914062,735.5075073242188,779.45361328125,787.1149291992188,43.94610595703125
amp180_freq26,23,200,844.7164306640625,810.2813720703125,852.5217895507812,855.5958251953125,42.24041748046875
amp180_freq26,24,200,1203.40771484375,1165.1826171875,1212.557373046875,1214.1075439453125,47.374755859375
amp180_freq26,25,200,1202.5472412109375,1164.371826171875,1211.6138916015625,1213.36376953125,47.2420654296875
amp180_freq26,26,200,1203.3385009765625,1165.002197265625,1212.524658203125,1214.02392578125,47.5224609375
amp180_freq26,27,200,1199.779541015625,1161.0897216796875,1208.9324951171875,1210.8697509765625,47.8427734375
amp180_freq26,28,200,1204.955810546875,1166.7987060546875,1214.048828125,1215.7294921875,47.2501220703125
amp180_freq26,29,200,1524.49755859375,1479.7640380859375,1533.7750244140625,1541.2073974609375,54.010986328125
amp180_freq26,30,200,1548.176513671875,1506.479736328125,1556.888427734375,1563.5662841796875,50.40869140625
amp180_freq26,31,200,1521.1014404296875,1483.3748779296875,1529.2645263671875,1534.22314453125,45.8896484375
amp180_freq26,32,200,1776.4185791015625,1717.7735595703125,1789.271728515625,1796.5006103515625,71.4981689453125
amp180_freq26,33,200,1820.4715576171875,1769.1846923828125,1831.6591796875,1837.9305419921875,62.4744873046875
amp180_freq26,34,200,1767.2982177734375,1724.68603515625,1777.1983642578125,1779.9530029296875,52.5123291015625
amp180_freq26,35,200,1691.3294677734375,1656.0650634765625,1700.2281494140625,1699.7491455078125,44.1630859375
amp180_freq26,36,200,1616.673583984375,1585.4783935546875,1625.178955078125,1622.177490234375,39.7005615234375
amp180_freq26,37,200,1556.736572265625,1527.6959228515625,1565.082275390625,1560.4989013671875,37.3863525390625
amp180_freq26,38,200,1524.8826904296875,1495.867431640625,1533.1568603515625,1528.9908447265625,37.2894287109375
amp180_freq26,39,200,1513.199951171875,1482.343994140625,1521.451904296875,1519.1451416015625,39.10791015625
amp180_freq26,40,200,1521.4346923828125,1486.3441162109375,1530.1627197265625,1530.177001953125,43.818603515625
amp180_freq26,41,200,1545.386962890625,1503.2247314453125,1555.0784912109375,1558.3140869140625,51.853759765625
amp180_freq26,42,200,1594.0242919921875,1541.41943359375,1605.1551513671875,1613.022216796875,63.7357177734375
amp180_freq26,43,200,1623.4068603515625,1559.7261962890625,1635.6513671875,1650.01318359375,75.9251708984375
amp180_freq26,44,200,1489.3541259765625,1419.0897216796875,1502.9423828125,1518.6929931640625,83.8526611328125
amp180_freq26,45,200,1220.94091796875,1155.76025390625,1233.9285888671875,1247.0133056640625,78.1683349609375
amp180_freq26,46,200,944.9136352539062,889.5278930664062,955.9539794921875,966.9974365234375,66.42608642578125
amp180_freq26,47,200,761.1243896484375,714.3416748046875,770.1343383789062,780.8255004882812,55.79266357421875
amp180_freq26,48,200,640.9271850585938,609.5364990234375,645.3826293945312,658.8432006835938,35.84613037109375
amp180_freq26,49,200,569.1996459960938,542.4761962890625,572.7081298828125,585.3192749023438,30.23193359375
amp180_freq26,50,200,510.6334228515625,488.85528564453125,513.1233520507812,524.9002075195312,24.26806640625
amp180_freq26,51,200,485.33966064453125,465.98992919921875,487.13983154296875,499.21514892578125,21.14990234375
amp180_freq26,52,200,473.53662109375,455.6061706542969,474.869873046875,487.39422607421875,19.263702392578125
amp180_freq26,53,200,473.45086669921875,455.1328125,474.70220947265625,487.9725036621094,19.56939697265625
amp180_freq26,54,200,487.6665954589844,467.4044189453125,489.37261962890625,502.7587585449219,21.96820068359375
amp180_freq26,55,200,518.6697998046875,495.4161376953125,521.2061157226562,534.2732543945312,25.78997802734375
amp180_freq26,56,200,567.3696899414062,540.9703979492188,570.8502807617188,583.2007446289062,29.8798828125
amp180_freq26,57,200,631.1233520507812,601.3284912109375,635.7725830078125,646.8801879882812,34.444091796875
amp180_freq26,58,200,701.6171875,669.7363891601562,707.2675170898438,716.5242919921875,37.5311279296875
amp180_freq26,59,200,811.1663208007812,776.4898071289062,817.8536376953125,825.6184692382812,41.36383056640625
amp180_freq26,60,200,954.8339233398438,916.5249633789062,962.8081665039062,969.1131591796875,46.283203125
amp180_freq26,61,200,1128.0240478515625,1084.0880126953125,1137.6055908203125,1143.087158203125,53.517578125
amp180_freq26,62,200,1476.522216796875,1419.2235107421875,1489.0997314453125,1495.9686279296875,69.876220703125
amp180_freq26,63,200,1478.16015625,1419.4757080078125,1491.139892578125,1497.7481689453125,71.6641845703125
amp180_freq26,64,200,1473.1766357421875,1416.7474365234375,1485.4775390625,1492.470703125,68.7301025390625
amp180_freq26,65,200,1669.1209716796875,1608.3665771484375,1682.278076171875,1690.2393798828125,73.9114990234375
amp180_freq26,66,200,1787.893310546875,1730.3087158203125,1800.3460693359375,1807.903076171875,70.037353515625
amp180_freq26,67,200,1802.101806640625,1754.018798828125,1812.7769775390625,1817.9893798828125,58.7581787109375
amp180_freq26,68,200,855.1956176757812,818.6016845703125,863.622802734375,866.3897705078125,45.0211181640625
amp180_freq26,69,200,571.452392578125,539.826904296875,578.6314697265625,581.4581909179688,38.8045654296875
amp180_freq26,70,200,540.5361938476562,513.2488403320312,546.5294799804688,549.7831420898438,33.2806396484375
amp180_freq26,71,200,743.7056274414062,714.3301391601562,750.8651733398438,751.5529174804688,36.5350341796875
amp180_freq26,72,200,1554.34326171875,1519.44873046875,1563.8046875,1560.728271484375,44.35595703125
amp180_freq26,73,200,735.5167846679688,706.60791015625,742.8075561523438,742.489013671875,36.19964599609375
amp180_freq26,74,200,526.2623901367188,492.959716796875,534.443115234375,534.9923706054688,41.4833984375
amp180_freq26,75,200,550.0125732421875,511.1835021972656,559.1110229492188,561.5328979492188,47.927520751953125
amp180_freq26,76,200,790.4614868164062,740.204833984375,801.2534790039062,808.3182983398438,61.04864501953125
amp180_freq26,77,200,1564.4342041015625,1491.7320556640625,1578.949462890625,1593.4833984375,87.2174072265625
amp180_freq26,78,200,1270.858154296875,1203.874267578125,1284.4073486328125,1297.0941162109375,80.5330810546875
amp180_freq26,79,200,555.14208984375,524.5490112304688,561.103271484375,567.7874755859375,36.55426025390625
amp180_freq26,80,200,309.0614013671875,296.72039794921875,310.4654235839844,317.159912109375,13.745025634765625
amp180_freq26,81,200,645.794921875,615.5746459960938,648.9397583007812,666.492431640625,33.3651123046875
amp180_freq26,82,200,633.9811401367188,603.16455078125,637.7192993164062,653.5003662109375,34.55474853515625
amp180_freq26,83,200,620.869384765625,590.4794921875,624.8721313476562,639.1689453125,34.39263916015625
amp180_freq26,84,200,580.907958984375,553.007568359375,584.6624145507812,597.4680786132812,31.65484619140625
amp180_freq26,85,200,512.0506591796875,489.3757629394531,514.7921752929688,526.44482421875,25.416412353515625
amp180_freq26,86,200,466.2938537597656,447.7760314941406,468.3194580078125,478.673095703125,20.543426513671875
amp180_freq26,87,200,452.9952392578125,435.8753356933594,454.57110595703125,465.3324890136719,18.695770263671875
amp180_freq26,88,200,242.27548217773438,230.36106872558594,244.32000732421875,248.0162353515625,13.958938598632812
amp180_freq26,89,200,191.61669921875,179.91722106933594,194.74070739746094,193.92678833007812,14.823486328125
amp180_freq26,90,200,205.24398803710938,189.485595703125,209.78736877441406,207.34303283691406,20.301773071289062
amp180_freq26,91,200,243.8408966064453,227.47885131835938,247.6912841796875,248.6195831298828,20.212432861328125
amp180_freq26,92,200,322.4970397949219,303.0033874511719,327.12860107421875,328.0561218261719,24.125213623046875
amp180_freq26,93,200,494.4657287597656,468.40374755859375,500.4259338378906,502.5989074707031,32.022186279296875
amp180_freq26,94,200,951.5355224609375,911.8177490234375,959.4774169921875,967.2511596679688,47.65966796875
amp180_freq26,95,200,1148.676025390625,1102.995849609375,1158.4498291015625,1164.982177734375,55.4539794921875
amp180_freq26,96,200,614.1600341796875,585.3715209960938,618.9735107421875,628.4661254882812,33.60198974609375
amp180_freq26,97,200,749.70458984375,716.1964111328125,755.6504516601562,765.3108520507812,39.45404052734375
amp180_freq26,98,200,901.5224609375,862.4498901367188,908.7373046875,918.8522338867188,46.28741455078125
amp180_freq26,99,200,1039.693115234375,996.5288696289062,1047.7808837890625,1058.461669921875,51.25201416015625
amp180_freq26,100,200,1176.9346923828125,1130.2398681640625,1185.645263671875,1197.3759765625,55.4053955078125
amp180_freq26,101,200,1301.3656005859375,1251.8824462890625,1310.769775390625,1322.4801025390625,58.8873291015625
amp180_freq26,102,200,1397.90966796875,1346.7166748046875,1407.8797607421875,1419.0126953125,61.1630859375
amp180_freq26,103,200,1421.1248779296875,1369.3328857421875,1431.296875,1442.2491455078125,61.9639892578125
amp180_freq26,104,200,1401.5743408203125,1350.39453125,1411.64892578125,1422.3448486328125,61.25439453125
amp180_freq26,105,200,1378.4942626953125,1326.6168212890625,1388.71728515625,1399.553466796875,62.1004638671875
amp180_freq26,106,200,1320.3143310546875,1269.0728759765625,1330.46826171875,1340.9027099609375,61.3953857421875
amp180_freq26,107,200,1233.123046875,1183.6961669921875,1242.820556640625,1253.33056640625,59.1243896484375
amp180_freq26,108,200,1128.665771484375,1081.1798095703125,1137.9605712890625,1148.037109375,56.78076171875
amp180_freq26,109,200,1001.814208984375,956.8084716796875,1010.7338256835938,1019.9361572265625,53.92535400390625
amp180_freq26,110,200,846.8207397460938,805.7281494140625,855.030029296875,863.116455078125,49.3018798828125
amp180_freq26,111,200,729.6459350585938,692.5906372070312,736.9285278320312,744.76513671875,44.337890625
amp180_freq26,112,200,561.9456176757812,535.6162109375,565.233642578125,578.3707275390625,29.617431640625
amp180_freq26,113,200,567.9884033203125,541.7464599609375,571.4752197265625,583.670166015625,29.728759765625
amp180_freq26,114,200,414.385498046875,391.44647216796875,417.0262756347656,429.36090087890625,25.579803466796875
amp180_freq26,115,200,576.0888671875,549.840576171875,580.0210571289062,590.4547729492188,30.18048095703125
amp180_freq26,116,200,569.0184936523438,542.8580322265625,573.3125,582.2849731445312,30.4544677734375
amp180_freq26,117,200,563.6224975585938,537.5631713867188,568.3728637695312,575.3506469726562,30.8096923828125
amp180_freq26,118,200,562.0069580078125,536.3306884765625,567.1340942382812,572.2232666015625,30.80340576171875
amp180_freq26,119,200,559.0155029296875,534.171142578125,564.429931640625,567.5538940429688,30.2587890625
amp180_freq26,120,200,546.1458740234375,522.8330078125,551.5136108398438,553.264404296875,28.68060302734375
amp180_freq26,121,200,484.4521484375,464.83843994140625,488.81146240234375,490.8957824707031,23.9730224609375
amp180_freq26,122,200,399.9090270996094,385.09613037109375,402.6916809082031,406.3005676269531,17.595550537109375
amp180_freq26,123,200,351.0928039550781,339.25738525390625,353.0538330078125,357.0035400390625,13.79644775390625
amp180_freq26,124,200,338.12384033203125,326.8173522949219,339.57427978515625,345.04388427734375,12.756927490234375
amp180_freq26,125,200,355.7511291503906,342.40228271484375,357.18499755859375,364.74102783203125,14.78271484375
amp180_freq26,126,200,555.8101806640625,535.4393310546875,558.4468383789062,568.2162475585938,23.00750732421875
amp180_freq26,127,200,505.8694763183594,482.28802490234375,509.3836669921875,518.82666015625,27.09564208984375
amp180_freq5,0,200,1507.9239501953125,1491.4337158203125,1511.0294189453125,1514.8687744140625,19.595703125
amp180_freq5,1,200,1474.92431640625,1459.5758056640625,1476.9429931640625,1484.0391845703125,17.3671875
amp180_freq5,2,200,1472.37744140625,1454.9166259765625,1473.7451171875,1485.6219482421875,18.8284912109375
amp180_freq5,3,200,1526.8797607421875,1503.02734375,1527.8018798828125,1547.76123046875,24.7745361328125
amp180_freq5,4,200,1632.03759765625,1598.5576171875,1633.073974609375,1662.21044921875,34.516357421875
amp180_freq5,5,200,1761.7393798828125,1717.92578125,1763.101318359375,1801.194091796875,45.175537109375
amp180_freq5,6,200,1800.2322998046875,1749.8734130859375,1801.3472900390625,1847.0247802734375,51.473876953125
amp180_freq5,7,200,1749.6572265625,1698.7752685546875,1749.9095458984375,1799.4918212890625,51.13427734375
amp180_freq5,8,200,1560.33837890625,1513.9095458984375,1559.8768310546875,1607.8929443359375,45.96728515625
amp180_freq5,9,200,1320.68896484375,1281.7706298828125,1319.7349853515625,1362.401611328125,37.96435546875
amp180_freq5,10,200,1096.019775390625,1071.3961181640625,1093.5684814453125,1127.8975830078125,22.17236328125
amp180_freq5,11,200,930.357666015625,916.0008544921875,927.3869018554688,953.4115600585938,11.38604736328125
amp180_freq5,12,200,817.327880859375,812.055908203125,812.8002319335938,836.0817260742188,0.74432373046875
amp180_freq5,13,200,768.9866333007812,766.9982299804688,763.7505493164062,786.6410522460938,-3.2476806640625
amp180_freq5,14,200,750.5404663085938,749.8687133789062,744.9722290039062,767.8587036132812,-4.896484375
amp180_freq5,15,200,750.7523193359375,749.8943481445312,745.1799926757812,768.234375,-4.71435546875
amp180_freq5,16,200,610.6934814453125,610.9029541015625,606.484619140625,622.9798583984375,-4.4183349609375
amp180_freq5,17,200,609.4913940429688,609.9296875,604.6796264648438,623.3751831054688,-5.25006103515625
amp180_freq5,18,200,626.1297607421875,625.9437866210938,621.2351684570312,640.902587890625,-4.7086181640625
amp180_freq5,19,200,643.408203125,641.4428100585938,639.0304565429688,658.4140014648438,-2.412353515625
amp180_freq5,20,200,673.3923950195312,670.0645751953125,669.5808715820312,688.0464477539062,-0.48370361328125
amp180_freq5,21,200,715.8988037109375,710.1251220703125,712.9246215820312,730.5421142578125,2.79949951171875
amp180_freq5,22,200,765.8875732421875,758.6592407226562,763.3892822265625,780.5490112304688,4.73004150390625
amp180_freq5,23,200,837.2479248046875,828.5318603515625,835.5770874023438,850.8684692382812,7.04522705078125
amp180_freq5,24,200,1197.850341796875,1178.5478515625,1201.1484375,1207.116455078125,22.6005859375
amp180_freq5,25,200,1197.05419921875,1177.7900390625,1200.2857666015625,1206.4990234375,22.4957275390625
amp180_freq5,26,200,1197.8468017578125,1178.618408203125,1201.1126708984375,1207.1944580078125,22.4942626953125
amp180_freq5,27,200,1194.5943603515625,1174.6331787109375,1198.1307373046875,1203.7410888671875,23.49755859375
amp180_freq5,28,200,1199.621826171875,1180.3828125,1202.813720703125,1209.1409912109375,22.430908203125
amp180_freq5,29,200,1526.576904296875,1502.8060302734375,1532.0389404296875,1533.781982421875,29.23291015625
amp180_freq5,30,200,1549.7772216796875,1529.04248046875,1554.4664306640625,1556.2762451171875,25.4239501953125
amp180_freq5,31,200,1520.52685546875,1502.2598876953125,1524.47998046875,1526.8505859375,22.2200927734375
amp180_freq5,32,200,1777.134033203125,1742.8306884765625,1777.9686279296875,1808.5767822265625,35.137939453125
amp180_freq5,33,200,1818.8634033203125,1784.9217529296875,1819.9111328125,1849.3839111328125,34.9893798828125
amp180_freq5,34,200,1764.675537109375,1733.8544921875,1765.5174560546875,1792.8304443359375,31.6629638671875
amp180_freq5,35,200,1685.25439453125,1658.5823974609375,1685.6661376953125,1710.3897705078125,27.083740234375
amp180_freq5,36,200,1608.3941650390625,1584.3001708984375,1608.729736328125,1631.1634521484375,24.4295654296875
amp180_freq5,37,200,1547.9976806640625,1525.2421875,1548.36328125,1569.5078125,23.12109375
amp180_freq5,38,200,1515.4971923828125,1493.5784912109375,1515.67529296875,1536.6368408203125,22.0968017578125
amp180_freq5,39,200,1505.2725830078125,1483.1661376953125,1505.189697265625,1527.343017578125,22.0235595703125
amp180_freq5,40,200,1515.530517578125,1491.8292236328125,1515.231201171875,1539.920654296875,23.4019775390625
amp180_freq5,41,200,1541.7869873046875,1516.036865234375,1541.0733642578125,1569.3790283203125,25.0364990234375
amp180_freq5,42,200,1593.2091064453125,1564.608154296875,1592.4124755859375,1623.895751953125,27.8043212890625
amp180_freq5,43,200,1626.18994140625,1595.7843017578125,1625.1981201171875,1659.313232421875,29.413818359375
amp180_freq5,44,200,1494.0240478515625,1465.1461181640625,1492.7906494140625,1526.402099609375,27.64453125
amp180_freq5,45,200,1223.6053466796875,1201.8487548828125,1221.6124267578125,1251.1529541015625,19.763671875
amp180_freq5,46,200,945.7472534179688,931.7367553710938,943.4847412109375,966.4107055664062,11.74798583984375
amp180_freq5,47,200,760.0870971679688,751.437744140625,757.6316528320312,776.0007934570312,6.19390869140625
amp180_freq5,48,200,646.0028686523438,638.6287231445312,646.3482666015625,652.29833984375,7.71954345703125
amp180_freq5,49,200,575.2221069335938,569.8983154296875,574.5678100585938,582.4559326171875,4.66949462890625
amp180_freq5,50,200,515.399658203125,513.08740234375,513.3716430664062,523.7420654296875,0.28424072265625
amp180_freq5,51,200,488.2997741699219,487.53338623046875,485.4595031738281,497.5353088378906,-2.073883056640625
amp180_freq5,52,200,475.1412353515625,474.8802490234375,471.8677673339844,485.1515197753906,-3.012481689453125
amp180_freq5,53,200,474.4239196777344,473.4707946777344,470.9985656738281,485.5960388183594,-2.47222900390625
amp180_freq5,54,200,487.8031921386719,485.8480529785156,484.36932373046875,499.9778137207031,-1.478729248046875
amp180_freq5,55,200,517.00439453125,514.0751342773438,513.555908203125,530.22802734375,-0.51922607421875
amp180_freq5,56,200,563.8863525390625,560.0410766601562,560.3125,578.372314453125,0.27142333984375
amp180_freq5,57,200,625.732177734375,620.2620849609375,622.3362426757812,641.3091430664062,2.07415771484375
amp180_freq5,58,200,696.0553588867188,689.3346557617188,692.708984375,712.7157592773438,3.37432861328125
amp180_freq5,59,200,804.8255004882812,795.7549438476562,801.6476440429688,823.2943115234375,5.8927001953125
amp180_freq5,60,200,948.1641845703125,935.50341796875,945.5491333007812,968.4984130859375,10.04571533203125
amp180_freq5,61,200,1122.2281494140625,1105.2646484375,1119.8829345703125,1146.0511474609375,14.6182861328125
amp180_freq5,62,200,1472.632080078125,1444.86328125,1472.0836181640625,1501.838134765625,27.2203369140625
amp180_freq5,63,200,1474.144287109375,1445.3475341796875,1474.0020751953125,1503.2041015625,28.654541015625
amp180_freq5,64,200,1469.4276123046875,1441.96240234375,1468.710693359375,1498.885986328125,26.748291015625
amp180_freq5,65,200,1666.990234375,1634.1240234375,1667.19384765625,1699.1644287109375,33.06982421875
amp180_freq5,66,200,1785.6246337890625,1750.2275390625,1786.5257568359375,1818.0731201171875,36.2982177734375
amp180_freq5,67,200,1799.0648193359375,1765.157470703125,1799.57421875,1831.017578125,34.416748046875
amp180_freq5,68,200,859.99951171875,825.8615112304688,866.5447998046875,874.326416015625,40.68328857421875
amp180_freq5,69,200,576.7137451171875,543.58642578125,584.5428466796875,586.2938842773438,40.9564208984375
amp180_freq5,70,200,543.9913330078125,516.0989379882812,550.1870727539062,553.22509765625,34.088134765625
amp180_freq5,71,200,746.64892578125,717.4695434570312,751.912353515625,759.9664916992188,34.44281005859375
amp180_freq5,72,200,1546.6123046875,1521.0753173828125,1546.5523681640625,1572.2384033203125,25.47705078125
amp180_freq5,73,200,739.7288818359375,711.6104736328125,744.3060913085938,754.1470947265625,32.69561767578125
amp180_freq5,74,200,533.119873046875,501.9007263183594,540.1923217773438,543.0460205078125,38.291595458984375
amp180_freq5,75,200,560.2136840820312,528.2428588867188,567.0008544921875,571.7338256835938,38.75799560546875
amp180_freq5,76,200,802.1061401367188,768.8390502929688,806.73388671875,821.3795776367188,37.89483642578125
amp180_freq5,77,200,1568.1549072265625,1536.382080078125,1566.9166259765625,1603.4541015625,30.5345458984375
amp180_freq5,78,200,1273.253173828125,1248.896240234375,1271.4322509765625,1302.8740234375,22.5360107421875
amp180_freq5,79,200,558.3108520507812,543.7575073242188,557.9247436523438,573.9397583007812,14.167236328125
amp180_freq5,80,200,310.6856689453125,308.05108642578125,309.7825927734375,316.0093078613281,1.73150634765625
amp180_freq5,81,200,652.3416748046875,646.7711791992188,652.5277709960938,657.2752075195312,5.756591796875
amp180_freq5,82,200,640.5133056640625,635.1030883789062,640.5350341796875,645.84228515625,5.43194580078125
amp180_freq5,83,200,627.3475341796875,622.6058349609375,626.92236328125,633.2827758789062,4.3165283203125
amp180_freq5,84,200,586.934814453125,583.4375,585.9234619140625,593.385009765625,2.4859619140625
amp180_freq5,85,200,517.1470336914062,515.7990112304688,515.1188354492188,524.4898071289062,-0.68017578125
amp180_freq5,86,200,469.2463684082031,469.12347412109375,466.1907958984375,478.46929931640625,-2.93267822265625
amp180_freq5,87,200,454.5865173339844,454.3636169433594,451.0520324707031,465.3080139160156,-3.31158447265625
amp180_freq5,88,200,240.82237243652344,236.58563232421875,240.68023681640625,245.44432067871094,4.0946044921875
amp180_freq5,89,200,188.7129364013672,183.27865600585938,189.10545349121094,192.95199584960938,5.8267974853515625
amp180_freq5,90,200,203.51699829101562,194.69650268554688,205.80172729492188,205.45045471191406,11.105224609375
amp180_freq5,91,200,243.795654296875,233.1514434814453,246.46153259277344,246.41197204589844,13.310089111328125
amp180_freq5,92,200,323.7283630371094,311.3740539550781,325.84991455078125,329.6691589355469,14.475860595703125
amp180_freq5,93,200,494.0350341796875,479.02301025390625,495.9429931640625,503.2658996582031,16.91998291015625
amp180_freq5,94,200,945.9049682617188,933.0653686523438,942.8787231445312,967.704833984375,9.8133544921875
amp180_freq5,95,200,1142.792236328125,1124.43212890625,1140.714111328125,1167.2398681640625,16.281982421875
amp180_freq5,96,200,610.0519409179688,604.1605224609375,606.2705688476562,627.2255249023438,2.11004638671875
amp180_freq5,97,200,746.6364135742188,737.9794921875,742.8158569335938,766.630615234375,4.83636474609375
amp180_freq5,98,200,898.8486938476562,885.9814453125,895.6719970703125,921.0855712890625,9.6905517578125
amp180_freq5,99,200,1036.7337646484375,1021.722900390625,1033.7255859375,1060.614013671875,12.002685546875
amp180_freq5,100,200,1174.17333984375,1156.8572998046875,1171.41748046875,1199.6416015625,14.5601806640625
amp180_freq5,101,200,1297.0587158203125,1277.8363037109375,1294.7353515625,1323.13671875,16.8990478515625
amp180_freq5,102,200,1392.698974609375,1372.1072998046875,1390.5899658203125,1419.4891357421875,18.482666015625
amp180_freq5,103,200,1417.8494873046875,1395.2322998046875,1416.3681640625,1444.8358154296875,21.1358642578125
amp180_freq5,104,200,1397.6861572265625,1376.09765625,1395.8499755859375,1424.586669921875,19.7523193359375
amp180_freq5,105,200,1373.759765625,1351.7830810546875,1372.4283447265625,1399.5416259765625,20.645263671875
amp180_freq5,106,200,1317.6484375,1297.281005859375,1316.158935546875,1342.3651123046875,18.8779296875
amp180_freq5,107,200,1230.8050537109375,1213.293212890625,1228.7799072265625,1254.27783203125,15.4866943359375
amp180_freq5,108,200,1126.796630859375,1111.1611328125,1124.7247314453125,1148.513671875,13.5635986328125
amp180_freq5,109,200,997.7064208984375,984.88232421875,995.4410400390625,1017.15185546875,10.5587158203125
amp180_freq5,110,200,842.138427734375,832.407470703125,839.705078125,859.0985717773438,7.297607421875
amp180_freq5,111,200,723.8673706054688,716.162841796875,721.4649047851562,738.706787109375,5.30206298828125
amp180_freq5,112,200,566.2739868164062,556.3269653320312,568.1770629882812,570.4498901367188,11.85009765625
amp180_freq5,113,200,572.2095336914062,563.0901489257812,573.869384765625,576.2740478515625,10.77923583984375
amp180_freq5,114,200,419.7632141113281,410.03997802734375,422.094970703125,422.4062194824219,12.05499267578125
amp180_freq5,115,200,580.1236572265625,571.3836059570312,581.6619262695312,584.182373046875,10.2783203125
amp180_freq5,116,200,572.9285888671875,564.1517333984375,574.5267333984375,576.8334350585938,10.375
amp180_freq5,117,200,567.1114501953125,558.0819702148438,568.8435668945312,570.8502807617188,10.7615966796875
amp180_freq5,118,200,564.5853271484375,554.6456298828125,566.693115234375,568.0958862304688,12.0474853515625
amp180_freq5,119,200,560.4097290039062,550.3164672851562,562.6624145507812,563.6969604492188,12.345947265625
amp180_freq5,120,200,546.6965942382812,537.001220703125,548.873046875,549.7900390625,11.871826171875
amp180_freq5,121,200,485.7203674316406,477.9778137207031,487.2938232421875,488.64959716796875,9.316009521484375
amp180_freq5,122,200,401.3287048339844,396.6803283691406,401.55218505859375,405.2454528808594,4.871856689453125
amp180_freq5,123,200,351.7321472167969,349.48529052734375,350.6044921875,357.3082275390625,1.11920166015625
amp180_freq5,124,200,337.1881103515625,336.4424133300781,334.9280090332031,344.6807556152344,-1.514404296875
amp180_freq5,125,200,353.9674987792969,352.91424560546875,350.9266662597656,364.09722900390625,-1.987579345703125
amp180_freq5,126,200,551.9942016601562,547.6614990234375,547.9533081054688,568.3660888671875,0.29180908203125
amp180_freq5,127,200,503.1460266113281,499.3986511230469,499.3258361816406,518.3064575195312,-0.07281494140625
amp250_freq26,0,200,1516.01416015625,1505.7091064453125,1514.040283203125,1532.1102294921875,8.3311767578125
amp250_freq26,1,200,1483.3682861328125,1474.6256103515625,1480.92431640625,1499.2110595703125,6.2987060546875
amp250_freq26,2,200,1479.5767822265625,1471.51318359375,1477.3197021484375,1494.2760009765625,5.8065185546875
amp250_freq26,3,200,1530.6915283203125,1520.95263671875,1530.2694091796875,1541.5589599609375,9.3167724609375
amp250_freq26,4,200,1630.660888671875,1615.6920166015625,1632.594482421875,1639.4822998046875,16.9024658203125
amp250_freq26,5,200,1756.791748046875,1728.037841796875,1761.9609375,1769.640380859375,33.923095703125
amp250_freq26,6,200,1789.8143310546875,1747.309814453125,1798.171875,1806.93505859375,50.862060546875
amp250_freq26,7,200,1737.8018798828125,1685.398681640625,1748.333740234375,1758.4383544921875,62.93505859375
amp250_freq26,8,200,1550.7921142578125,1491.7586669921875,1562.998046875,1573.0897216796875,71.2393798828125
amp250_freq26,9,200,1312.034912109375,1255.8868408203125,1324.164306640625,1331.648681640625,68.2774658203125
amp250_freq26,10,200,1088.2239990234375,1045.6466064453125,1097.3956298828125,1103.2149658203125,51.7490234375
amp250_freq26,11,200,924.1241455078125,894.0687255859375,928.8550415039062,939.8397216796875,34.78631591796875
amp250_freq26,12,200,813.8300170898438,793.950439453125,814.6114501953125,831.2352905273438,20.6610107421875
amp250_freq26,13,200,766.7938842773438,750.435546875,766.2437744140625,784.6842651367188,15.8082275390625
amp250_freq26,14,200,748.9805297851562,735.0014038085938,747.771728515625,766.5031127929688,12.77032470703125
amp250_freq26,15,200,749.5164794921875,736.6810302734375,747.9368286132812,766.9730224609375,11.25579833984375
amp250_freq26,16,200,613.3685302734375,604.3182983398438,612.7398681640625,624.242431640625,8.42156982421875
amp250_freq26,17,200,613.8570556640625,603.7389526367188,612.6153564453125,627.593017578125,8.87640380859375
amp250_freq26,18,200,632.50537109375,619.655517578125,630.8921508789062,650.1331176757812,11.23663330078125
amp250_freq26,19,200,650.9934692382812,635.0740356445312,649.4144287109375,671.5762939453125,14.34039306640625
amp250_freq26,20,200,682.1471557617188,666.0236206054688,679.9447631835938,704.823486328125,13.921142578125
amp250_freq26,21,200,725.7671508789062,709.2809448242188,723.4071655273438,749.2463989257812,14.126220703125
amp250_freq26,22,200,776.3560180664062,760.9869995117188,773.9537963867188,798.8364868164062,12.966796875
amp250_freq26,23,200,847.6341552734375,834.586181640625,845.5765991210938,866.691162109375,10.99041748046875
amp250_freq26,24,200,1203.548828125,1190.00341796875,1204.1141357421875,1215.2425537109375,14.1107177734375
amp250_freq26,25,200,1202.7305908203125,1189.1593017578125,1203.3524169921875,1214.330078125,14.193115234375
amp250_freq26,26,200,1203.559814453125,1190.00537109375,1204.20849609375,1215.0616455078125,14.203125
amp250_freq26,27,200,1199.8778076171875,1185.8052978515625,1200.618408203125,1211.61865234375,14.8131103515625
amp250_freq26,28,200,1205.2042236328125,1191.5264892578125,1205.88134765625,1216.7279052734375,14.3548583984375
amp250_freq26,29,200,1530.654541015625,1513.262939453125,1531.3975830078125,1545.5789794921875,18.1346435546875
amp250_freq26,30,200,1555.061767578125,1539.8013916015625,1554.8931884765625,1570.696044921875,15.091796875
amp250_freq26,31,200,1527.586669921875,1514.439453125,1526.6419677734375,1543.3988037109375,12.2025146484375
amp250_freq26,32,200,1785.8033447265625,1771.9110107421875,1784.1513671875,1804.2801513671875,12.2403564453125
amp250_freq26,33,200,1827.3095703125,1817.469482421875,1824.673095703125,1844.734619140625,7.20361328125
amp250_freq26,34,200,1774.3065185546875,1767.5048828125,1771.208740234375,1790.156494140625,3.703857421875
amp250_freq26,35,200,1696.311279296875,1691.2589111328125,1693.1685791015625,1710.5670166015625,1.90966796875
amp250_freq26,36,200,1620.47412109375,1615.03076171875,1617.9090576171875,1633.4256591796875,2.8782958984375
amp250_freq26,37,200,1559.8148193359375,1553.672119140625,1558.12744140625,1570.8685302734375,4.455322265625
amp250_freq26,38,200,1527.488525390625,1520.6009521484375,1526.2281494140625,1537.920654296875,5.627197265625
amp250_freq26,39,200,1516.621337890625,1508.9022216796875,1515.5445556640625,1527.3419189453125,6.642333984375
amp250_freq26,40,200,1525.325927734375,1515.8516845703125,1524.7288818359375,1536.39599609375,8.877197265625
amp250_freq26,41,200,1549.946533203125,1538.1263427734375,1549.681884765625,1562.3277587890625,11.5555419921875
amp250_freq26,42,200,1599.1474609375,1583.4468994140625,1599.6939697265625,1613.0035400390625,16.2470703125
amp250_freq26,43,200,1629.75244140625,1609.9681396484375,1630.8223876953125,1646.1005859375,20.854248046875
amp250_freq26,44,200,1495.1754150390625,1470.9661865234375,1497.1429443359375,1513.2138671875,26.1767578125
amp250_freq26,45,200,1224.782958984375,1200.2744140625,1226.8758544921875,1242.9239501953125,26.6014404296875
amp250_freq26,46,200,947.937255859375,925.88525390625,949.6910400390625,964.5715942382812,23.8057861328125
amp250_freq26,47,200,762.9822387695312,743.4583740234375,764.6767578125,777.3675537109375,21.2183837890625
amp250_freq26,48,200,646.3494262695312,632.3468627929688,650.6131591796875,647.51123046875,18.26629638671875
amp250_freq26,49,200,574.7930908203125,563.5154418945312,577.5387573242188,577.762939453125,14.0233154296875
amp250_freq26,50,200,515.603515625,507.76226806640625,516.9285888671875,519.3926391601562,9.16632080078125
amp250_freq26,51,200,489.5911560058594,483.4346923828125,489.7171630859375,495.2508850097656,6.282470703125
amp250_freq26,52,200,477.5794677734375,471.36773681640625,476.95343017578125,485.6298828125,5.585693359375
amp250_freq26,53,200,477.8970031738281,470.1500244140625,476.9148864746094,488.5192565917969,6.764862060546875
amp250_freq26,54,200,492.70831298828125,482.4975280761719,491.4894104003906,506.5175476074219,8.99188232421875
amp250_freq26,55,200,523.4869995117188,511.05755615234375,521.751708984375,541.039306640625,10.69415283203125
amp250_freq26,56,200,572.171875,558.478271484375,570.2837524414062,591.4122314453125,11.80548095703125
amp250_freq26,57,200,636.35498046875,621.2557373046875,634.5523071289062,656.7875366210938,13.29656982421875
amp250_freq26,58,200,707.93212890625,692.7922973632812,705.8777465820312,729.1572875976562,13.08544921875
amp250_freq26,59,200,817.4090576171875,802.225341796875,815.262451171875,838.9321899414062,13.037109375
amp250_freq26,60,200,960.927978515625,945.748046875,958.9033203125,982.0360717773438,13.1552734375
amp250_freq26,61,200,1135.1627197265625,1119.0670166015625,1133.5732421875,1155.98095703125,14.5062255859375
amp250_freq26,62,200,1483.7222900390625,1464.4591064453125,1483.2252197265625,1504.3529052734375,18.76611328125
amp250_freq26,63,200,1485.2275390625,1464.785400390625,1485.0111083984375,1506.1654052734375,20.2257080078125
amp250_freq26,64,200,1480.704833984375,1461.755615234375,1480.121826171875,1501.21435546875,18.3662109375
amp250_freq26,65,200,1677.19580078125,1658.1312255859375,1676.88330078125,1696.9827880859375,18.7520751953125
amp250_freq26,66,200,1795.741455078125,1780.355712890625,1794.8388671875,1813.578125,14.483154296875
amp250_freq26,67,200,1809.8831787109375,1799.6217041015625,1807.650146484375,1826.6756591796875,8.0284423828125
amp250_freq26,68,200,858.2127075195312,846.0460815429688,858.728515625,868.6602783203125,12.68243408203125
amp250_freq26,69,200,574.5731201171875,560.0162353515625,576.373046875,583.6575317382812,16.3568115234375
amp250_freq26,70,200,542.662109375,530.3106689453125,543.4896240234375,552.4788818359375,13.178955078125
amp250_freq26,71,200,744.7848510742188,732.6498413085938,746.1181640625,752.8103637695312,13.46832275390625
amp250_freq26,72,200,1559.3734130859375,1546.885986328125,1559.7203369140625,1570.6624755859375,12.8343505859375
amp250_freq26,73,200,737.0993041992188,726.3314208984375,738.2807006835938,744.28173828125,11.94927978515625
amp250_freq26,74,200,530.5156860351562,512.458740234375,533.281982421875,540.2408447265625,20.8232421875
amp250_freq26,75,200,554.4702758789062,535.4888305664062,556.8236083984375,566.3578491210938,21.33477783203125
amp250_freq26,76,200,795.7744750976562,773.3819580078125,798.8011474609375,808.9658813476562,25.419189453125
amp250_freq26,77,200,1570.572021484375,1542.72216796875,1573.80126953125,1588.5784912109375,31.0791015625
amp250_freq26,78,200,1275.4814453125,1247.8541259765625,1278.6212158203125,1293.606689453125,30.76708984375
amp250_freq26,79,200,560.003662109375,543.7413940429688,561.3908081054688,572.088134765625,17.6494140625
amp250_freq26,80,200,312.8493957519531,307.68267822265625,312.06463623046875,320.3332824707031,4.3819580078125
amp250_freq26,81,200,650.782470703125,639.9224243164062,654.1334838867188,651.5521240234375,14.2110595703125
amp250_freq26,82,200,639.2893676757812,627.6697998046875,642.89990234375,639.9852294921875,15.2301025390625
amp250_freq26,83,200,626.451171875,614.328125,630.01416015625,627.8020629882812,15.68603515625
amp250_freq26,84,200,586.7003173828125,574.9872436523438,589.7103271484375,589.2975463867188,14.72308349609375
amp250_freq26,85,200,517.1846923828125,508.20465087890625,518.8319702148438,521.1594848632812,10.6273193359375
amp250_freq26,86,200,470.0229187011719,463.7114562988281,470.0621643066406,476.12371826171875,6.3507080078125
amp250_freq26,87,200,456.5651550292969,450.1629333496094,455.8545837402344,465.08856201171875,5.691650390625
amp250_freq26,88,200,243.40292358398438,236.2980499267578,243.3795623779297,250.53216552734375,7.081512451171875
amp250_freq26,89,200,193.13595581054688,184.41555786132812,193.8258819580078,199.76722717285156,9.410324096679688
amp250_freq26,90,200,206.47509765625,196.39501953125,207.5318145751953,213.35879516601562,11.136795043945312
amp250_freq26,91,200,245.92910766601562,235.08023071289062,246.8717498779297,253.90208435058594,11.791519165039062
amp250_freq26,92,200,324.2019958496094,314.2044677734375,324.67449951171875,332.7500915527344,10.47003173828125
amp250_freq26,93,200,497.1375732421875,485.3453063964844,497.16650390625,508.781982421875,11.821197509765625
amp250_freq26,94,200,959.2501220703125,940.9522094726562,957.955322265625,981.3439331054688,17.00311279296875
amp250_freq26,95,200,1156.4969482421875,1136.8421630859375,1155.705810546875,1178.4310302734375,18.8636474609375
amp250_freq26,96,200,620.6972045898438,607.5928955078125,619.2571411132812,638.0324096679688,11.66424560546875
amp250_freq26,97,200,757.5764770507812,744.0814208984375,755.9015502929688,775.9866333007812,11.82012939453125
amp250_freq26,98,200,910.2354736328125,896.2225341796875,908.614501953125,928.9833374023438,12.3919677734375
amp250_freq26,99,200,1047.5377197265625,1033.70556640625,1045.537841796875,1067.2816162109375,11.832275390625
amp250_freq26,100,200,1185.76220703125,1171.8125,1183.510986328125,1206.3311767578125,11.698486328125
amp250_freq26,101,200,1309.68017578125,1295.7921142578125,1307.302978515625,1330.458251953125,11.5108642578125
amp250_freq26,102,200,1406.85009765625,1393.0260009765625,1404.2520751953125,1428.3629150390625,11.22607421875
amp250_freq26,103,200,1431.2939453125,1416.746826171875,1429.174560546875,1452.1024169921875,12.427734375
amp250_freq26,104,200,1411.0032958984375,1396.317138671875,1409.05859375,1431.3533935546875,12.741455078125
amp250_freq26,105,200,1386.4666748046875,1370.37841796875,1385.1300048828125,1406.441162109375,14.7515869140625
amp250_freq26,106,200,1329.3878173828125,1313.2310791015625,1328.1910400390625,1348.9912109375,14.9599609375
amp250_freq26,107,200,1241.4942626953125,1225.383056640625,1240.3685302734375,1260.7579345703125,14.9854736328125
amp250_freq26,108,200,1135.9322509765625,1119.6436767578125,1135.3951416015625,1153.695068359375,15.75146484375
amp250_freq26,109,200,1007.3694458007812,990.8583984375,1007.3840942382812,1023.6190185546875,16.52569580078125
amp250_freq26,110,200,851.17529296875,834.6542358398438,851.9414672851562,865.3013916015625,17.2872314453125
amp250_freq26,111,200,732.5321655273438,716.6531982421875,733.8706665039062,744.3330688476562,17.21746826171875
amp250_freq26,112,200,565.2855834960938,556.396484375,567.5662841796875,567.2890625,11.1697998046875
amp250_freq26,113,200,571.40869140625,562.5947265625,573.5808715820312,573.6746826171875,10.98614501953125
amp250_freq26,114,200,417.6759338378906,408.756103515625,418.81207275390625,423.1444396972656,10.05596923828125
amp250_freq26,115,200,579.64453125,570.4669189453125,582.122802734375,581.3093872070312,11.6558837890625
amp250_freq26,116,200,572.6387939453125,562.8779296875,575.53759765625,573.6427612304688,12.65966796875
amp250_freq26,117,200,567.1995239257812,556.4080200195312,570.7200927734375,567.3707885742188,14.31207275390625
amp250_freq26,118,200,565.5783081054688,553.8535766601562,569.565673828125,565.2752685546875,15.71209716796875
amp250_freq26,119,200,562.421875,549.7032470703125,566.741455078125,562.08544921875,17.0382080078125
amp250_freq26,120,200,549.6638793945312,537.696533203125,553.7299194335938,549.3798217773438,16.03338623046875
amp250_freq26,121,200,488.2295837402344,478.8678283691406,491.1216125488281,488.84893798828125,12.2537841796875
amp250_freq26,122,200,402.9866943359375,396.7317199707031,404.060546875,405.9675598144531,7.328826904296875
amp250_freq26,123,200,353.5328674316406,348.858154296875,353.3722229003906,358.6375732421875,4.514068603515625
amp250_freq26,124,200,340.3442077636719,334.8608093261719,339.7766418457031,347.51361083984375,4.91583251953125
amp250_freq26,125,200,359.2238464355469,351.2322998046875,358.365234375,369.760986328125,7.1329345703125
amp250_freq26,126,200,562.0286254882812,551.5189208984375,559.962158203125,578.6694946289062,8.4432373046875
amp250_freq26,127,200,512.4482421875,500.42333984375,511.09912109375,528.4373168945312,10.67578125
amp250_freq5,0,200,1507.7889404296875,1495.1025390625,1504.2618408203125,1530.9129638671875,9.1593017578125
amp250_freq5,1,200,1476.9801025390625,1465.7445068359375,1473.105712890625,1499.58935546875,7.3612060546875
amp250_freq5,2,200,1474.74560546875,1463.323974609375,1470.6510009765625,1498.24072265625,7.3270263671875
amp250_freq5,3,200,1527.4844970703125,1512.423583984375,1524.24755859375,1552.14404296875,11.823974609375
amp250_freq5,4,200,1630.663330078125,1605.9395751953125,1630.1536865234375,1656.74951171875,24.214111328125
amp250_freq5,5,200,1759.4144287109375,1718.5880126953125,1763.07421875,1789.001708984375,44.4862060546875
amp250_freq5,6,200,1792.935302734375,1738.85546875,1801.4759521484375,1821.0107421875,62.6204833984375
amp250_freq5,7,200,1737.596923828125,1678.26416015625,1749.1834716796875,1761.9248046875,70.9193115234375
amp250_freq5,8,200,1545.6375732421875,1485.4541015625,1559.9237060546875,1562.7135009765625,74.4696044921875
amp250_freq5,9,200,1302.3680419921875,1248.4898681640625,1316.79296875,1312.8157958984375,68.3031005859375
amp250_freq5,10,200,1077.4727783203125,1037.500244140625,1088.612060546875,1083.8719482421875,51.11181640625
amp250_freq5,11,200,912.5521240234375,886.0205688476562,918.82080078125,920.1266479492188,32.80023193359375
amp250_freq5,12,200,801.8643188476562,787.317138671875,804.2113037109375,809.323486328125,16.8941650390625
amp250_freq5,13,200,755.9332275390625,745.8685913085938,757.0578002929688,762.4800415039062,11.189208984375
amp250_freq5,14,200,739.3442993164062,732.1597290039062,739.7835693359375,745.167724609375,7.62384033203125
amp250_freq5,15,200,740.4951782226562,734.6860961914062,740.4946899414062,746.242919921875,5.80859375
amp250_freq5,16,200,599.361083984375,603.1703491210938,594.5223999023438,609.9646606445312,-8.64794921875
amp250_freq5,17,200,598.7604370117188,602.6015014648438,593.0711059570312,611.9073486328125,-9.5303955078125
amp250_freq5,18,200,616.2627563476562,619.3385620117188,609.6490478515625,632.9830322265625,-9.68951416015625
amp250_freq5,19,200,634.484130859375,635.4039306640625,627.6163330078125,654.1250610351562,-7.78759765625
amp250_freq5,20,200,666.5398559570312,665.3753662109375,659.7518920898438,687.99560546875,-5.62347412109375
amp250_freq5,21,200,711.4183959960938,707.2772827148438,705.2623291015625,733.9369506835938,-2.01495361328125
amp250_freq5,22,200,763.7372436523438,757.3685913085938,758.3076782226562,786.3058471679688,0.9390869140625
amp250_freq5,23,200,837.2235107421875,828.6257934570312,832.9913940429688,858.4356689453125,4.3656005859375
amp250_freq5,24,200,1196.43994140625,1179.232666015625,1195.1253662109375,1217.4512939453125,15.8927001953125
amp250_freq5,25,200,1195.6605224609375,1178.5667724609375,1194.3531494140625,1216.5941162109375,15.786376953125
amp250_freq5,26,200,1196.486083984375,1179.2738037109375,1195.1727294921875,1217.4658203125,15.89892578125
amp250_freq5,27,200,1192.75341796875,1175.258544921875,1191.507080078125,1213.7830810546875,16.24853515625
amp250_freq5,28,200,1198.1171875,1180.8834228515625,1196.7452392578125,1219.311767578125,15.86181640625
amp250_freq5,29,200,1519.9290771484375,1501.0875244140625,1517.800048828125,1544.929931640625,16.7125244140625
amp250_freq5,30,200,1544.0531005859375,1527.57861328125,1541.2186279296875,1568.982177734375,13.6400146484375
amp250_freq5,31,200,1517.3800048828125,1503.145751953125,1514.1329345703125,1541.1826171875,10.9871826171875
amp250_freq5,32,200,1784.8182373046875,1760.305419921875,1781.80859375,1818.217529296875,21.503173828125
amp250_freq5,33,200,1829.4617919921875,1807.239990234375,1825.9361572265625,1861.9041748046875,18.6961669921875
amp250_freq5,34,200,1775.3587646484375,1755.4857177734375,1771.9521484375,1805.140625,16.4664306640625
amp250_freq5,35,200,1697.6087646484375,1679.5689697265625,1694.4776611328125,1724.77880859375,14.90869140625
amp250_freq5,36,200,1622.3646240234375,1605.3414306640625,1619.5859375,1647.4381103515625,14.2445068359375
amp250_freq5,37,200,1562.19921875,1545.255126953125,1559.9503173828125,1585.666259765625,14.6951904296875
amp250_freq5,38,200,1530.3909912109375,1513.0650634765625,1528.6884765625,1552.6773681640625,15.6234130859375
amp250_freq5,39,200,1519.5516357421875,1500.92236328125,1518.3167724609375,1541.7041015625,17.3944091796875
amp250_freq5,40,200,1528.6083984375,1507.8133544921875,1527.8636474609375,1551.5157470703125,20.05029296875
amp250_freq5,41,200,1553.18896484375,1529.494384765625,1552.680908203125,1578.1456298828125,23.1865234375
amp250_freq5,42,200,1603.244384765625,1575.1077880859375,1603.4476318359375,1630.559814453125,28.33984375
amp250_freq5,43,200,1633.7774658203125,1601.746337890625,1635.1822509765625,1661.5574951171875,33.4359130859375
amp250_freq5,44,200,1496.2122802734375,1462.227294921875,1498.5657958984375,1522.9200439453125,36.3385009765625
amp250_freq5,45,200,1222.3077392578125,1191.96337890625,1224.7081298828125,1245.3494873046875,32.7447509765625
amp250_freq5,46,200,941.302978515625,917.2235717773438,942.9867553710938,960.1620483398438,25.76318359375
amp250_freq5,47,200,753.5205688476562,734.2418212890625,755.2177734375,767.530029296875,20.9759521484375
amp250_freq5,48,200,637.489990234375,626.605712890625,638.868408203125,644.1636352539062,12.2626953125
amp250_freq5,49,200,566.7808837890625,559.0072021484375,567.0869140625,573.5648193359375,8.0797119140625
amp250_freq5,50,200,508.48681640625,505.2350769042969,507.3121643066406,515.1817016601562,2.07708740234375
amp250_freq5,51,200,482.6048583984375,482.2051696777344,480.2892761230469,489.9255676269531,-1.9158935546875
amp250_freq5,52,200,470.02911376953125,471.7046203613281,466.49639892578125,478.8581237792969,-5.208221435546875
amp250_freq5,53,200,468.9855041503906,471.9585266113281,464.57147216796875,479.1753845214844,-7.387054443359375
amp250_freq5,54,200,482.3887939453125,485.3906555175781,477.1353454589844,495.0906677246094,-8.25531005859375
amp250_freq5,55,200,512.1971435546875,514.3654174804688,506.36956787109375,527.47021484375,-7.995849609375
amp250_freq5,56,200,560.5933837890625,561.1912841796875,554.5615234375,578.0258178710938,-6.6297607421875
amp250_freq5,57,200,624.4456176757812,622.606201171875,618.6597900390625,643.5933837890625,-3.9464111328125
amp250_freq5,58,200,695.5040893554688,691.1366577148438,690.1399536132812,715.94384765625,-0.9967041015625
amp250_freq5,59,200,805.6917724609375,798.12060546875,800.57470703125,828.51171875,2.4541015625
amp250_freq5,60,200,950.7901611328125,939.6306762695312,946.1854858398438,975.6484375,6.5548095703125
amp250_freq5,61,200,1126.6751708984375,1110.64013671875,1122.899658203125,1153.87890625,12.259521484375
amp250_freq5,62,200,1479.50244140625,1454.8790283203125,1477.044677734375,1511.2611083984375,22.1656494140625
amp250_freq5,63,200,1480.9111328125,1455.6990966796875,1478.5242919921875,1512.9852294921875,22.8251953125
amp250_freq5,64,200,1476.6114501953125,1452.1153564453125,1474.2188720703125,1508.12841796875,22.103515625
amp250_freq5,65,200,1675.7515869140625,1647.19287109375,1674.465087890625,1708.02294921875,27.272216796875
amp250_freq5,66,200,1797.8392333984375,1769.1993408203125,1796.4652099609375,1830.2535400390625,27.265869140625
amp250_freq5,67,200,1812.40673828125,1787.142822265625,1810.1688232421875,1844.13818359375,23.0260009765625
amp250_freq5,68,200,858.9817504882812,836.0481567382812,860.103271484375,878.4215087890625,24.05511474609375
amp250_freq5,69,200,571.3732299804688,550.3795166015625,572.858642578125,587.8403930664062,22.4791259765625
amp250_freq5,70,200,538.36328125,520.5611572265625,540.20458984375,550.6069946289062,19.6434326171875
amp250_freq5,71,200,745.8782348632812,724.0999755859375,747.7127685546875,762.053955078125,23.61279296875
amp250_freq5,72,200,1561.605224609375,1536.495361328125,1562.126220703125,1584.8837890625,25.630859375
amp250_freq5,73,200,737.9701538085938,717.4680786132812,739.7551879882812,753.0120849609375,22.287109375
amp250_freq5,74,200,526.3818969726562,501.5039978027344,529.17919921875,542.8075561523438,27.675201416015625
amp250_freq5,75,200,550.0245361328125,523.339599609375,553.7190551757812,565.570068359375,30.37945556640625
amp250_freq5,76,200,793.5873413085938,763.5423583984375,797.6342163085938,811.359375,34.09185791015625
amp250_freq5,77,200,1570.74755859375,1531.072265625,1574.631103515625,1598.58154296875,43.558837890625
amp250_freq5,78,200,1272.2132568359375,1236.8626708984375,1275.8201904296875,1296.6593017578125,38.95751953125
amp250_freq5,79,200,555.4874267578125,538.2908325195312,556.9427490234375,568.252685546875,18.65191650390625
amp250_freq5,80,200,307.44146728515625,306.4682312011719,305.2239685058594,315.0284423828125,-1.2442626953125
amp250_freq5,81,200,641.3626708984375,632.2955322265625,642.6429443359375,646.5106811523438,10.347412109375
amp250_freq5,82,200,630.270751953125,620.1268920898438,631.6380004882812,636.2645874023438,11.5111083984375
amp250_freq5,83,200,617.6510009765625,607.2432861328125,618.9537963867188,624.0800170898438,11.71051025390625
amp250_freq5,84,200,577.9224243164062,568.7713623046875,578.6376342773438,584.818603515625,9.86627197265625
amp250_freq5,85,200,509.6075134277344,504.42010498046875,508.8997497558594,516.8310546875,4.479644775390625
amp250_freq5,86,200,463.8126220703125,463.183837890625,461.2471618652344,472.07012939453125,-1.936676025390625
amp250_freq5,87,200,449.5601806640625,451.2412414550781,445.7330322265625,459.28912353515625,-5.508209228515625
amp250_freq5,88,200,239.24554443359375,238.35035705566406,237.37442016601562,245.7223663330078,-0.9759368896484375
amp250_freq5,89,200,187.86080932617188,182.58035278320312,187.3670196533203,194.6041717529297,4.7866668701171875
amp250_freq5,90,200,202.5319366455078,195.2139129638672,202.21310424804688,210.7743682861328,6.9991912841796875
amp250_freq5,91,200,240.96693420410156,231.04095458984375,240.86293029785156,251.1876220703125,9.821975708007812
amp250_freq5,92,200,318.9476013183594,308.03387451171875,318.1993713378906,332.0622863769531,10.165496826171875
amp250_freq5,93,200,492.4831848144531,481.01251220703125,490.7850341796875,508.98394775390625,9.77252197265625
amp250_freq5,94,200,948.6245727539062,936.5044555664062,944.4259033203125,973.2178344726562,7.92144775390625
amp250_freq5,95,200,1148.2147216796875,1130.5162353515625,1145.04541015625,1175.221435546875,14.5291748046875
amp250_freq5,96,200,611.2254028320312,607.01611328125,606.35986328125,629.9432373046875,-0.65625
amp250_freq5,97,200,748.2069091796875,741.066650390625,743.578857421875,769.115478515625,2.51220703125
amp250_freq5,98,200,901.6229858398438,890.1038818359375,897.6389770507812,924.9722290039062,7.53509521484375
amp250_freq5,99,200,1040.9345703125,1026.1810302734375,1037.31005859375,1066.442138671875,11.1290283203125
amp250_freq5,100,200,1180.2261962890625,1162.204833984375,1177.0504150390625,1207.6328125,14.8455810546875
amp250_freq5,101,200,1305.51513671875,1284.72265625,1302.6968994140625,1334.643310546875,17.9742431640625
amp250_freq5,102,200,1403.490966796875,1380.8062744140625,1400.7708740234375,1434.234375,19.964599609375
amp250_freq5,103,200,1426.5439453125,1402.4664306640625,1424.4576416015625,1456.7454833984375,21.9912109375
amp250_freq5,104,200,1406.8519287109375,1382.8299560546875,1405.08251953125,1436.021484375,22.2525634765625
amp250_freq5,105,200,1383.53076171875,1358.7598876953125,1382.1195068359375,1412.39697265625,23.359619140625
amp250_freq5,106,200,1323.9200439453125,1299.6197509765625,1322.6318359375,1351.955810546875,23.0120849609375
amp250_freq5,107,200,1234.8822021484375,1211.588623046875,1233.5421142578125,1262.036865234375,21.9534912109375
amp250_freq5,108,200,1128.6595458984375,1106.4354248046875,1127.672119140625,1153.7108154296875,21.2366943359375
amp250_freq5,109,200,1000.0632934570312,979.14306640625,999.313232421875,1023.1373901367188,20.170166015625
amp250_freq5,110,200,842.5576171875,824.5110473632812,841.9113159179688,862.3987426757812,17.4002685546875
amp250_freq5,111,200,724.2232055664062,708.302978515625,723.7991333007812,741.3186645507812,15.49615478515625
amp250_freq5,112,200,557.4633178710938,548.414794921875,559.1690063476562,561.333251953125,10.75421142578125
amp250_freq5,113,200,563.2379150390625,554.2634887695312,564.8449096679688,567.3200073242188,10.5814208984375
amp250_freq5,114,200,411.3005676269531,403.41461181640625,412.63623046875,415.12762451171875,9.22161865234375
amp250_freq5,115,200,571.8380737304688,562.3216552734375,573.4512939453125,576.4203491210938,11.129638671875
amp250_freq5,116,200,565.4545288085938,555.1197509765625,567.2078247070312,570.4195556640625,12.08807373046875
amp250_freq5,117,200,560.7007446289062,549.2828979492188,562.6531982421875,566.1724853515625,13.37030029296875
amp250_freq5,118,200,559.3985595703125,546.8193359375,561.6346435546875,565.1902465820312,14.8153076171875
amp250_freq5,119,200,556.5291748046875,543.3441162109375,558.6615600585938,563.2716064453125,15.31744384765625
amp250_freq5,120,200,543.87451171875,531.3555908203125,545.739013671875,550.748046875,14.3834228515625
amp250_freq5,121,200,482.7441711425781,473.36297607421875,483.6387939453125,489.365966796875,10.27581787109375
amp250_freq5,122,200,398.42572021484375,394.3329772949219,397.68096923828125,404.67913818359375,3.347991943359375
amp250_freq5,123,200,349.328369140625,349.2105712890625,347.144287109375,355.96453857421875,-2.0662841796875
amp250_freq5,124,200,335.1542663574219,337.3702087402344,331.6329650878906,343.4631652832031,-5.73724365234375
amp250_freq5,125,200,351.7342834472656,354.2912902832031,347.1672058105469,362.852294921875,-7.12408447265625
amp250_freq5,126,200,553.7549438476562,551.8193359375,548.423583984375,571.568359375,-3.395751953125
amp250_freq5,127,200,502.03631591796875,500.42950439453125,496.9350891113281,518.8363037109375,-3.494415283203125
